  0
SECTION
  2
HEADER
  9
$ANGBASE
  50
0.0
  9
$ANGDIR
  70
1
  9
$MEASUREMENT
  70
0
  0
ENDSEC
  0
SECTION
  2
TABLES
  0
TABLE
  2
LTYPE
  70
4
  0
LTYPE
  5
40F
  2
CONTINUOUS
  70
0
  3
Solid line
  72
65
  73
0
  40
0.0
  0
LTYPE
  5
410
  2
DASHDOT
 70
0
  3
Dash Dot ____ _ ____ _
 72
65
 73
4
 40
2.0
 49
1.25
 49
-0.25
 49
0.25
 49
-0.25
  0
LTYPE
  5
411
  2
DASHED
 70
0
  3
Dashed __ __ __ __ __
 72
65
 73
2
 40
0.75
 49
0.5
 49
-0.25
  0
LTYPE
  5
43B
  2
DOTTED
 70
0
  3
Dotted .  .  .  .
 72
65
 73
2
 40
0.2
 49
0.0
 49
-0.2
  0
ENDTAB
  0
TABLE
  2
STYLE
  70
4
  0
STYLE
  2
KICAD
  70
0
  40
0
  41
1
  42
1
  50
0
  71
0
  3
isocp.shx
  0
STYLE
  2
KICADB
  70
0
  40
0
  41
1
  42
1
  50
0
  71
0
  3
isocp.shx
  0
STYLE
  2
KICADI
  70
0
  40
0
  41
1
  42
1
  50
15
  71
0
  3
isocp.shx
  0
STYLE
  2
KICADBI
  70
0
  40
0
  41
1
  42
1
  50
15
  71
0
  3
isocp.shx
  0
ENDTAB
  0
TABLE
  2
LAYER
  70
1
  0
LAYER
  2
BLACK
  70
0
  62
7
  6
CONTINUOUS
  0
ENDTAB
  0
ENDSEC
  0
SECTION
  2
ENTITIES
0
LINE
8
BLACK
6
CONTINUOUS
10
1.1425000000000001
20
0.0675
11
1.0774999999999999
21
0.0675
0
LINE
8
BLACK
6
CONTINUOUS
10
1.0774999999999999
20
0.0675
11
1.0774999999999999
21
0.1325
0
LINE
8
BLACK
6
CONTINUOUS
10
1.0774999999999999
20
0.1325
11
1.1425000000000001
21
0.1325
0
LINE
8
BLACK
6
CONTINUOUS
10
1.1425000000000001
20
0.1325
11
1.1425000000000001
21
0.0675
0
LINE
8
BLACK
6
CONTINUOUS
10
1.2424999999999999
20
0.0675
11
1.1775
21
0.0675
0
LINE
8
BLACK
6
CONTINUOUS
10
1.1775
20
0.0675
11
1.1775
21
0.1325
0
LINE
8
BLACK
6
CONTINUOUS
10
1.1775
20
0.1325
11
1.2424999999999999
21
0.1325
0
LINE
8
BLACK
6
CONTINUOUS
10
1.2424999999999999
20
0.1325
11
1.2424999999999999
21
0.0675
0
LINE
8
BLACK
6
CONTINUOUS
10
1.3425
20
0.0675
11
1.2775000000000001
21
0.0675
0
LINE
8
BLACK
6
CONTINUOUS
10
1.2775000000000001
20
0.0675
11
1.2775000000000001
21
0.1325
0
LINE
8
BLACK
6
CONTINUOUS
10
1.2775000000000001
20
0.1325
11
1.3425
21
0.1325
0
LINE
8
BLACK
6
CONTINUOUS
10
1.3425
20
0.1325
11
1.3425
21
0.0675
0
LINE
8
BLACK
6
CONTINUOUS
10
1.4424999999999999
20
0.0675
11
1.3774999999999999
21
0.0675
0
LINE
8
BLACK
6
CONTINUOUS
10
1.3774999999999999
20
0.0675
11
1.3774999999999999
21
0.1325
0
LINE
8
BLACK
6
CONTINUOUS
10
1.3774999999999999
20
0.1325
11
1.4424999999999999
21
0.1325
0
LINE
8
BLACK
6
CONTINUOUS
10
1.4424999999999999
20
0.1325
11
1.4424999999999999
21
0.0675
0
LINE
8
BLACK
6
CONTINUOUS
10
1.5425
20
0.0675
11
1.4775
21
0.0675
0
LINE
8
BLACK
6
CONTINUOUS
10
1.4775
20
0.0675
11
1.4775
21
0.1325
0
LINE
8
BLACK
6
CONTINUOUS
10
1.4775
20
0.1325
11
1.5425
21
0.1325
0
LINE
8
BLACK
6
CONTINUOUS
10
1.5425
20
0.1325
11
1.5425
21
0.0675
0
LINE
8
BLACK
6
CONTINUOUS
10
1.1425000000000001
20
0.1675
11
1.0774999999999999
21
0.1675
0
LINE
8
BLACK
6
CONTINUOUS
10
1.0774999999999999
20
0.1675
11
1.0774999999999999
21
0.2325
0
LINE
8
BLACK
6
CONTINUOUS
10
1.0774999999999999
20
0.2325
11
1.1425000000000001
21
0.2325
0
LINE
8
BLACK
6
CONTINUOUS
10
1.1425000000000001
20
0.2325
11
1.1425000000000001
21
0.1675
0
LINE
8
BLACK
6
CONTINUOUS
10
1.2424999999999999
20
0.1675
11
1.1775
21
0.1675
0
LINE
8
BLACK
6
CONTINUOUS
10
1.1775
20
0.1675
11
1.1775
21
0.2325
0
LINE
8
BLACK
6
CONTINUOUS
10
1.1775
20
0.2325
11
1.2424999999999999
21
0.2325
0
LINE
8
BLACK
6
CONTINUOUS
10
1.2424999999999999
20
0.2325
11
1.2424999999999999
21
0.1675
0
LINE
8
BLACK
6
CONTINUOUS
10
1.3425
20
0.1675
11
1.2775000000000001
21
0.1675
0
LINE
8
BLACK
6
CONTINUOUS
10
1.2775000000000001
20
0.1675
11
1.2775000000000001
21
0.2325
0
LINE
8
BLACK
6
CONTINUOUS
10
1.2775000000000001
20
0.2325
11
1.3425
21
0.2325
0
LINE
8
BLACK
6
CONTINUOUS
10
1.3425
20
0.2325
11
1.3425
21
0.1675
0
LINE
8
BLACK
6
CONTINUOUS
10
1.4424999999999999
20
0.1675
11
1.3774999999999999
21
0.1675
0
LINE
8
BLACK
6
CONTINUOUS
10
1.3774999999999999
20
0.1675
11
1.3774999999999999
21
0.2325
0
LINE
8
BLACK
6
CONTINUOUS
10
1.3774999999999999
20
0.2325
11
1.4424999999999999
21
0.2325
0
LINE
8
BLACK
6
CONTINUOUS
10
1.4424999999999999
20
0.2325
11
1.4424999999999999
21
0.1675
0
LINE
8
BLACK
6
CONTINUOUS
10
1.5425
20
0.1675
11
1.4775
21
0.1675
0
LINE
8
BLACK
6
CONTINUOUS
10
1.4775
20
0.1675
11
1.4775
21
0.2325
0
LINE
8
BLACK
6
CONTINUOUS
10
1.4775
20
0.2325
11
1.5425
21
0.2325
0
LINE
8
BLACK
6
CONTINUOUS
10
1.5425
20
0.2325
11
1.5425
21
0.1675
0
LINE
8
BLACK
6
CONTINUOUS
10
1.1599999999999999
20
0.255
11
1.21
21
0.255
0
LINE
8
BLACK
6
CONTINUOUS
10
1.21
20
0.255
11
1.3100000000000001
21
0.255
0
LINE
8
BLACK
6
CONTINUOUS
10
1.3100000000000001
20
0.255
11
1.51
21
0.255
0
LINE
8
BLACK
6
CONTINUOUS
10
1.51
20
0.255
11
1.5600000000000001
21
0.255
0
LINE
8
BLACK
6
CONTINUOUS
10
1.5600000000000001
20
0.255
11
1.5614086614173228
21
0.2547974803149606
0
LINE
8
BLACK
6
CONTINUOUS
10
1.5614086614173228
20
0.2547974803149606
11
1.5617157874015748
21
0.2546000787401575
0
LINE
8
BLACK
6
CONTINUOUS
10
1.5617157874015748
20
0.2546000787401575
11
1.5620770866141731
21
0.2545481496062992
0
LINE
8
BLACK
6
CONTINUOUS
10
1.5620770866141731
20
0.2545481496062992
11
1.5628823228346456
21
0.2538503543307087
0
LINE
8
BLACK
6
CONTINUOUS
10
1.5628823228346456
20
0.2538503543307087
11
1.5637787401574803
21
0.2532742913385826
0
LINE
8
BLACK
6
CONTINUOUS
10
1.5637787401574803
20
0.2532742913385826
11
1.5639303543307086
21
0.2529422047244094
0
LINE
8
BLACK
6
CONTINUOUS
10
1.5639303543307086
20
0.2529422047244094
11
1.5642062598425197
21
0.2527031889763779
0
LINE
8
BLACK
6
CONTINUOUS
10
1.5642062598425197
20
0.2527031889763779
11
1.5645064566929134
21
0.2516807874015748
0
LINE
8
BLACK
6
CONTINUOUS
10
1.5645064566929134
20
0.2516807874015748
11
1.564949094488189
21
0.2507115748031496
0
LINE
8
BLACK
6
CONTINUOUS
10
1.564949094488189
20
0.2507115748031496
11
1.5648971259842519
21
0.2503502755905512
0
LINE
8
BLACK
6
CONTINUOUS
10
1.5648971259842519
20
0.2503502755905512
11
1.5649999999999999
21
0.25
0
LINE
8
BLACK
6
CONTINUOUS
10
1.5649999999999999
20
0.25
11
1.5649999999999999
21
0.05
0
LINE
8
BLACK
6
CONTINUOUS
10
1.5649999999999999
20
0.05
11
1.5647974803149607
21
0.0485913385826772
0
LINE
8
BLACK
6
CONTINUOUS
10
1.5647974803149607
20
0.0485913385826772
11
1.5646000787401575
21
0.0482841732283465
0
LINE
8
BLACK
6
CONTINUOUS
10
1.5646000787401575
20
0.0482841732283465
11
1.5645481496062992
21
0.0479229133858268
0
LINE
8
BLACK
6
CONTINUOUS
10
1.5645481496062992
20
0.0479229133858268
11
1.5638503543307087
21
0.0471176377952756
0
LINE
8
BLACK
6
CONTINUOUS
10
1.5638503543307087
20
0.0471176377952756
11
1.5632742913385826
21
0.0462212598425197
0
LINE
8
BLACK
6
CONTINUOUS
10
1.5632742913385826
20
0.0462212598425197
11
1.5629422047244095
21
0.0460696062992126
0
LINE
8
BLACK
6
CONTINUOUS
10
1.5629422047244095
20
0.0460696062992126
11
1.5627031889763778
21
0.0457937401574803
0
LINE
8
BLACK
6
CONTINUOUS
10
1.5627031889763778
20
0.0457937401574803
11
1.5616807874015748
21
0.0454935039370079
0
LINE
8
BLACK
6
CONTINUOUS
10
1.5616807874015748
20
0.0454935039370079
11
1.5607115748031495
21
0.045050905511811
0
LINE
8
BLACK
6
CONTINUOUS
10
1.5607115748031495
20
0.045050905511811
11
1.5603502755905512
21
0.0451028346456693
0
LINE
8
BLACK
6
CONTINUOUS
10
1.5603502755905512
20
0.0451028346456693
11
1.5600000000000001
21
0.045
0
LINE
8
BLACK
6
CONTINUOUS
10
1.5600000000000001
20
0.045
11
1.46
21
0.045
0
LINE
8
BLACK
6
CONTINUOUS
10
1.46
20
0.045
11
1.3599999999999999
21
0.045
0
LINE
8
BLACK
6
CONTINUOUS
10
1.3599999999999999
20
0.045
11
1.26
21
0.045
0
LINE
8
BLACK
6
CONTINUOUS
10
1.26
20
0.045
11
1.0600000000000001
21
0.045
0
LINE
8
BLACK
6
CONTINUOUS
10
1.0600000000000001
20
0.045
11
1.0585913385826771
21
0.0452025196850394
0
LINE
8
BLACK
6
CONTINUOUS
10
1.0585913385826771
20
0.0452025196850394
11
1.0582841732283463
21
0.0453998818897638
0
LINE
8
BLACK
6
CONTINUOUS
10
1.0582841732283463
20
0.0453998818897638
11
1.0579229133858268
21
0.0454518503937008
0
LINE
8
BLACK
6
CONTINUOUS
10
1.0579229133858268
20
0.0454518503937008
11
1.0571176377952756
21
0.0461496062992126
0
LINE
8
BLACK
6
CONTINUOUS
10
1.0571176377952756
20
0.0461496062992126
11
1.0562212598425196
21
0.0467257086614173
0
LINE
8
BLACK
6
CONTINUOUS
10
1.0562212598425196
20
0.0467257086614173
11
1.0560696062992125
21
0.0470577559055118
0
LINE
8
BLACK
6
CONTINUOUS
10
1.0560696062992125
20
0.0470577559055118
11
1.0557937401574804
21
0.047296811023622
0
LINE
8
BLACK
6
CONTINUOUS
10
1.0557937401574804
20
0.047296811023622
11
1.0554935039370079
21
0.0483191732283465
0
LINE
8
BLACK
6
CONTINUOUS
10
1.0554935039370079
20
0.0483191732283465
11
1.0550509055118109
21
0.0492884251968504
0
LINE
8
BLACK
6
CONTINUOUS
10
1.0550509055118109
20
0.0492884251968504
11
1.0551028346456692
21
0.0496496850393701
0
LINE
8
BLACK
6
CONTINUOUS
10
1.0551028346456692
20
0.0496496850393701
11
1.0549999999999999
21
0.05
0
LINE
8
BLACK
6
CONTINUOUS
10
1.0549999999999999
20
0.05
11
1.0549999999999999
21
0.15
0
LINE
8
BLACK
6
CONTINUOUS
10
1.0549999999999999
20
0.15
11
1.0549999999999999
21
0.25
0
LINE
8
BLACK
6
CONTINUOUS
10
1.0549999999999999
20
0.25
11
1.0552025196850394
21
0.2514086614173228
0
LINE
8
BLACK
6
CONTINUOUS
10
1.0552025196850394
20
0.2514086614173228
11
1.0553998818897639
21
0.2517157874015748
0
LINE
8
BLACK
6
CONTINUOUS
10
1.0553998818897639
20
0.2517157874015748
11
1.0554518503937007
21
0.2520770866141732
0
LINE
8
BLACK
6
CONTINUOUS
10
1.0554518503937007
20
0.2520770866141732
11
1.0561496062992126
21
0.2528823228346457
0
LINE
8
BLACK
6
CONTINUOUS
10
1.0561496062992126
20
0.2528823228346457
11
1.0567257086614172
21
0.2537787401574803
0
LINE
8
BLACK
6
CONTINUOUS
10
1.0567257086614172
20
0.2537787401574803
11
1.0570577559055119
21
0.2539303543307087
0
LINE
8
BLACK
6
CONTINUOUS
10
1.0570577559055119
20
0.2539303543307087
11
1.0572968110236221
21
0.2542062598425197
0
LINE
8
BLACK
6
CONTINUOUS
10
1.0572968110236221
20
0.2542062598425197
11
1.0583191732283463
21
0.2545064566929134
0
LINE
8
BLACK
6
CONTINUOUS
10
1.0583191732283463
20
0.2545064566929134
11
1.0592884251968504
21
0.254949094488189
0
LINE
8
BLACK
6
CONTINUOUS
10
1.0592884251968504
20
0.254949094488189
11
1.05964968503937
21
0.254897125984252
0
LINE
8
BLACK
6
CONTINUOUS
10
1.05964968503937
20
0.254897125984252
11
1.0600000000000001
21
0.255
0
LINE
8
BLACK
6
CONTINUOUS
10
1.0600000000000001
20
0.255
11
1.1599999999999999
21
0.255
0
LINE
8
BLACK
6
CONTINUOUS
10
1.0649999999999999
20
0.245
11
1.0649999999999999
21
0.15
0
LINE
8
BLACK
6
CONTINUOUS
10
1.0649999999999999
20
0.15
11
1.0649999999999999
21
0.055
0
LINE
8
BLACK
6
CONTINUOUS
10
1.0649999999999999
20
0.055
11
1.3599999999999999
21
0.055
0
LINE
8
BLACK
6
CONTINUOUS
10
1.3599999999999999
20
0.055
11
1.46
21
0.055
0
LINE
8
BLACK
6
CONTINUOUS
10
1.46
20
0.055
11
1.5549999999999999
21
0.055
0
LINE
8
BLACK
6
CONTINUOUS
10
1.5549999999999999
20
0.055
11
1.5549999999999999
21
0.245
0
LINE
8
BLACK
6
CONTINUOUS
10
1.5549999999999999
20
0.245
11
1.46
21
0.245
0
LINE
8
BLACK
6
CONTINUOUS
10
1.46
20
0.245
11
1.4099999999999999
21
0.245
0
LINE
8
BLACK
6
CONTINUOUS
10
1.4099999999999999
20
0.245
11
1.3100000000000001
21
0.245
0
LINE
8
BLACK
6
CONTINUOUS
10
1.3100000000000001
20
0.245
11
1.21
21
0.245
0
LINE
8
BLACK
6
CONTINUOUS
10
1.21
20
0.245
11
1.1599999999999999
21
0.245
0
LINE
8
BLACK
6
CONTINUOUS
10
1.1599999999999999
20
0.245
11
1.0649999999999999
21
0.245
0
LINE
8
BLACK
6
CONTINUOUS
10
1.0334325196850394
20
0.1099220472440945
11
1.0342099606299213
21
0.1099220472440945
0
LINE
8
BLACK
6
CONTINUOUS
10
1.0342099606299213
20
0.1099220472440945
11
1.0348832283464566
21
0.1095333070866142
0
LINE
8
BLACK
6
CONTINUOUS
10
1.0348832283464566
20
0.1095333070866142
11
1.0356342913385828
21
0.1093320866141732
0
LINE
8
BLACK
6
CONTINUOUS
10
1.0356342913385828
20
0.1093320866141732
11
1.0361840157480315
21
0.1087823228346457
0
LINE
8
BLACK
6
CONTINUOUS
10
1.0361840157480315
20
0.1087823228346457
11
1.0368573228346456
21
0.1083936220472441
0
LINE
8
BLACK
6
CONTINUOUS
10
1.0368573228346456
20
0.1083936220472441
11
1.0396694881889763
21
0.1055814960629921
0
LINE
8
BLACK
6
CONTINUOUS
10
1.0396694881889763
20
0.1055814960629921
11
1.0403481496062992
21
0.1044059842519685
0
LINE
8
BLACK
6
CONTINUOUS
10
1.0403481496062992
20
0.1044059842519685
11
1.0410961811023622
21
0.1032731102362205
0
LINE
8
BLACK
6
CONTINUOUS
10
1.0410961811023622
20
0.1032731102362205
11
1.0439083070866142
21
0.0948366535433071
0
LINE
8
BLACK
6
CONTINUOUS
10
1.0439083070866142
20
0.0948366535433071
11
1.0439652755905511
21
0.0938874803149606
0
LINE
8
BLACK
6
CONTINUOUS
10
1.0439652755905511
20
0.0938874803149606
11
1.0442113385826772
21
0.0929691732283465
0
LINE
8
BLACK
6
CONTINUOUS
10
1.0442113385826772
20
0.0929691732283465
11
1.0442113385826772
21
0.0873448818897638
0
LINE
8
BLACK
6
CONTINUOUS
10
1.0442113385826772
20
0.0873448818897638
11
1.0439652755905511
21
0.0864265354330709
0
LINE
8
BLACK
6
CONTINUOUS
10
1.0439652755905511
20
0.0864265354330709
11
1.0439083070866142
21
0.0854774015748031
0
LINE
8
BLACK
6
CONTINUOUS
10
1.0439083070866142
20
0.0854774015748031
11
1.0410961811023622
21
0.0770409448818898
0
LINE
8
BLACK
6
CONTINUOUS
10
1.0410961811023622
20
0.0770409448818898
11
1.0403482283464567
21
0.0759081496062992
0
LINE
8
BLACK
6
CONTINUOUS
10
1.0403482283464567
20
0.0759081496062992
11
1.0396695275590551
21
0.0747325984251968
0
LINE
8
BLACK
6
CONTINUOUS
10
1.0396695275590551
20
0.0747325984251968
11
1.0340451968503936
21
0.0691083070866142
0
LINE
8
BLACK
6
CONTINUOUS
10
1.0340451968503936
20
0.0691083070866142
11
1.0332217716535432
21
0.068632874015748
0
LINE
8
BLACK
6
CONTINUOUS
10
1.0332217716535432
20
0.068632874015748
11
1.0325103937007873
21
0.0680020866141732
0
LINE
8
BLACK
6
CONTINUOUS
10
1.0325103937007873
20
0.0680020866141732
11
1.0268861023622047
21
0.0651899212598425
0
LINE
8
BLACK
6
CONTINUOUS
10
1.0268861023622047
20
0.0651899212598425
11
1.0262473228346456
21
0.0650591732283465
0
LINE
8
BLACK
6
CONTINUOUS
10
1.0262473228346456
20
0.0650591732283465
11
1.0256773622047244
21
0.0647427952755906
0
LINE
8
BLACK
6
CONTINUOUS
10
1.0256773622047244
20
0.0647427952755906
11
1.0144287795275591
21
0.0619306692913386
0
LINE
8
BLACK
6
CONTINUOUS
10
1.0144287795275591
20
0.0619306692913386
11
1.0137003149606298
21
0.0619429133858268
0
LINE
8
BLACK
6
CONTINUOUS
10
1.0137003149606298
20
0.0619429133858268
11
1.012996496062992
21
0.0617543307086614
0
LINE
8
BLACK
6
CONTINUOUS
10
1.012996496062992
20
0.0617543307086614
11
1.0045600393700787
21
0.0617543307086614
0
LINE
8
BLACK
6
CONTINUOUS
10
1.0045600393700787
20
0.0617543307086614
11
1.0038561811023621
21
0.0619429133858268
0
LINE
8
BLACK
6
CONTINUOUS
10
1.0038561811023621
20
0.0619429133858268
11
1.0031277559055118
21
0.0619306692913386
0
LINE
8
BLACK
6
CONTINUOUS
10
1.0031277559055118
20
0.0619306692913386
11
0.9918791732283464
21
0.0647427952755906
0
LINE
8
BLACK
6
CONTINUOUS
10
0.9918791732283464
20
0.0647427952755906
11
0.9913092125984252
21
0.0650591732283465
0
LINE
8
BLACK
6
CONTINUOUS
10
0.9913092125984252
20
0.0650591732283465
11
0.9906703937007874
21
0.0651899212598425
0
LINE
8
BLACK
6
CONTINUOUS
10
0.9906703937007874
20
0.0651899212598425
11
0.9850461417322834
21
0.0680020866141732
0
LINE
8
BLACK
6
CONTINUOUS
10
0.9850461417322834
20
0.0680020866141732
11
0.9843347637795276
21
0.068632874015748
0
LINE
8
BLACK
6
CONTINUOUS
10
0.9843347637795276
20
0.068632874015748
11
0.9835113385826771
21
0.0691083070866142
0
LINE
8
BLACK
6
CONTINUOUS
10
0.9835113385826771
20
0.0691083070866142
11
0.9778870472440945
21
0.0747325984251968
0
LINE
8
BLACK
6
CONTINUOUS
10
0.9778870472440945
20
0.0747325984251968
11
0.9772083858267716
21
0.075908031496063
0
LINE
8
BLACK
6
CONTINUOUS
10
0.9772083858267716
20
0.075908031496063
11
0.9764603937007874
21
0.0770409448818898
0
LINE
8
BLACK
6
CONTINUOUS
10
0.9764603937007874
20
0.0770409448818898
11
0.9736482677165355
21
0.0854774015748031
0
LINE
8
BLACK
6
CONTINUOUS
10
0.9736482677165355
20
0.0854774015748031
11
0.9735912598425197
21
0.0864264173228346
0
LINE
8
BLACK
6
CONTINUOUS
10
0.9735912598425197
20
0.0864264173228346
11
0.9733451968503937
21
0.0873448818897638
0
LINE
8
BLACK
6
CONTINUOUS
10
0.9733451968503937
20
0.0873448818897638
11
0.9733451968503937
21
0.0957813385826772
0
LINE
8
BLACK
6
CONTINUOUS
10
0.9733451968503937
20
0.0957813385826772
11
0.9736964960629921
21
0.0970924015748031
0
LINE
8
BLACK
6
CONTINUOUS
10
0.9736964960629921
20
0.0970924015748031
11
0.9739686614173229
21
0.0984223622047244
0
LINE
8
BLACK
6
CONTINUOUS
10
0.9739686614173229
20
0.0984223622047244
11
0.9767808267716536
21
0.1040466535433071
0
LINE
8
BLACK
6
CONTINUOUS
10
0.9767808267716536
20
0.1040466535433071
11
0.9788090157480315
21
0.1063338582677165
0
LINE
8
BLACK
6
CONTINUOUS
10
0.9788090157480315
20
0.1063338582677165
11
0.9817090551181102
21
0.1073005511811024
0
LINE
8
BLACK
6
CONTINUOUS
10
0.9817090551181102
20
0.1073005511811024
11
0.9847038976377952
21
0.1066876771653543
0
LINE
8
BLACK
6
CONTINUOUS
10
0.9847038976377952
20
0.1066876771653543
11
0.9869911023622047
21
0.1046594881889764
0
LINE
8
BLACK
6
CONTINUOUS
10
0.9869911023622047
20
0.1046594881889764
11
0.9879577952755906
21
0.1017594488188976
0
LINE
8
BLACK
6
CONTINUOUS
10
0.9879577952755906
20
0.1017594488188976
11
0.9873449212598425
21
0.0987645669291339
0
LINE
8
BLACK
6
CONTINUOUS
10
0.9873449212598425
20
0.0987645669291339
11
0.9851562204724409
21
0.0943872047244095
0
LINE
8
BLACK
6
CONTINUOUS
10
0.9851562204724409
20
0.0943872047244095
11
0.9851562204724409
21
0.0883031496062992
0
LINE
8
BLACK
6
CONTINUOUS
10
0.9851562204724409
20
0.0883031496062992
11
0.9872244488188976
21
0.0820984645669291
0
LINE
8
BLACK
6
CONTINUOUS
10
0.9872244488188976
20
0.0820984645669291
11
0.9911853543307086
21
0.0781375590551181
0
LINE
8
BLACK
6
CONTINUOUS
10
0.9911853543307086
20
0.0781375590551181
11
0.995372716535433
21
0.0760438976377953
0
LINE
8
BLACK
6
CONTINUOUS
10
0.995372716535433
20
0.0760438976377953
11
1.005286968503937
21
0.0735653543307087
0
LINE
8
BLACK
6
CONTINUOUS
10
1.005286968503937
20
0.0735653543307087
11
1.0122695669291339
21
0.0735653543307087
0
LINE
8
BLACK
6
CONTINUOUS
10
1.0122695669291339
20
0.0735653543307087
11
1.022183779527559
21
0.0760438582677165
0
LINE
8
BLACK
6
CONTINUOUS
10
1.022183779527559
20
0.0760438582677165
11
1.0263711811023621
21
0.0781375984251969
0
LINE
8
BLACK
6
CONTINUOUS
10
1.0263711811023621
20
0.0781375984251969
11
1.0303320472440944
21
0.0820984251968504
0
LINE
8
BLACK
6
CONTINUOUS
10
1.0303320472440944
20
0.0820984251968504
11
1.03240031496063
21
0.0883032283464567
0
LINE
8
BLACK
6
CONTINUOUS
10
1.03240031496063
20
0.0883032283464567
11
1.03240031496063
21
0.0920107874015748
0
LINE
8
BLACK
6
CONTINUOUS
10
1.03240031496063
20
0.0920107874015748
11
1.0303320472440944
21
0.0982155905511811
0
LINE
8
BLACK
6
CONTINUOUS
10
1.0303320472440944
20
0.0982155905511811
11
1.0302354330708661
21
0.0983122440944882
0
LINE
8
BLACK
6
CONTINUOUS
10
1.0302354330708661
20
0.0983122440944882
11
1.0189020078740156
21
0.0983122440944882
0
LINE
8
BLACK
6
CONTINUOUS
10
1.0189020078740156
20
0.0983122440944882
11
1.0189020078740156
21
0.0929691732283465
0
LINE
8
BLACK
6
CONTINUOUS
10
1.0189020078740156
20
0.0929691732283465
11
1.0181108267716534
21
0.0900164173228346
0
LINE
8
BLACK
6
CONTINUOUS
10
1.0181108267716534
20
0.0900164173228346
11
1.0159492519685038
21
0.087854842519685
0
LINE
8
BLACK
6
CONTINUOUS
10
1.0159492519685038
20
0.087854842519685
11
1.012996496062992
21
0.0870636614173228
0
LINE
8
BLACK
6
CONTINUOUS
10
1.012996496062992
20
0.0870636614173228
11
1.0100437401574802
21
0.087854842519685
0
LINE
8
BLACK
6
CONTINUOUS
10
1.0100437401574802
20
0.087854842519685
11
1.0078821653543306
21
0.0900164173228346
0
LINE
8
BLACK
6
CONTINUOUS
10
1.0078821653543306
20
0.0900164173228346
11
1.0070909842519684
21
0.0929691732283465
0
LINE
8
BLACK
6
CONTINUOUS
10
1.0070909842519684
20
0.0929691732283465
11
1.0070909842519684
21
0.1042177559055118
0
LINE
8
BLACK
6
CONTINUOUS
10
1.0070909842519684
20
0.1042177559055118
11
1.0078821653543306
21
0.1071705118110236
0
LINE
8
BLACK
6
CONTINUOUS
10
1.0078821653543306
20
0.1071705118110236
11
1.0100437401574802
21
0.1093320866141732
0
LINE
8
BLACK
6
CONTINUOUS
10
1.0100437401574802
20
0.1093320866141732
11
1.012996496062992
21
0.1101232677165354
0
LINE
8
BLACK
6
CONTINUOUS
10
1.012996496062992
20
0.1101232677165354
11
1.032681535433071
21
0.1101232677165354
0
LINE
8
BLACK
6
CONTINUOUS
10
1.032681535433071
20
0.1101232677165354
11
1.0334325196850394
21
0.1099220472440945
0
LINE
8
BLACK
6
CONTINUOUS
10
1.6342325196850394
20
0.1109220472440945
11
1.6350099606299213
21
0.1109220472440945
0
LINE
8
BLACK
6
CONTINUOUS
10
1.6350099606299213
20
0.1109220472440945
11
1.6356832283464566
21
0.1105333070866142
0
LINE
8
BLACK
6
CONTINUOUS
10
1.6356832283464566
20
0.1105333070866142
11
1.6364342913385825
21
0.1103320866141732
0
LINE
8
BLACK
6
CONTINUOUS
10
1.6364342913385825
20
0.1103320866141732
11
1.6369840157480315
21
0.1097823228346457
0
LINE
8
BLACK
6
CONTINUOUS
10
1.6369840157480315
20
0.1097823228346457
11
1.6376573228346456
21
0.1093936220472441
0
LINE
8
BLACK
6
CONTINUOUS
10
1.6376573228346456
20
0.1093936220472441
11
1.6404694881889763
21
0.1065814960629921
0
LINE
8
BLACK
6
CONTINUOUS
10
1.6404694881889763
20
0.1065814960629921
11
1.6411481496062992
21
0.1054059842519685
0
LINE
8
BLACK
6
CONTINUOUS
10
1.6411481496062992
20
0.1054059842519685
11
1.6418961811023622
21
0.1042731102362205
0
LINE
8
BLACK
6
CONTINUOUS
10
1.6418961811023622
20
0.1042731102362205
11
1.6447083070866142
21
0.0958366535433071
0
LINE
8
BLACK
6
CONTINUOUS
10
1.6447083070866142
20
0.0958366535433071
11
1.6447652755905511
21
0.0948874803149606
0
LINE
8
BLACK
6
CONTINUOUS
10
1.6447652755905511
20
0.0948874803149606
11
1.6450113385826772
21
0.0939691732283465
0
LINE
8
BLACK
6
CONTINUOUS
10
1.6450113385826772
20
0.0939691732283465
11
1.6450113385826772
21
0.0883448818897638
0
LINE
8
BLACK
6
CONTINUOUS
10
1.6450113385826772
20
0.0883448818897638
11
1.6447652755905511
21
0.0874265354330709
0
LINE
8
BLACK
6
CONTINUOUS
10
1.6447652755905511
20
0.0874265354330709
11
1.6447083070866142
21
0.0864774015748031
0
LINE
8
BLACK
6
CONTINUOUS
10
1.6447083070866142
20
0.0864774015748031
11
1.6418961811023622
21
0.0780409448818898
0
LINE
8
BLACK
6
CONTINUOUS
10
1.6418961811023622
20
0.0780409448818898
11
1.6411482283464567
21
0.0769081496062992
0
LINE
8
BLACK
6
CONTINUOUS
10
1.6411482283464567
20
0.0769081496062992
11
1.6404695275590551
21
0.0757325984251968
0
LINE
8
BLACK
6
CONTINUOUS
10
1.6404695275590551
20
0.0757325984251968
11
1.6348451968503936
21
0.0701083070866142
0
LINE
8
BLACK
6
CONTINUOUS
10
1.6348451968503936
20
0.0701083070866142
11
1.6340217716535432
21
0.069632874015748
0
LINE
8
BLACK
6
CONTINUOUS
10
1.6340217716535432
20
0.069632874015748
11
1.6333103937007873
21
0.0690020866141732
0
LINE
8
BLACK
6
CONTINUOUS
10
1.6333103937007873
20
0.0690020866141732
11
1.6276861023622047
21
0.0661899212598425
0
LINE
8
BLACK
6
CONTINUOUS
10
1.6276861023622047
20
0.0661899212598425
11
1.6270473228346456
21
0.0660591732283465
0
LINE
8
BLACK
6
CONTINUOUS
10
1.6270473228346456
20
0.0660591732283465
11
1.6264773622047244
21
0.0657427952755905
0
LINE
8
BLACK
6
CONTINUOUS
10
1.6264773622047244
20
0.0657427952755905
11
1.6152287795275591
21
0.0629306692913386
0
LINE
8
BLACK
6
CONTINUOUS
10
1.6152287795275591
20
0.0629306692913386
11
1.6145003149606298
21
0.0629429133858268
0
LINE
8
BLACK
6
CONTINUOUS
10
1.6145003149606298
20
0.0629429133858268
11
1.613796496062992
21
0.0627543307086614
0
LINE
8
BLACK
6
CONTINUOUS
10
1.613796496062992
20
0.0627543307086614
11
1.6053600393700787
21
0.0627543307086614
0
LINE
8
BLACK
6
CONTINUOUS
10
1.6053600393700787
20
0.0627543307086614
11
1.6046561811023621
21
0.0629429133858268
0
LINE
8
BLACK
6
CONTINUOUS
10
1.6046561811023621
20
0.0629429133858268
11
1.6039277559055118
21
0.0629306692913386
0
LINE
8
BLACK
6
CONTINUOUS
10
1.6039277559055118
20
0.0629306692913386
11
1.5926791732283465
21
0.0657427952755905
0
LINE
8
BLACK
6
CONTINUOUS
10
1.5926791732283465
20
0.0657427952755905
11
1.5921092125984251
21
0.0660591732283465
0
LINE
8
BLACK
6
CONTINUOUS
10
1.5921092125984251
20
0.0660591732283465
11
1.5914703937007875
21
0.0661899212598425
0
LINE
8
BLACK
6
CONTINUOUS
10
1.5914703937007875
20
0.0661899212598425
11
1.5858461417322833
21
0.0690020866141732
0
LINE
8
BLACK
6
CONTINUOUS
10
1.5858461417322833
20
0.0690020866141732
11
1.5851347637795274
21
0.069632874015748
0
LINE
8
BLACK
6
CONTINUOUS
10
1.5851347637795274
20
0.069632874015748
11
1.584311338582677
21
0.0701083070866142
0
LINE
8
BLACK
6
CONTINUOUS
10
1.584311338582677
20
0.0701083070866142
11
1.5786870472440944
21
0.0757325984251968
0
LINE
8
BLACK
6
CONTINUOUS
10
1.5786870472440944
20
0.0757325984251968
11
1.5780083858267717
21
0.076908031496063
0
LINE
8
BLACK
6
CONTINUOUS
10
1.5780083858267717
20
0.076908031496063
11
1.5772603937007874
21
0.0780409448818898
0
LINE
8
BLACK
6
CONTINUOUS
10
1.5772603937007874
20
0.0780409448818898
11
1.5744482677165355
21
0.0864774015748031
0
LINE
8
BLACK
6
CONTINUOUS
10
1.5744482677165355
20
0.0864774015748031
11
1.5743912598425196
21
0.0874264173228346
0
LINE
8
BLACK
6
CONTINUOUS
10
1.5743912598425196
20
0.0874264173228346
11
1.5741451968503937
21
0.0883448818897638
0
LINE
8
BLACK
6
CONTINUOUS
10
1.5741451968503937
20
0.0883448818897638
11
1.5741451968503937
21
0.0967813385826772
0
LINE
8
BLACK
6
CONTINUOUS
10
1.5741451968503937
20
0.0967813385826772
11
1.5744964960629921
21
0.0980924015748031
0
LINE
8
BLACK
6
CONTINUOUS
10
1.5744964960629921
20
0.0980924015748031
11
1.5747686614173229
21
0.0994223622047244
0
LINE
8
BLACK
6
CONTINUOUS
10
1.5747686614173229
20
0.0994223622047244
11
1.5775808267716536
21
0.1050466535433071
0
LINE
8
BLACK
6
CONTINUOUS
10
1.5775808267716536
20
0.1050466535433071
11
1.5796090157480314
21
0.1073338582677165
0
LINE
8
BLACK
6
CONTINUOUS
10
1.5796090157480314
20
0.1073338582677165
11
1.5825090551181102
21
0.1083005511811024
0
LINE
8
BLACK
6
CONTINUOUS
10
1.5825090551181102
20
0.1083005511811024
11
1.5855038976377953
21
0.1076876771653543
0
LINE
8
BLACK
6
CONTINUOUS
10
1.5855038976377953
20
0.1076876771653543
11
1.5877911023622047
21
0.1056594881889764
0
LINE
8
BLACK
6
CONTINUOUS
10
1.5877911023622047
20
0.1056594881889764
11
1.5887577952755905
21
0.1027594488188976
0
LINE
8
BLACK
6
CONTINUOUS
10
1.5887577952755905
20
0.1027594488188976
11
1.5881449212598424
21
0.0997645669291339
0
LINE
8
BLACK
6
CONTINUOUS
10
1.5881449212598424
20
0.0997645669291339
11
1.5859562204724409
21
0.0953872047244095
0
LINE
8
BLACK
6
CONTINUOUS
10
1.5859562204724409
20
0.0953872047244095
11
1.5859562204724409
21
0.0893031496062992
0
LINE
8
BLACK
6
CONTINUOUS
10
1.5859562204724409
20
0.0893031496062992
11
1.5880244488188977
21
0.0830984645669291
0
LINE
8
BLACK
6
CONTINUOUS
10
1.5880244488188977
20
0.0830984645669291
11
1.5919853543307085
21
0.0791375590551181
0
LINE
8
BLACK
6
CONTINUOUS
10
1.5919853543307085
20
0.0791375590551181
11
1.5961727165354331
21
0.0770438976377953
0
LINE
8
BLACK
6
CONTINUOUS
10
1.5961727165354331
20
0.0770438976377953
11
1.606086968503937
21
0.0745653543307087
0
LINE
8
BLACK
6
CONTINUOUS
10
1.606086968503937
20
0.0745653543307087
11
1.6130695669291337
21
0.0745653543307087
0
LINE
8
BLACK
6
CONTINUOUS
10
1.6130695669291337
20
0.0745653543307087
11
1.622983779527559
21
0.0770438582677165
0
LINE
8
BLACK
6
CONTINUOUS
10
1.622983779527559
20
0.0770438582677165
11
1.6271711811023621
21
0.0791375984251969
0
LINE
8
BLACK
6
CONTINUOUS
10
1.6271711811023621
20
0.0791375984251969
11
1.6311320472440944
21
0.0830984251968504
0
LINE
8
BLACK
6
CONTINUOUS
10
1.6311320472440944
20
0.0830984251968504
11
1.6332003149606298
21
0.0893032283464567
0
LINE
8
BLACK
6
CONTINUOUS
10
1.6332003149606298
20
0.0893032283464567
11
1.6332003149606298
21
0.0930107874015748
0
LINE
8
BLACK
6
CONTINUOUS
10
1.6332003149606298
20
0.0930107874015748
11
1.6311320472440944
21
0.0992155905511811
0
LINE
8
BLACK
6
CONTINUOUS
10
1.6311320472440944
20
0.0992155905511811
11
1.6310354330708661
21
0.0993122440944882
0
LINE
8
BLACK
6
CONTINUOUS
10
1.6310354330708661
20
0.0993122440944882
11
1.6197020078740156
21
0.0993122440944882
0
LINE
8
BLACK
6
CONTINUOUS
10
1.6197020078740156
20
0.0993122440944882
11
1.6197020078740156
21
0.0939691732283465
0
LINE
8
BLACK
6
CONTINUOUS
10
1.6197020078740156
20
0.0939691732283465
11
1.6189108267716534
21
0.0910164173228347
0
LINE
8
BLACK
6
CONTINUOUS
10
1.6189108267716534
20
0.0910164173228347
11
1.6167492519685038
21
0.088854842519685
0
LINE
8
BLACK
6
CONTINUOUS
10
1.6167492519685038
20
0.088854842519685
11
1.613796496062992
21
0.0880636614173228
0
LINE
8
BLACK
6
CONTINUOUS
10
1.613796496062992
20
0.0880636614173228
11
1.6108437401574802
21
0.088854842519685
0
LINE
8
BLACK
6
CONTINUOUS
10
1.6108437401574802
20
0.088854842519685
11
1.6086821653543306
21
0.0910164173228347
0
LINE
8
BLACK
6
CONTINUOUS
10
1.6086821653543306
20
0.0910164173228347
11
1.6078909842519684
21
0.0939691732283465
0
LINE
8
BLACK
6
CONTINUOUS
10
1.6078909842519684
20
0.0939691732283465
11
1.6078909842519684
21
0.1052177559055118
0
LINE
8
BLACK
6
CONTINUOUS
10
1.6078909842519684
20
0.1052177559055118
11
1.6086821653543306
21
0.1081705118110236
0
LINE
8
BLACK
6
CONTINUOUS
10
1.6086821653543306
20
0.1081705118110236
11
1.6108437401574802
21
0.1103320866141732
0
LINE
8
BLACK
6
CONTINUOUS
10
1.6108437401574802
20
0.1103320866141732
11
1.613796496062992
21
0.1111232677165354
0
LINE
8
BLACK
6
CONTINUOUS
10
1.613796496062992
20
0.1111232677165354
11
1.6334815354330707
21
0.1111232677165354
0
LINE
8
BLACK
6
CONTINUOUS
10
1.6334815354330707
20
0.1111232677165354
11
1.6342325196850394
21
0.1109220472440945
0
LINE
8
BLACK
6
CONTINUOUS
10
1.0383188976377953
20
0.169174842519685
11
1.038332125984252
21
0.1691783464566929
0
LINE
8
BLACK
6
CONTINUOUS
10
1.038332125984252
20
0.1691783464566929
11
1.0397979133858268
21
0.1687785433070866
0
LINE
8
BLACK
6
CONTINUOUS
10
1.0397979133858268
20
0.1687785433070866
11
1.0412585826771654
21
0.1683872047244094
0
LINE
8
BLACK
6
CONTINUOUS
10
1.0412585826771654
20
0.1683872047244094
11
1.0412681496062992
21
0.1683775984251968
0
LINE
8
BLACK
6
CONTINUOUS
10
1.0412681496062992
20
0.1683775984251968
11
1.0412813385826771
21
0.1683740157480315
0
LINE
8
BLACK
6
CONTINUOUS
10
1.0412813385826771
20
0.1683740157480315
11
1.0423506692913385
21
0.1672950787401575
0
LINE
8
BLACK
6
CONTINUOUS
10
1.0423506692913385
20
0.1672950787401575
11
1.043420157480315
21
0.1662256299212598
0
LINE
8
BLACK
6
CONTINUOUS
10
1.043420157480315
20
0.1662256299212598
11
1.0434236614173229
21
0.1662124803149606
0
LINE
8
BLACK
6
CONTINUOUS
10
1.0434236614173229
20
0.1662124803149606
11
1.0434332677165354
21
0.1662028346456693
0
LINE
8
BLACK
6
CONTINUOUS
10
1.0434332677165354
20
0.1662028346456693
11
1.0438199606299212
21
0.1647334645669291
0
LINE
8
BLACK
6
CONTINUOUS
10
1.0438199606299212
20
0.1647334645669291
11
1.0442113385826772
21
0.163272874015748
0
LINE
8
BLACK
6
CONTINUOUS
10
1.0442113385826772
20
0.163272874015748
11
1.0442077952755906
21
0.1632597637795276
0
LINE
8
BLACK
6
CONTINUOUS
10
1.0442077952755906
20
0.1632597637795276
11
1.0442112992125985
21
0.1632465748031496
0
LINE
8
BLACK
6
CONTINUOUS
10
1.0442112992125985
20
0.1632465748031496
11
1.0438114960629921
21
0.1617807480314961
0
LINE
8
BLACK
6
CONTINUOUS
10
1.0438114960629921
20
0.1617807480314961
11
1.043420157480315
21
0.1603201181102362
0
LINE
8
BLACK
6
CONTINUOUS
10
1.043420157480315
20
0.1603201181102362
11
1.0434105511811023
21
0.1603105118110236
0
LINE
8
BLACK
6
CONTINUOUS
10
1.0434105511811023
20
0.1603105118110236
11
1.0434069685039369
21
0.1602973622047244
0
LINE
8
BLACK
6
CONTINUOUS
10
1.0434069685039369
20
0.1602973622047244
11
1.0423302362204725
21
0.1592301968503937
0
LINE
8
BLACK
6
CONTINUOUS
10
1.0423302362204725
20
0.1592301968503937
11
1.0412585826771654
21
0.1581585433070866
0
LINE
8
BLACK
6
CONTINUOUS
10
1.0412585826771654
20
0.1581585433070866
11
1.0412453937007873
21
0.158155
0
LINE
8
BLACK
6
CONTINUOUS
10
1.0412453937007873
20
0.158155
11
1.0412357874015747
21
0.1581454724409449
0
LINE
8
BLACK
6
CONTINUOUS
10
1.0412357874015747
20
0.1581454724409449
11
1.0014882677165353
21
0.1354325984251968
0
LINE
8
BLACK
6
CONTINUOUS
10
1.0014882677165353
20
0.1354325984251968
11
1.0383058267716536
21
0.1354325984251968
0
LINE
8
BLACK
6
CONTINUOUS
10
1.0383058267716536
20
0.1354325984251968
11
1.0412585826771654
21
0.1346414173228346
0
LINE
8
BLACK
6
CONTINUOUS
10
1.0412585826771654
20
0.1346414173228346
11
1.043420157480315
21
0.132479842519685
0
LINE
8
BLACK
6
CONTINUOUS
10
1.043420157480315
20
0.132479842519685
11
1.0442113385826772
21
0.1295270866141732
0
LINE
8
BLACK
6
CONTINUOUS
10
1.0442113385826772
20
0.1295270866141732
11
1.043420157480315
21
0.1265743307086614
0
LINE
8
BLACK
6
CONTINUOUS
10
1.043420157480315
20
0.1265743307086614
11
1.0412585826771654
21
0.1244127559055118
0
LINE
8
BLACK
6
CONTINUOUS
10
1.0412585826771654
20
0.1244127559055118
11
1.0383058267716536
21
0.1236215748031496
0
LINE
8
BLACK
6
CONTINUOUS
10
1.0383058267716536
20
0.1236215748031496
11
0.9792507086614173
21
0.1236215748031496
0
LINE
8
BLACK
6
CONTINUOUS
10
0.9792507086614173
20
0.1236215748031496
11
0.9792375984251969
21
0.1236250787401575
0
LINE
8
BLACK
6
CONTINUOUS
10
0.9792375984251969
20
0.1236250787401575
11
0.9792244094488188
21
0.1236216141732283
0
LINE
8
BLACK
6
CONTINUOUS
10
0.9792244094488188
20
0.1236216141732283
11
0.9777585826771653
21
0.1240213779527559
0
LINE
8
BLACK
6
CONTINUOUS
10
0.9777585826771653
20
0.1240213779527559
11
0.9762979527559055
21
0.1244127559055118
0
LINE
8
BLACK
6
CONTINUOUS
10
0.9762979527559055
20
0.1244127559055118
11
0.9762883464566929
21
0.1244223228346457
0
LINE
8
BLACK
6
CONTINUOUS
10
0.9762883464566929
20
0.1244223228346457
11
0.9762751968503937
21
0.1244259448818898
0
LINE
8
BLACK
6
CONTINUOUS
10
0.9762751968503937
20
0.1244259448818898
11
0.9752080314960629
21
0.1255026377952756
0
LINE
8
BLACK
6
CONTINUOUS
10
0.9752080314960629
20
0.1255026377952756
11
0.9741363779527559
21
0.1265743307086614
0
LINE
8
BLACK
6
CONTINUOUS
10
0.9741363779527559
20
0.1265743307086614
11
0.9741328346456692
21
0.1265874803149606
0
LINE
8
BLACK
6
CONTINUOUS
10
0.9741328346456692
20
0.1265874803149606
11
0.9741233070866141
21
0.126597125984252
0
LINE
8
BLACK
6
CONTINUOUS
10
0.9741233070866141
20
0.126597125984252
11
0.9737376771653543
21
0.1280622834645669
0
LINE
8
BLACK
6
CONTINUOUS
10
0.9737376771653543
20
0.1280622834645669
11
0.9733451968503937
21
0.1295270866141732
0
LINE
8
BLACK
6
CONTINUOUS
10
0.9733451968503937
20
0.1295270866141732
11
0.9733487007874015
21
0.129540157480315
0
LINE
8
BLACK
6
CONTINUOUS
10
0.9733487007874015
20
0.129540157480315
11
0.9733452362204724
21
0.1295533858267716
0
LINE
8
BLACK
6
CONTINUOUS
10
0.9733452362204724
20
0.1295533858267716
11
0.973745
21
0.1310191732283464
0
LINE
8
BLACK
6
CONTINUOUS
10
0.973745
20
0.1310191732283464
11
0.9741363779527559
21
0.132479842519685
0
LINE
8
BLACK
6
CONTINUOUS
10
0.9741363779527559
20
0.132479842519685
11
0.9741459448818898
21
0.1324894094488189
0
LINE
8
BLACK
6
CONTINUOUS
10
0.9741459448818898
20
0.1324894094488189
11
0.9741495669291338
21
0.1325025984251968
0
LINE
8
BLACK
6
CONTINUOUS
10
0.9741495669291338
20
0.1325025984251968
11
0.9752262598425196
21
0.1335697244094488
0
LINE
8
BLACK
6
CONTINUOUS
10
0.9752262598425196
20
0.1335697244094488
11
0.9762979527559055
21
0.1346414173228346
0
LINE
8
BLACK
6
CONTINUOUS
10
0.9762979527559055
20
0.1346414173228346
11
0.9763111023622048
21
0.1346449212598425
0
LINE
8
BLACK
6
CONTINUOUS
10
0.9763111023622048
20
0.1346449212598425
11
0.976320748031496
21
0.1346544881889764
0
LINE
8
BLACK
6
CONTINUOUS
10
0.976320748031496
20
0.1346544881889764
11
1.0160682283464566
21
0.1573673622047244
0
LINE
8
BLACK
6
CONTINUOUS
10
1.0160682283464566
20
0.1573673622047244
11
0.9792507086614173
21
0.1573673622047244
0
LINE
8
BLACK
6
CONTINUOUS
10
0.9792507086614173
20
0.1573673622047244
11
0.9762979527559055
21
0.1581585433070866
0
LINE
8
BLACK
6
CONTINUOUS
10
0.9762979527559055
20
0.1581585433070866
11
0.9741363779527559
21
0.1603201181102362
0
LINE
8
BLACK
6
CONTINUOUS
10
0.9741363779527559
20
0.1603201181102362
11
0.9733451968503937
21
0.163272874015748
0
LINE
8
BLACK
6
CONTINUOUS
10
0.9733451968503937
20
0.163272874015748
11
0.9741363779527559
21
0.1662256299212598
0
LINE
8
BLACK
6
CONTINUOUS
10
0.9741363779527559
20
0.1662256299212598
11
0.9762979527559055
21
0.1683872047244094
0
LINE
8
BLACK
6
CONTINUOUS
10
0.9762979527559055
20
0.1683872047244094
11
0.9792507086614173
21
0.1691783858267716
0
LINE
8
BLACK
6
CONTINUOUS
10
0.9792507086614173
20
0.1691783858267716
11
1.0383058267716536
21
0.1691783858267716
0
LINE
8
BLACK
6
CONTINUOUS
10
1.0383058267716536
20
0.1691783858267716
11
1.0383188976377953
21
0.169174842519685
0
LINE
8
BLACK
6
CONTINUOUS
10
1.6391188976377953
20
0.170174842519685
11
1.639132125984252
21
0.1701783464566929
0
LINE
8
BLACK
6
CONTINUOUS
10
1.639132125984252
20
0.1701783464566929
11
1.6405979133858268
21
0.1697785433070866
0
LINE
8
BLACK
6
CONTINUOUS
10
1.6405979133858268
20
0.1697785433070866
11
1.6420585826771654
21
0.1693872047244094
0
LINE
8
BLACK
6
CONTINUOUS
10
1.6420585826771654
20
0.1693872047244094
11
1.6420681496062992
21
0.1693775984251968
0
LINE
8
BLACK
6
CONTINUOUS
10
1.6420681496062992
20
0.1693775984251968
11
1.6420813385826771
21
0.1693740157480315
0
LINE
8
BLACK
6
CONTINUOUS
10
1.6420813385826771
20
0.1693740157480315
11
1.6431506692913385
21
0.1682950787401575
0
LINE
8
BLACK
6
CONTINUOUS
10
1.6431506692913385
20
0.1682950787401575
11
1.644220157480315
21
0.1672256299212598
0
LINE
8
BLACK
6
CONTINUOUS
10
1.644220157480315
20
0.1672256299212598
11
1.6442236614173229
21
0.1672124803149606
0
LINE
8
BLACK
6
CONTINUOUS
10
1.6442236614173229
20
0.1672124803149606
11
1.6442332677165354
21
0.1672028346456693
0
LINE
8
BLACK
6
CONTINUOUS
10
1.6442332677165354
20
0.1672028346456693
11
1.6446199606299212
21
0.1657334645669291
0
LINE
8
BLACK
6
CONTINUOUS
10
1.6446199606299212
20
0.1657334645669291
11
1.6450113385826772
21
0.164272874015748
0
LINE
8
BLACK
6
CONTINUOUS
10
1.6450113385826772
20
0.164272874015748
11
1.6450077952755906
21
0.1642597637795276
0
LINE
8
BLACK
6
CONTINUOUS
10
1.6450077952755906
20
0.1642597637795276
11
1.6450112992125985
21
0.1642465748031496
0
LINE
8
BLACK
6
CONTINUOUS
10
1.6450112992125985
20
0.1642465748031496
11
1.6446114960629921
21
0.1627807480314961
0
LINE
8
BLACK
6
CONTINUOUS
10
1.6446114960629921
20
0.1627807480314961
11
1.644220157480315
21
0.1613201181102362
0
LINE
8
BLACK
6
CONTINUOUS
10
1.644220157480315
20
0.1613201181102362
11
1.6442105511811023
21
0.1613105118110236
0
LINE
8
BLACK
6
CONTINUOUS
10
1.6442105511811023
20
0.1613105118110236
11
1.6442069685039369
21
0.1612973622047244
0
LINE
8
BLACK
6
CONTINUOUS
10
1.6442069685039369
20
0.1612973622047244
11
1.6431302362204725
21
0.1602301968503937
0
LINE
8
BLACK
6
CONTINUOUS
10
1.6431302362204725
20
0.1602301968503937
11
1.6420585826771654
21
0.1591585433070866
0
LINE
8
BLACK
6
CONTINUOUS
10
1.6420585826771654
20
0.1591585433070866
11
1.6420453937007873
21
0.159155
0
LINE
8
BLACK
6
CONTINUOUS
10
1.6420453937007873
20
0.159155
11
1.6420357874015747
21
0.1591454724409449
0
LINE
8
BLACK
6
CONTINUOUS
10
1.6420357874015747
20
0.1591454724409449
11
1.6022882677165353
21
0.1364325984251968
0
LINE
8
BLACK
6
CONTINUOUS
10
1.6022882677165353
20
0.1364325984251968
11
1.6391058267716534
21
0.1364325984251968
0
LINE
8
BLACK
6
CONTINUOUS
10
1.6391058267716534
20
0.1364325984251968
11
1.6420585826771654
21
0.1356414173228346
0
LINE
8
BLACK
6
CONTINUOUS
10
1.6420585826771654
20
0.1356414173228346
11
1.644220157480315
21
0.133479842519685
0
LINE
8
BLACK
6
CONTINUOUS
10
1.644220157480315
20
0.133479842519685
11
1.6450113385826772
21
0.1305270866141732
0
LINE
8
BLACK
6
CONTINUOUS
10
1.6450113385826772
20
0.1305270866141732
11
1.644220157480315
21
0.1275743307086614
0
LINE
8
BLACK
6
CONTINUOUS
10
1.644220157480315
20
0.1275743307086614
11
1.6420585826771654
21
0.1254127559055118
0
LINE
8
BLACK
6
CONTINUOUS
10
1.6420585826771654
20
0.1254127559055118
11
1.6391058267716534
21
0.1246215748031496
0
LINE
8
BLACK
6
CONTINUOUS
10
1.6391058267716534
20
0.1246215748031496
11
1.5800507086614173
21
0.1246215748031496
0
LINE
8
BLACK
6
CONTINUOUS
10
1.5800507086614173
20
0.1246215748031496
11
1.5800375984251969
21
0.1246250787401575
0
LINE
8
BLACK
6
CONTINUOUS
10
1.5800375984251969
20
0.1246250787401575
11
1.5800244094488189
21
0.1246216141732283
0
LINE
8
BLACK
6
CONTINUOUS
10
1.5800244094488189
20
0.1246216141732283
11
1.5785585826771653
21
0.1250213779527559
0
LINE
8
BLACK
6
CONTINUOUS
10
1.5785585826771653
20
0.1250213779527559
11
1.5770979527559055
21
0.1254127559055118
0
LINE
8
BLACK
6
CONTINUOUS
10
1.5770979527559055
20
0.1254127559055118
11
1.5770883464566929
21
0.1254223228346457
0
LINE
8
BLACK
6
CONTINUOUS
10
1.5770883464566929
20
0.1254223228346457
11
1.5770751968503938
21
0.1254259448818898
0
LINE
8
BLACK
6
CONTINUOUS
10
1.5770751968503938
20
0.1254259448818898
11
1.5760080314960629
21
0.1265026377952756
0
LINE
8
BLACK
6
CONTINUOUS
10
1.5760080314960629
20
0.1265026377952756
11
1.5749363779527559
21
0.1275743307086614
0
LINE
8
BLACK
6
CONTINUOUS
10
1.5749363779527559
20
0.1275743307086614
11
1.5749328346456692
21
0.1275874803149606
0
LINE
8
BLACK
6
CONTINUOUS
10
1.5749328346456692
20
0.1275874803149606
11
1.5749233070866142
21
0.127597125984252
0
LINE
8
BLACK
6
CONTINUOUS
10
1.5749233070866142
20
0.127597125984252
11
1.5745376771653543
21
0.1290622834645669
0
LINE
8
BLACK
6
CONTINUOUS
10
1.5745376771653543
20
0.1290622834645669
11
1.5741451968503937
21
0.1305270866141732
0
LINE
8
BLACK
6
CONTINUOUS
10
1.5741451968503937
20
0.1305270866141732
11
1.5741487007874015
21
0.1305401574803149
0
LINE
8
BLACK
6
CONTINUOUS
10
1.5741487007874015
20
0.1305401574803149
11
1.5741452362204724
21
0.1305533858267716
0
LINE
8
BLACK
6
CONTINUOUS
10
1.5741452362204724
20
0.1305533858267716
11
1.5745449999999999
21
0.1320191732283464
0
LINE
8
BLACK
6
CONTINUOUS
10
1.5745449999999999
20
0.1320191732283464
11
1.5749363779527559
21
0.133479842519685
0
LINE
8
BLACK
6
CONTINUOUS
10
1.5749363779527559
20
0.133479842519685
11
1.5749459448818897
21
0.1334894094488189
0
LINE
8
BLACK
6
CONTINUOUS
10
1.5749459448818897
20
0.1334894094488189
11
1.5749495669291338
21
0.1335025984251969
0
LINE
8
BLACK
6
CONTINUOUS
10
1.5749495669291338
20
0.1335025984251969
11
1.5760262598425197
21
0.1345697244094488
0
LINE
8
BLACK
6
CONTINUOUS
10
1.5760262598425197
20
0.1345697244094488
11
1.5770979527559055
21
0.1356414173228346
0
LINE
8
BLACK
6
CONTINUOUS
10
1.5770979527559055
20
0.1356414173228346
11
1.5771111023622046
21
0.1356449212598425
0
LINE
8
BLACK
6
CONTINUOUS
10
1.5771111023622046
20
0.1356449212598425
11
1.5771207480314959
21
0.1356544881889764
0
LINE
8
BLACK
6
CONTINUOUS
10
1.5771207480314959
20
0.1356544881889764
11
1.6168682283464566
21
0.1583673622047244
0
LINE
8
BLACK
6
CONTINUOUS
10
1.6168682283464566
20
0.1583673622047244
11
1.5800507086614173
21
0.1583673622047244
0
LINE
8
BLACK
6
CONTINUOUS
10
1.5800507086614173
20
0.1583673622047244
11
1.5770979527559055
21
0.1591585433070866
0
LINE
8
BLACK
6
CONTINUOUS
10
1.5770979527559055
20
0.1591585433070866
11
1.5749363779527559
21
0.1613201181102362
0
LINE
8
BLACK
6
CONTINUOUS
10
1.5749363779527559
20
0.1613201181102362
11
1.5741451968503937
21
0.164272874015748
0
LINE
8
BLACK
6
CONTINUOUS
10
1.5741451968503937
20
0.164272874015748
11
1.5749363779527559
21
0.1672256299212598
0
LINE
8
BLACK
6
CONTINUOUS
10
1.5749363779527559
20
0.1672256299212598
11
1.5770979527559055
21
0.1693872047244094
0
LINE
8
BLACK
6
CONTINUOUS
10
1.5770979527559055
20
0.1693872047244094
11
1.5800507086614173
21
0.1701783858267716
0
LINE
8
BLACK
6
CONTINUOUS
10
1.5800507086614173
20
0.1701783858267716
11
1.6391058267716534
21
0.1701783858267716
0
LINE
8
BLACK
6
CONTINUOUS
10
1.6391058267716534
20
0.1701783858267716
11
1.6391188976377953
21
0.170174842519685
0
LINE
8
BLACK
6
CONTINUOUS
10
0.1869035039370079
20
0.2415098818897638
11
0.1882546850393701
21
0.2412334251968504
0
LINE
8
BLACK
6
CONTINUOUS
10
0.1882546850393701
20
0.2412334251968504
11
0.1939689763779527
21
0.2383762992125984
0
LINE
8
BLACK
6
CONTINUOUS
10
0.1939689763779527
20
0.2383762992125984
11
0.1946917716535433
21
0.2377353149606299
0
LINE
8
BLACK
6
CONTINUOUS
10
0.1946917716535433
20
0.2377353149606299
11
0.1955283858267717
21
0.2372523228346457
0
LINE
8
BLACK
6
CONTINUOUS
10
0.1955283858267717
20
0.2372523228346457
11
0.1983855118110236
21
0.2343951574803149
0
LINE
8
BLACK
6
CONTINUOUS
10
0.1983855118110236
20
0.2343951574803149
11
0.1988684251968504
21
0.2335586614173228
0
LINE
8
BLACK
6
CONTINUOUS
10
0.1988684251968504
20
0.2335586614173228
11
0.1995094094488189
21
0.2328358661417323
0
LINE
8
BLACK
6
CONTINUOUS
10
0.1995094094488189
20
0.2328358661417323
11
0.2023665748031496
21
0.2271215748031496
0
LINE
8
BLACK
6
CONTINUOUS
10
0.2023665748031496
20
0.2271215748031496
11
0.2026430708661417
21
0.2257702362204724
0
LINE
8
BLACK
6
CONTINUOUS
10
0.2026430708661417
20
0.2257702362204724
11
0.203
21
0.2244382677165354
0
LINE
8
BLACK
6
CONTINUOUS
10
0.203
20
0.2244382677165354
11
0.203
21
0.2158668503937008
0
LINE
8
BLACK
6
CONTINUOUS
10
0.203
20
0.2158668503937008
11
0.2026430708661417
21
0.214534842519685
0
LINE
8
BLACK
6
CONTINUOUS
10
0.2026430708661417
20
0.214534842519685
11
0.2023665748031496
21
0.2131835433070866
0
LINE
8
BLACK
6
CONTINUOUS
10
0.2023665748031496
20
0.2131835433070866
11
0.1995094094488189
21
0.2074692519685039
0
LINE
8
BLACK
6
CONTINUOUS
10
0.1995094094488189
20
0.2074692519685039
11
0.1988684251968504
21
0.2067464173228346
0
LINE
8
BLACK
6
CONTINUOUS
10
0.1988684251968504
20
0.2067464173228346
11
0.1983854724409449
21
0.2059099212598425
0
LINE
8
BLACK
6
CONTINUOUS
10
0.1983854724409449
20
0.2059099212598425
11
0.1955283464566929
21
0.2030527952755906
0
LINE
8
BLACK
6
CONTINUOUS
10
0.1955283464566929
20
0.2030527952755906
11
0.194691811023622
21
0.2025698031496063
0
LINE
8
BLACK
6
CONTINUOUS
10
0.194691811023622
20
0.2025698031496063
11
0.1939690157480315
21
0.2019288582677165
0
LINE
8
BLACK
6
CONTINUOUS
10
0.1939690157480315
20
0.2019288582677165
11
0.1882547244094488
21
0.1990716929133858
0
LINE
8
BLACK
6
CONTINUOUS
10
0.1882547244094488
20
0.1990716929133858
11
0.1869033858267717
21
0.198795157480315
0
LINE
8
BLACK
6
CONTINUOUS
10
0.1869033858267717
20
0.198795157480315
11
0.1855714173228346
21
0.1984382677165354
0
LINE
8
BLACK
6
CONTINUOUS
10
0.1855714173228346
20
0.1984382677165354
11
0.1687142913385827
21
0.1984382677165354
0
LINE
8
BLACK
6
CONTINUOUS
10
0.1687142913385827
20
0.1984382677165354
11
0.1687142913385827
21
0.1758668503937008
0
LINE
8
BLACK
6
CONTINUOUS
10
0.1687142913385827
20
0.1758668503937008
11
0.1679104330708661
21
0.1728668503937008
0
LINE
8
BLACK
6
CONTINUOUS
10
0.1679104330708661
20
0.1728668503937008
11
0.1657142913385827
21
0.1706707086614173
0
LINE
8
BLACK
6
CONTINUOUS
10
0.1657142913385827
20
0.1706707086614173
11
0.1627142913385827
21
0.1698668503937008
0
LINE
8
BLACK
6
CONTINUOUS
10
0.1627142913385827
20
0.1698668503937008
11
0.1597142913385827
21
0.1706707086614173
0
LINE
8
BLACK
6
CONTINUOUS
10
0.1597142913385827
20
0.1706707086614173
11
0.1575181496062992
21
0.1728668503937008
0
LINE
8
BLACK
6
CONTINUOUS
10
0.1575181496062992
20
0.1728668503937008
11
0.1567142913385827
21
0.1758668503937008
0
LINE
8
BLACK
6
CONTINUOUS
10
0.1567142913385827
20
0.1758668503937008
11
0.1567142913385827
21
0.2358668503937008
0
LINE
8
BLACK
6
CONTINUOUS
10
0.1567142913385827
20
0.2358668503937008
11
0.1575181496062992
21
0.2388668503937008
0
LINE
8
BLACK
6
CONTINUOUS
10
0.1575181496062992
20
0.2388668503937008
11
0.1597142913385827
21
0.2410629921259843
0
LINE
8
BLACK
6
CONTINUOUS
10
0.1597142913385827
20
0.2410629921259843
11
0.1627142913385827
21
0.2418668503937008
0
LINE
8
BLACK
6
CONTINUOUS
10
0.1627142913385827
20
0.2418668503937008
11
0.1855714173228346
21
0.2418668503937008
0
LINE
8
BLACK
6
CONTINUOUS
10
0.1855714173228346
20
0.2418668503937008
11
0.1869035039370079
21
0.2415098818897638
0
LINE
8
BLACK
6
CONTINUOUS
10
0.1687142913385827
20
0.2104382677165354
11
0.1841549606299213
21
0.2104382677165354
0
LINE
8
BLACK
6
CONTINUOUS
10
0.1841549606299213
20
0.2104382677165354
11
0.1877315748031496
21
0.2122265748031496
0
LINE
8
BLACK
6
CONTINUOUS
10
0.1877315748031496
20
0.2122265748031496
11
0.1892116535433071
21
0.2137066535433071
0
LINE
8
BLACK
6
CONTINUOUS
10
0.1892116535433071
20
0.2137066535433071
11
0.191
21
0.2172833070866142
0
LINE
8
BLACK
6
CONTINUOUS
10
0.191
20
0.2172833070866142
11
0.191
21
0.2230217716535433
0
LINE
8
BLACK
6
CONTINUOUS
10
0.191
20
0.2230217716535433
11
0.1892116535433071
21
0.2265983858267716
0
LINE
8
BLACK
6
CONTINUOUS
10
0.1892116535433071
20
0.2265983858267716
11
0.1877315354330709
21
0.2280785826771654
0
LINE
8
BLACK
6
CONTINUOUS
10
0.1877315354330709
20
0.2280785826771654
11
0.184155
21
0.2298668503937008
0
LINE
8
BLACK
6
CONTINUOUS
10
0.184155
20
0.2298668503937008
11
0.1687142913385827
21
0.2298668503937008
0
LINE
8
BLACK
6
CONTINUOUS
10
0.1687142913385827
20
0.2298668503937008
11
0.1687142913385827
21
0.2104382677165354
0
LINE
8
BLACK
6
CONTINUOUS
10
0.2547153543307086
20
0.2417134251968504
11
0.255306811023622
21
0.241752874015748
0
LINE
8
BLACK
6
CONTINUOUS
10
0.255306811023622
20
0.241752874015748
11
0.2561911023622047
21
0.2413179921259843
0
LINE
8
BLACK
6
CONTINUOUS
10
0.2561911023622047
20
0.2413179921259843
11
0.2571428346456693
21
0.2410629921259843
0
LINE
8
BLACK
6
CONTINUOUS
10
0.2571428346456693
20
0.2410629921259843
11
0.2575618897637795
21
0.2406438976377953
0
LINE
8
BLACK
6
CONTINUOUS
10
0.2575618897637795
20
0.2406438976377953
11
0.2580938582677165
21
0.2403823228346457
0
LINE
8
BLACK
6
CONTINUOUS
10
0.2580938582677165
20
0.2403823228346457
11
0.2586422440944882
21
0.2395635433070866
0
LINE
8
BLACK
6
CONTINUOUS
10
0.2586422440944882
20
0.2395635433070866
11
0.2593389763779527
21
0.2388668503937008
0
LINE
8
BLACK
6
CONTINUOUS
10
0.2593389763779527
20
0.2388668503937008
11
0.2594923622047244
21
0.2382942913385827
0
LINE
8
BLACK
6
CONTINUOUS
10
0.2594923622047244
20
0.2382942913385827
11
0.2598222440944882
21
0.2378018503937008
0
LINE
8
BLACK
6
CONTINUOUS
10
0.2598222440944882
20
0.2378018503937008
11
0.2598877952755905
21
0.2368186220472441
0
LINE
8
BLACK
6
CONTINUOUS
10
0.2598877952755905
20
0.2368186220472441
11
0.2601428346456693
21
0.2358668503937008
0
LINE
8
BLACK
6
CONTINUOUS
10
0.2601428346456693
20
0.2358668503937008
11
0.2599894094488189
21
0.2352943307086614
0
LINE
8
BLACK
6
CONTINUOUS
10
0.2599894094488189
20
0.2352943307086614
11
0.2600288582677165
21
0.2347029133858268
0
LINE
8
BLACK
6
CONTINUOUS
10
0.2600288582677165
20
0.2347029133858268
11
0.2595939763779527
21
0.2338185826771653
0
LINE
8
BLACK
6
CONTINUOUS
10
0.2595939763779527
20
0.2338185826771653
11
0.2593389763779527
21
0.2328668503937008
0
LINE
8
BLACK
6
CONTINUOUS
10
0.2593389763779527
20
0.2328668503937008
11
0.2589198818897638
21
0.2324477559055118
0
LINE
8
BLACK
6
CONTINUOUS
10
0.2589198818897638
20
0.2324477559055118
11
0.2586583070866142
21
0.2319158267716535
0
LINE
8
BLACK
6
CONTINUOUS
10
0.2586583070866142
20
0.2319158267716535
11
0.2463809448818897
21
0.2178845669291339
0
LINE
8
BLACK
6
CONTINUOUS
10
0.2463809448818897
20
0.2178845669291339
11
0.2511118897637795
21
0.2155191338582677
0
LINE
8
BLACK
6
CONTINUOUS
10
0.2511118897637795
20
0.2155191338582677
11
0.2518346850393701
21
0.2148781496062992
0
LINE
8
BLACK
6
CONTINUOUS
10
0.2518346850393701
20
0.2148781496062992
11
0.2526712204724409
21
0.2143951968503937
0
LINE
8
BLACK
6
CONTINUOUS
10
0.2526712204724409
20
0.2143951968503937
11
0.2555283464566929
21
0.2115380708661417
0
LINE
8
BLACK
6
CONTINUOUS
10
0.2555283464566929
20
0.2115380708661417
11
0.2560113385826772
21
0.2107014566929134
0
LINE
8
BLACK
6
CONTINUOUS
10
0.2560113385826772
20
0.2107014566929134
11
0.2566522834645669
21
0.2099787007874016
0
LINE
8
BLACK
6
CONTINUOUS
10
0.2566522834645669
20
0.2099787007874016
11
0.2595094094488189
21
0.2042644094488189
0
LINE
8
BLACK
6
CONTINUOUS
10
0.2595094094488189
20
0.2042644094488189
11
0.2597858661417323
21
0.2029132283464567
0
LINE
8
BLACK
6
CONTINUOUS
10
0.2597858661417323
20
0.2029132283464567
11
0.2601428346456693
21
0.2015811417322834
0
LINE
8
BLACK
6
CONTINUOUS
10
0.2601428346456693
20
0.2015811417322834
11
0.2601428346456693
21
0.1872954330708661
0
LINE
8
BLACK
6
CONTINUOUS
10
0.2601428346456693
20
0.1872954330708661
11
0.2597858661417323
21
0.1859633070866142
0
LINE
8
BLACK
6
CONTINUOUS
10
0.2597858661417323
20
0.1859633070866142
11
0.2595094094488189
21
0.1846121653543307
0
LINE
8
BLACK
6
CONTINUOUS
10
0.2595094094488189
20
0.1846121653543307
11
0.2566522834645669
21
0.178897874015748
0
LINE
8
BLACK
6
CONTINUOUS
10
0.2566522834645669
20
0.178897874015748
11
0.2560113385826772
21
0.1781750787401575
0
LINE
8
BLACK
6
CONTINUOUS
10
0.2560113385826772
20
0.1781750787401575
11
0.2555283464566929
21
0.1773385039370079
0
LINE
8
BLACK
6
CONTINUOUS
10
0.2555283464566929
20
0.1773385039370079
11
0.2526712204724409
21
0.1744813779527559
0
LINE
8
BLACK
6
CONTINUOUS
10
0.2526712204724409
20
0.1744813779527559
11
0.2518346850393701
21
0.1739983858267717
0
LINE
8
BLACK
6
CONTINUOUS
10
0.2518346850393701
20
0.1739983858267717
11
0.2511118897637795
21
0.1733574409448819
0
LINE
8
BLACK
6
CONTINUOUS
10
0.2511118897637795
20
0.1733574409448819
11
0.2453975984251968
21
0.1705002755905512
0
LINE
8
BLACK
6
CONTINUOUS
10
0.2453975984251968
20
0.1705002755905512
11
0.2440462598425197
21
0.1702237401574803
0
LINE
8
BLACK
6
CONTINUOUS
10
0.2440462598425197
20
0.1702237401574803
11
0.2427142913385827
21
0.1698668503937008
0
LINE
8
BLACK
6
CONTINUOUS
10
0.2427142913385827
20
0.1698668503937008
11
0.2255714173228346
21
0.1698668503937008
0
LINE
8
BLACK
6
CONTINUOUS
10
0.2255714173228346
20
0.1698668503937008
11
0.2242394094488189
21
0.1702237401574803
0
LINE
8
BLACK
6
CONTINUOUS
10
0.2242394094488189
20
0.1702237401574803
11
0.2228881102362205
21
0.1705002755905512
0
LINE
8
BLACK
6
CONTINUOUS
10
0.2228881102362205
20
0.1705002755905512
11
0.2171738188976378
21
0.1733574409448819
0
LINE
8
BLACK
6
CONTINUOUS
10
0.2171738188976378
20
0.1733574409448819
11
0.2164509842519685
21
0.1739983858267717
0
LINE
8
BLACK
6
CONTINUOUS
10
0.2164509842519685
20
0.1739983858267717
11
0.2156144881889764
21
0.1744813779527559
0
LINE
8
BLACK
6
CONTINUOUS
10
0.2156144881889764
20
0.1744813779527559
11
0.2127573622047244
21
0.1773385039370079
0
LINE
8
BLACK
6
CONTINUOUS
10
0.2127573622047244
20
0.1773385039370079
11
0.2112044488188976
21
0.1800282283464567
0
LINE
8
BLACK
6
CONTINUOUS
10
0.2112044488188976
20
0.1800282283464567
11
0.2112044488188976
21
0.1831340551181102
0
LINE
8
BLACK
6
CONTINUOUS
10
0.2112044488188976
20
0.1831340551181102
11
0.2127573622047244
21
0.185823779527559
0
LINE
8
BLACK
6
CONTINUOUS
10
0.2127573622047244
20
0.185823779527559
11
0.2154470866141732
21
0.1873766929133858
0
LINE
8
BLACK
6
CONTINUOUS
10
0.2154470866141732
20
0.1873766929133858
11
0.2185529133858268
21
0.1873766929133858
0
LINE
8
BLACK
6
CONTINUOUS
10
0.2185529133858268
20
0.1873766929133858
11
0.2212426377952756
21
0.185823779527559
0
LINE
8
BLACK
6
CONTINUOUS
10
0.2212426377952756
20
0.185823779527559
11
0.2234112204724409
21
0.183655157480315
0
LINE
8
BLACK
6
CONTINUOUS
10
0.2234112204724409
20
0.183655157480315
11
0.226987874015748
21
0.1818668503937008
0
LINE
8
BLACK
6
CONTINUOUS
10
0.226987874015748
20
0.1818668503937008
11
0.2412978346456693
21
0.1818668503937008
0
LINE
8
BLACK
6
CONTINUOUS
10
0.2412978346456693
20
0.1818668503937008
11
0.2448744488188976
21
0.183655157480315
0
LINE
8
BLACK
6
CONTINUOUS
10
0.2448744488188976
20
0.183655157480315
11
0.2463545275590551
21
0.1851352362204724
0
LINE
8
BLACK
6
CONTINUOUS
10
0.2463545275590551
20
0.1851352362204724
11
0.2481428346456693
21
0.1887118110236221
0
LINE
8
BLACK
6
CONTINUOUS
10
0.2481428346456693
20
0.1887118110236221
11
0.2481428346456693
21
0.2001647244094488
0
LINE
8
BLACK
6
CONTINUOUS
10
0.2481428346456693
20
0.2001647244094488
11
0.2463545275590551
21
0.2037412992125984
0
LINE
8
BLACK
6
CONTINUOUS
10
0.2463545275590551
20
0.2037412992125984
11
0.2448744488188976
21
0.2052213779527559
0
LINE
8
BLACK
6
CONTINUOUS
10
0.2448744488188976
20
0.2052213779527559
11
0.2412978346456693
21
0.2070097244094488
0
LINE
8
BLACK
6
CONTINUOUS
10
0.2412978346456693
20
0.2070097244094488
11
0.2341428346456693
21
0.2070097244094488
0
LINE
8
BLACK
6
CONTINUOUS
10
0.2341428346456693
20
0.2070097244094488
11
0.2335703149606299
21
0.2071631102362205
0
LINE
8
BLACK
6
CONTINUOUS
10
0.2335703149606299
20
0.2071631102362205
11
0.2329788976377953
21
0.2071237007874016
0
LINE
8
BLACK
6
CONTINUOUS
10
0.2329788976377953
20
0.2071237007874016
11
0.2320945669291339
21
0.2075585433070866
0
LINE
8
BLACK
6
CONTINUOUS
10
0.2320945669291339
20
0.2075585433070866
11
0.2311428346456693
21
0.2078135826771653
0
LINE
8
BLACK
6
CONTINUOUS
10
0.2311428346456693
20
0.2078135826771653
11
0.2307237401574803
21
0.2082326377952756
0
LINE
8
BLACK
6
CONTINUOUS
10
0.2307237401574803
20
0.2082326377952756
11
0.230191811023622
21
0.2084942519685039
0
LINE
8
BLACK
6
CONTINUOUS
10
0.230191811023622
20
0.2084942519685039
11
0.2296434251968504
21
0.2093129527559055
0
LINE
8
BLACK
6
CONTINUOUS
10
0.2296434251968504
20
0.2093129527559055
11
0.2289466929133858
21
0.2100097244094488
0
LINE
8
BLACK
6
CONTINUOUS
10
0.2289466929133858
20
0.2100097244094488
11
0.2287932677165354
21
0.2105822834645669
0
LINE
8
BLACK
6
CONTINUOUS
10
0.2287932677165354
20
0.2105822834645669
11
0.2284634251968504
21
0.2110747637795276
0
LINE
8
BLACK
6
CONTINUOUS
10
0.2284634251968504
20
0.2110747637795276
11
0.228397874015748
21
0.212057874015748
0
LINE
8
BLACK
6
CONTINUOUS
10
0.228397874015748
20
0.212057874015748
11
0.2281428346456693
21
0.2130097244094488
0
LINE
8
BLACK
6
CONTINUOUS
10
0.2281428346456693
20
0.2130097244094488
11
0.2282962204724409
21
0.2135822047244094
0
LINE
8
BLACK
6
CONTINUOUS
10
0.2282962204724409
20
0.2135822047244094
11
0.2282568110236221
21
0.2141736614173228
0
LINE
8
BLACK
6
CONTINUOUS
10
0.2282568110236221
20
0.2141736614173228
11
0.2286916535433071
21
0.2150579527559055
0
LINE
8
BLACK
6
CONTINUOUS
10
0.2286916535433071
20
0.2150579527559055
11
0.2289466929133858
21
0.2160097244094488
0
LINE
8
BLACK
6
CONTINUOUS
10
0.2289466929133858
20
0.2160097244094488
11
0.2293657480314961
21
0.216428779527559
0
LINE
8
BLACK
6
CONTINUOUS
10
0.2293657480314961
20
0.216428779527559
11
0.2296273622047244
21
0.2169607480314961
0
LINE
8
BLACK
6
CONTINUOUS
10
0.2296273622047244
20
0.2169607480314961
11
0.2409202362204724
21
0.2298668503937008
0
LINE
8
BLACK
6
CONTINUOUS
10
0.2409202362204724
20
0.2298668503937008
11
0.217
21
0.2298668503937008
0
LINE
8
BLACK
6
CONTINUOUS
10
0.217
20
0.2298668503937008
11
0.214
21
0.2306707086614173
0
LINE
8
BLACK
6
CONTINUOUS
10
0.214
20
0.2306707086614173
11
0.2118038582677165
21
0.2328668503937008
0
LINE
8
BLACK
6
CONTINUOUS
10
0.2118038582677165
20
0.2328668503937008
11
0.211
21
0.2358668503937008
0
LINE
8
BLACK
6
CONTINUOUS
10
0.211
20
0.2358668503937008
11
0.2118038582677165
21
0.2388668503937008
0
LINE
8
BLACK
6
CONTINUOUS
10
0.2118038582677165
20
0.2388668503937008
11
0.214
21
0.2410629921259843
0
LINE
8
BLACK
6
CONTINUOUS
10
0.214
20
0.2410629921259843
11
0.217
21
0.2418668503937008
0
LINE
8
BLACK
6
CONTINUOUS
10
0.217
20
0.2418668503937008
11
0.2541428346456693
21
0.2418668503937008
0
LINE
8
BLACK
6
CONTINUOUS
10
0.2541428346456693
20
0.2418668503937008
11
0.2547153543307086
21
0.2417134251968504
0
LINE
8
BLACK
6
CONTINUOUS
10
1.7869035039370078
20
0.2415098818897638
11
1.7882546850393701
21
0.2412334251968504
0
LINE
8
BLACK
6
CONTINUOUS
10
1.7882546850393701
20
0.2412334251968504
11
1.7939689763779527
21
0.2383762992125984
0
LINE
8
BLACK
6
CONTINUOUS
10
1.7939689763779527
20
0.2383762992125984
11
1.7946917716535433
21
0.2377353149606299
0
LINE
8
BLACK
6
CONTINUOUS
10
1.7946917716535433
20
0.2377353149606299
11
1.7955283858267717
21
0.2372523228346457
0
LINE
8
BLACK
6
CONTINUOUS
10
1.7955283858267717
20
0.2372523228346457
11
1.7983855118110237
21
0.2343951574803149
0
LINE
8
BLACK
6
CONTINUOUS
10
1.7983855118110237
20
0.2343951574803149
11
1.7988684251968503
21
0.2335586614173228
0
LINE
8
BLACK
6
CONTINUOUS
10
1.7988684251968503
20
0.2335586614173228
11
1.7995094094488189
21
0.2328358661417323
0
LINE
8
BLACK
6
CONTINUOUS
10
1.7995094094488189
20
0.2328358661417323
11
1.8023665748031497
21
0.2271215748031496
0
LINE
8
BLACK
6
CONTINUOUS
10
1.8023665748031497
20
0.2271215748031496
11
1.8026430708661416
21
0.2257702362204724
0
LINE
8
BLACK
6
CONTINUOUS
10
1.8026430708661416
20
0.2257702362204724
11
1.8029999999999999
21
0.2244382677165354
0
LINE
8
BLACK
6
CONTINUOUS
10
1.8029999999999999
20
0.2244382677165354
11
1.8029999999999999
21
0.2158668503937008
0
LINE
8
BLACK
6
CONTINUOUS
10
1.8029999999999999
20
0.2158668503937008
11
1.8026430708661416
21
0.214534842519685
0
LINE
8
BLACK
6
CONTINUOUS
10
1.8026430708661416
20
0.214534842519685
11
1.8023665748031497
21
0.2131835433070866
0
LINE
8
BLACK
6
CONTINUOUS
10
1.8023665748031497
20
0.2131835433070866
11
1.7995094094488189
21
0.2074692519685039
0
LINE
8
BLACK
6
CONTINUOUS
10
1.7995094094488189
20
0.2074692519685039
11
1.7988684251968503
21
0.2067464173228346
0
LINE
8
BLACK
6
CONTINUOUS
10
1.7988684251968503
20
0.2067464173228346
11
1.7983854724409449
21
0.2059099212598425
0
LINE
8
BLACK
6
CONTINUOUS
10
1.7983854724409449
20
0.2059099212598425
11
1.7955283464566929
21
0.2030527952755906
0
LINE
8
BLACK
6
CONTINUOUS
10
1.7955283464566929
20
0.2030527952755906
11
1.7946918110236221
21
0.2025698031496063
0
LINE
8
BLACK
6
CONTINUOUS
10
1.7946918110236221
20
0.2025698031496063
11
1.7939690157480315
21
0.2019288582677165
0
LINE
8
BLACK
6
CONTINUOUS
10
1.7939690157480315
20
0.2019288582677165
11
1.7882547244094489
21
0.1990716929133858
0
LINE
8
BLACK
6
CONTINUOUS
10
1.7882547244094489
20
0.1990716929133858
11
1.7869033858267716
21
0.198795157480315
0
LINE
8
BLACK
6
CONTINUOUS
10
1.7869033858267716
20
0.198795157480315
11
1.7855714173228345
21
0.1984382677165354
0
LINE
8
BLACK
6
CONTINUOUS
10
1.7855714173228345
20
0.1984382677165354
11
1.7687142913385827
21
0.1984382677165354
0
LINE
8
BLACK
6
CONTINUOUS
10
1.7687142913385827
20
0.1984382677165354
11
1.7687142913385827
21
0.1758668503937008
0
LINE
8
BLACK
6
CONTINUOUS
10
1.7687142913385827
20
0.1758668503937008
11
1.7679104330708661
21
0.1728668503937008
0
LINE
8
BLACK
6
CONTINUOUS
10
1.7679104330708661
20
0.1728668503937008
11
1.7657142913385826
21
0.1706707086614173
0
LINE
8
BLACK
6
CONTINUOUS
10
1.7657142913385826
20
0.1706707086614173
11
1.7627142913385827
21
0.1698668503937008
0
LINE
8
BLACK
6
CONTINUOUS
10
1.7627142913385827
20
0.1698668503937008
11
1.7597142913385826
21
0.1706707086614173
0
LINE
8
BLACK
6
CONTINUOUS
10
1.7597142913385826
20
0.1706707086614173
11
1.7575181496062993
21
0.1728668503937008
0
LINE
8
BLACK
6
CONTINUOUS
10
1.7575181496062993
20
0.1728668503937008
11
1.7567142913385827
21
0.1758668503937008
0
LINE
8
BLACK
6
CONTINUOUS
10
1.7567142913385827
20
0.1758668503937008
11
1.7567142913385827
21
0.2358668503937008
0
LINE
8
BLACK
6
CONTINUOUS
10
1.7567142913385827
20
0.2358668503937008
11
1.7575181496062993
21
0.2388668503937008
0
LINE
8
BLACK
6
CONTINUOUS
10
1.7575181496062993
20
0.2388668503937008
11
1.7597142913385826
21
0.2410629921259843
0
LINE
8
BLACK
6
CONTINUOUS
10
1.7597142913385826
20
0.2410629921259843
11
1.7627142913385827
21
0.2418668503937008
0
LINE
8
BLACK
6
CONTINUOUS
10
1.7627142913385827
20
0.2418668503937008
11
1.7855714173228345
21
0.2418668503937008
0
LINE
8
BLACK
6
CONTINUOUS
10
1.7855714173228345
20
0.2418668503937008
11
1.7869035039370078
21
0.2415098818897638
0
LINE
8
BLACK
6
CONTINUOUS
10
1.7687142913385827
20
0.2104382677165354
11
1.7841549606299212
21
0.2104382677165354
0
LINE
8
BLACK
6
CONTINUOUS
10
1.7841549606299212
20
0.2104382677165354
11
1.7877315748031495
21
0.2122265748031496
0
LINE
8
BLACK
6
CONTINUOUS
10
1.7877315748031495
20
0.2122265748031496
11
1.7892116535433071
21
0.2137066535433071
0
LINE
8
BLACK
6
CONTINUOUS
10
1.7892116535433071
20
0.2137066535433071
11
1.7909999999999999
21
0.2172833070866142
0
LINE
8
BLACK
6
CONTINUOUS
10
1.7909999999999999
20
0.2172833070866142
11
1.7909999999999999
21
0.2230217716535433
0
LINE
8
BLACK
6
CONTINUOUS
10
1.7909999999999999
20
0.2230217716535433
11
1.7892116535433071
21
0.2265983858267716
0
LINE
8
BLACK
6
CONTINUOUS
10
1.7892116535433071
20
0.2265983858267716
11
1.7877315354330707
21
0.2280785826771654
0
LINE
8
BLACK
6
CONTINUOUS
10
1.7877315354330707
20
0.2280785826771654
11
1.7841549999999999
21
0.2298668503937008
0
LINE
8
BLACK
6
CONTINUOUS
10
1.7841549999999999
20
0.2298668503937008
11
1.7687142913385827
21
0.2298668503937008
0
LINE
8
BLACK
6
CONTINUOUS
10
1.7687142913385827
20
0.2298668503937008
11
1.7687142913385827
21
0.2104382677165354
0
LINE
8
BLACK
6
CONTINUOUS
10
1.8440463779527558
20
0.2415098818897638
11
1.8453975590551182
21
0.2412334251968504
0
LINE
8
BLACK
6
CONTINUOUS
10
1.8453975590551182
20
0.2412334251968504
11
1.8511118503937007
21
0.2383762992125984
0
LINE
8
BLACK
6
CONTINUOUS
10
1.8511118503937007
20
0.2383762992125984
11
1.8518346456692913
21
0.2377353149606299
0
LINE
8
BLACK
6
CONTINUOUS
10
1.8518346456692913
20
0.2377353149606299
11
1.8526712598425197
21
0.2372523228346457
0
LINE
8
BLACK
6
CONTINUOUS
10
1.8526712598425197
20
0.2372523228346457
11
1.8555283858267717
21
0.2343951574803149
0
LINE
8
BLACK
6
CONTINUOUS
10
1.8555283858267717
20
0.2343951574803149
11
1.8560113385826771
21
0.2335585826771653
0
LINE
8
BLACK
6
CONTINUOUS
10
1.8560113385826771
20
0.2335585826771653
11
1.8566522834645669
21
0.2328358267716535
0
LINE
8
BLACK
6
CONTINUOUS
10
1.8566522834645669
20
0.2328358267716535
11
1.8595094094488189
21
0.2271215354330709
0
LINE
8
BLACK
6
CONTINUOUS
10
1.8595094094488189
20
0.2271215354330709
11
1.8597858661417321
21
0.2257703543307087
0
LINE
8
BLACK
6
CONTINUOUS
10
1.8597858661417321
20
0.2257703543307087
11
1.8601428346456692
21
0.2244382677165354
0
LINE
8
BLACK
6
CONTINUOUS
10
1.8601428346456692
20
0.2244382677165354
11
1.8601428346456692
21
0.2187240157480315
0
LINE
8
BLACK
6
CONTINUOUS
10
1.8601428346456692
20
0.2187240157480315
11
1.8598928346456693
21
0.2177909842519685
0
LINE
8
BLACK
6
CONTINUOUS
10
1.8598928346456693
20
0.2177909842519685
11
1.8598349606299212
21
0.2168266929133858
0
LINE
8
BLACK
6
CONTINUOUS
10
1.8598349606299212
20
0.2168266929133858
11
1.8569777952755906
21
0.2082551968503937
0
LINE
8
BLACK
6
CONTINUOUS
10
1.8569777952755906
20
0.2082551968503937
11
1.8562179133858268
21
0.2071042913385827
0
LINE
8
BLACK
6
CONTINUOUS
10
1.8562179133858268
20
0.2071042913385827
11
1.855528346456693
21
0.2059099212598425
0
LINE
8
BLACK
6
CONTINUOUS
10
1.855528346456693
20
0.2059099212598425
11
1.8314852755905511
21
0.1818668503937008
0
LINE
8
BLACK
6
CONTINUOUS
10
1.8314852755905511
20
0.1818668503937008
11
1.8541428346456692
21
0.1818668503937008
0
LINE
8
BLACK
6
CONTINUOUS
10
1.8541428346456692
20
0.1818668503937008
11
1.8571428346456693
21
0.1810629921259843
0
LINE
8
BLACK
6
CONTINUOUS
10
1.8571428346456693
20
0.1810629921259843
11
1.8593389763779526
21
0.1788668503937008
0
LINE
8
BLACK
6
CONTINUOUS
10
1.8593389763779526
20
0.1788668503937008
11
1.8601428346456692
21
0.1758668503937008
0
LINE
8
BLACK
6
CONTINUOUS
10
1.8601428346456692
20
0.1758668503937008
11
1.8593389763779526
21
0.1728668503937008
0
LINE
8
BLACK
6
CONTINUOUS
10
1.8593389763779526
20
0.1728668503937008
11
1.8571428346456693
21
0.1706707086614173
0
LINE
8
BLACK
6
CONTINUOUS
10
1.8571428346456693
20
0.1706707086614173
11
1.8541428346456692
21
0.1698668503937008
0
LINE
8
BLACK
6
CONTINUOUS
10
1.8541428346456692
20
0.1698668503937008
11
1.8169999999999999
21
0.1698668503937008
0
LINE
8
BLACK
6
CONTINUOUS
10
1.8169999999999999
20
0.1698668503937008
11
1.8162370078740158
21
0.1700712992125984
0
LINE
8
BLACK
6
CONTINUOUS
10
1.8162370078740158
20
0.1700712992125984
11
1.8154470866141732
21
0.1700712992125984
0
LINE
8
BLACK
6
CONTINUOUS
10
1.8154470866141732
20
0.1700712992125984
11
1.8147629527559055
21
0.1704662598425197
0
LINE
8
BLACK
6
CONTINUOUS
10
1.8147629527559055
20
0.1704662598425197
11
1.8140000000000001
21
0.1706707086614173
0
LINE
8
BLACK
6
CONTINUOUS
10
1.8140000000000001
20
0.1706707086614173
11
1.8134414566929133
21
0.1712292125984252
0
LINE
8
BLACK
6
CONTINUOUS
10
1.8134414566929133
20
0.1712292125984252
11
1.8127573622047244
21
0.1716242125984252
0
LINE
8
BLACK
6
CONTINUOUS
10
1.8127573622047244
20
0.1716242125984252
11
1.8123623622047245
21
0.1723083070866142
0
LINE
8
BLACK
6
CONTINUOUS
10
1.8123623622047245
20
0.1723083070866142
11
1.8118038582677165
21
0.1728668503937008
0
LINE
8
BLACK
6
CONTINUOUS
10
1.8118038582677165
20
0.1728668503937008
11
1.8115994094488188
21
0.1736298031496063
0
LINE
8
BLACK
6
CONTINUOUS
10
1.8115994094488188
20
0.1736298031496063
11
1.8112044488188976
21
0.174313937007874
0
LINE
8
BLACK
6
CONTINUOUS
10
1.8112044488188976
20
0.174313937007874
11
1.8112044488188976
21
0.1751038188976378
0
LINE
8
BLACK
6
CONTINUOUS
10
1.8112044488188976
20
0.1751038188976378
11
1.8109999999999999
21
0.1758668503937008
0
LINE
8
BLACK
6
CONTINUOUS
10
1.8109999999999999
20
0.1758668503937008
11
1.8112044488188976
21
0.176629842519685
0
LINE
8
BLACK
6
CONTINUOUS
10
1.8112044488188976
20
0.176629842519685
11
1.8112044488188976
21
0.1774197637795276
0
LINE
8
BLACK
6
CONTINUOUS
10
1.8112044488188976
20
0.1774197637795276
11
1.8115994094488188
21
0.1781038582677165
0
LINE
8
BLACK
6
CONTINUOUS
10
1.8115994094488188
20
0.1781038582677165
11
1.8118038582677165
21
0.1788668503937008
0
LINE
8
BLACK
6
CONTINUOUS
10
1.8118038582677165
20
0.1788668503937008
11
1.8123623622047245
21
0.1794253543307087
0
LINE
8
BLACK
6
CONTINUOUS
10
1.8123623622047245
20
0.1794253543307087
11
1.8127573622047244
21
0.1801094881889764
0
LINE
8
BLACK
6
CONTINUOUS
10
1.8127573622047244
20
0.1801094881889764
11
1.8460414960629921
21
0.2133936220472441
0
LINE
8
BLACK
6
CONTINUOUS
10
1.8460414960629921
20
0.2133936220472441
11
1.8481428346456692
21
0.2196975984251968
0
LINE
8
BLACK
6
CONTINUOUS
10
1.8481428346456692
20
0.2196975984251968
11
1.8481428346456692
21
0.2230218503937008
0
LINE
8
BLACK
6
CONTINUOUS
10
1.8481428346456692
20
0.2230218503937008
11
1.8463545669291339
21
0.2265983858267716
0
LINE
8
BLACK
6
CONTINUOUS
10
1.8463545669291339
20
0.2265983858267716
11
1.8448744094488188
21
0.2280785826771654
0
LINE
8
BLACK
6
CONTINUOUS
10
1.8448744094488188
20
0.2280785826771654
11
1.841297874015748
21
0.2298668503937008
0
LINE
8
BLACK
6
CONTINUOUS
10
1.841297874015748
20
0.2298668503937008
11
1.8298449999999999
21
0.2298668503937008
0
LINE
8
BLACK
6
CONTINUOUS
10
1.8298449999999999
20
0.2298668503937008
11
1.8262683858267716
21
0.2280785433070866
0
LINE
8
BLACK
6
CONTINUOUS
10
1.8262683858267716
20
0.2280785433070866
11
1.8240997637795275
21
0.2259099212598425
0
LINE
8
BLACK
6
CONTINUOUS
10
1.8240997637795275
20
0.2259099212598425
11
1.8214100393700787
21
0.2243570078740157
0
LINE
8
BLACK
6
CONTINUOUS
10
1.8214100393700787
20
0.2243570078740157
11
1.8183042125984252
21
0.2243570078740157
0
LINE
8
BLACK
6
CONTINUOUS
10
1.8183042125984252
20
0.2243570078740157
11
1.8156144881889764
21
0.2259099212598425
0
LINE
8
BLACK
6
CONTINUOUS
10
1.8156144881889764
20
0.2259099212598425
11
1.8140615748031497
21
0.2285996456692913
0
LINE
8
BLACK
6
CONTINUOUS
10
1.8140615748031497
20
0.2285996456692913
11
1.8140615748031497
21
0.2317054724409449
0
LINE
8
BLACK
6
CONTINUOUS
10
1.8140615748031497
20
0.2317054724409449
11
1.8156144881889764
21
0.2343951968503937
0
LINE
8
BLACK
6
CONTINUOUS
10
1.8156144881889764
20
0.2343951968503937
11
1.818471653543307
21
0.2372523622047244
0
LINE
8
BLACK
6
CONTINUOUS
10
1.818471653543307
20
0.2372523622047244
11
1.8193082283464566
21
0.2377353543307087
0
LINE
8
BLACK
6
CONTINUOUS
10
1.8193082283464566
20
0.2377353543307087
11
1.8200310236220472
21
0.2383762992125984
0
LINE
8
BLACK
6
CONTINUOUS
10
1.8200310236220472
20
0.2383762992125984
11
1.82574531496063
21
0.2412334251968504
0
LINE
8
BLACK
6
CONTINUOUS
10
1.82574531496063
20
0.2412334251968504
11
1.8270964566929133
21
0.2415098818897638
0
LINE
8
BLACK
6
CONTINUOUS
10
1.8270964566929133
20
0.2415098818897638
11
1.8284285826771653
21
0.2418668503937008
0
LINE
8
BLACK
6
CONTINUOUS
10
1.8284285826771653
20
0.2418668503937008
11
1.8427142913385826
21
0.2418668503937008
0
LINE
8
BLACK
6
CONTINUOUS
10
1.8427142913385826
20
0.2418668503937008
11
1.8440463779527558
21
0.2415098818897638
0
LINE
8
BLACK
6
CONTINUOUS
10
1.0137003149606298
20
0.2308570472440945
11
1.0144287795275591
21
0.2308693307086614
0
LINE
8
BLACK
6
CONTINUOUS
10
1.0144287795275591
20
0.2308693307086614
11
1.0256773622047244
21
0.2280572047244094
0
LINE
8
BLACK
6
CONTINUOUS
10
1.0256773622047244
20
0.2280572047244094
11
1.0262473228346456
21
0.2277407874015748
0
LINE
8
BLACK
6
CONTINUOUS
10
1.0262473228346456
20
0.2277407874015748
11
1.0268861023622047
21
0.2276100787401575
0
LINE
8
BLACK
6
CONTINUOUS
10
1.0268861023622047
20
0.2276100787401575
11
1.0325103937007873
21
0.2247979133858268
0
LINE
8
BLACK
6
CONTINUOUS
10
1.0325103937007873
20
0.2247979133858268
11
1.0332217716535432
21
0.2241670866141732
0
LINE
8
BLACK
6
CONTINUOUS
10
1.0332217716535432
20
0.2241670866141732
11
1.0340451968503936
21
0.2236916929133858
0
LINE
8
BLACK
6
CONTINUOUS
10
1.0340451968503936
20
0.2236916929133858
11
1.0396695275590551
21
0.2180674015748031
0
LINE
8
BLACK
6
CONTINUOUS
10
1.0396695275590551
20
0.2180674015748031
11
1.0403482283464567
21
0.216891811023622
0
LINE
8
BLACK
6
CONTINUOUS
10
1.0403482283464567
20
0.216891811023622
11
1.0410961811023622
21
0.2157590551181102
0
LINE
8
BLACK
6
CONTINUOUS
10
1.0410961811023622
20
0.2157590551181102
11
1.0439083070866142
21
0.2073225984251968
0
LINE
8
BLACK
6
CONTINUOUS
10
1.0439083070866142
20
0.2073225984251968
11
1.0439652755905511
21
0.2063734251968504
0
LINE
8
BLACK
6
CONTINUOUS
10
1.0439652755905511
20
0.2063734251968504
11
1.0442113385826772
21
0.2054551181102362
0
LINE
8
BLACK
6
CONTINUOUS
10
1.0442113385826772
20
0.2054551181102362
11
1.0442113385826772
21
0.1913943700787402
0
LINE
8
BLACK
6
CONTINUOUS
10
1.0442113385826772
20
0.1913943700787402
11
1.043420157480315
21
0.1884416141732284
0
LINE
8
BLACK
6
CONTINUOUS
10
1.043420157480315
20
0.1884416141732284
11
1.0412585826771654
21
0.1862800393700787
0
LINE
8
BLACK
6
CONTINUOUS
10
1.0412585826771654
20
0.1862800393700787
11
1.0383058267716536
21
0.1854888582677165
0
LINE
8
BLACK
6
CONTINUOUS
10
1.0383058267716536
20
0.1854888582677165
11
0.9792507086614173
21
0.1854888582677165
0
LINE
8
BLACK
6
CONTINUOUS
10
0.9792507086614173
20
0.1854888582677165
11
0.9762979527559055
21
0.1862800393700787
0
LINE
8
BLACK
6
CONTINUOUS
10
0.9762979527559055
20
0.1862800393700787
11
0.9741363779527559
21
0.1884416141732284
0
LINE
8
BLACK
6
CONTINUOUS
10
0.9741363779527559
20
0.1884416141732284
11
0.9733451968503937
21
0.1913943700787402
0
LINE
8
BLACK
6
CONTINUOUS
10
0.9733451968503937
20
0.1913943700787402
11
0.9733451968503937
21
0.2054551181102362
0
LINE
8
BLACK
6
CONTINUOUS
10
0.9733451968503937
20
0.2054551181102362
11
0.9735912598425197
21
0.2063735433070866
0
LINE
8
BLACK
6
CONTINUOUS
10
0.9735912598425197
20
0.2063735433070866
11
0.9736482677165355
21
0.2073225984251968
0
LINE
8
BLACK
6
CONTINUOUS
10
0.9736482677165355
20
0.2073225984251968
11
0.9764603937007874
21
0.2157590551181102
0
LINE
8
BLACK
6
CONTINUOUS
10
0.9764603937007874
20
0.2157590551181102
11
0.9772083858267716
21
0.2168919291338583
0
LINE
8
BLACK
6
CONTINUOUS
10
0.9772083858267716
20
0.2168919291338583
11
0.9778870472440945
21
0.2180674015748031
0
LINE
8
BLACK
6
CONTINUOUS
10
0.9778870472440945
20
0.2180674015748031
11
0.9835113385826771
21
0.2236916929133858
0
LINE
8
BLACK
6
CONTINUOUS
10
0.9835113385826771
20
0.2236916929133858
11
0.9843347637795276
21
0.2241670866141732
0
LINE
8
BLACK
6
CONTINUOUS
10
0.9843347637795276
20
0.2241670866141732
11
0.9850461417322834
21
0.2247979133858268
0
LINE
8
BLACK
6
CONTINUOUS
10
0.9850461417322834
20
0.2247979133858268
11
0.9906703937007874
21
0.2276100787401575
0
LINE
8
BLACK
6
CONTINUOUS
10
0.9906703937007874
20
0.2276100787401575
11
0.9913092125984252
21
0.2277407874015748
0
LINE
8
BLACK
6
CONTINUOUS
10
0.9913092125984252
20
0.2277407874015748
11
0.9918791732283464
21
0.2280572047244094
0
LINE
8
BLACK
6
CONTINUOUS
10
0.9918791732283464
20
0.2280572047244094
11
1.0031277559055118
21
0.2308693307086614
0
LINE
8
BLACK
6
CONTINUOUS
10
1.0031277559055118
20
0.2308693307086614
11
1.0038561811023621
21
0.2308570472440945
0
LINE
8
BLACK
6
CONTINUOUS
10
1.0038561811023621
20
0.2308570472440945
11
1.0045600393700787
21
0.2310456692913386
0
LINE
8
BLACK
6
CONTINUOUS
10
1.0045600393700787
20
0.2310456692913386
11
1.012996496062992
21
0.2310456692913386
0
LINE
8
BLACK
6
CONTINUOUS
10
1.012996496062992
20
0.2310456692913386
11
1.0137003149606298
21
0.2308570472440945
0
LINE
8
BLACK
6
CONTINUOUS
10
0.995372716535433
20
0.216756062992126
11
0.9911853543307086
21
0.2146624015748032
0
LINE
8
BLACK
6
CONTINUOUS
10
0.9911853543307086
20
0.2146624015748032
11
0.9872244488188976
21
0.2107014960629921
0
LINE
8
BLACK
6
CONTINUOUS
10
0.9872244488188976
20
0.2107014960629921
11
0.9851562204724409
21
0.204496811023622
0
LINE
8
BLACK
6
CONTINUOUS
10
0.9851562204724409
20
0.204496811023622
11
0.9851562204724409
21
0.1972998818897638
0
LINE
8
BLACK
6
CONTINUOUS
10
0.9851562204724409
20
0.1972998818897638
11
1.03240031496063
21
0.1972998818897638
0
LINE
8
BLACK
6
CONTINUOUS
10
1.03240031496063
20
0.1972998818897638
11
1.03240031496063
21
0.2044967322834646
0
LINE
8
BLACK
6
CONTINUOUS
10
1.03240031496063
20
0.2044967322834646
11
1.0303320472440944
21
0.2107015354330709
0
LINE
8
BLACK
6
CONTINUOUS
10
1.0303320472440944
20
0.2107015354330709
11
1.0263711811023621
21
0.2146623622047244
0
LINE
8
BLACK
6
CONTINUOUS
10
1.0263711811023621
20
0.2146623622047244
11
1.022183779527559
21
0.2167561023622047
0
LINE
8
BLACK
6
CONTINUOUS
10
1.022183779527559
20
0.2167561023622047
11
1.0122695669291339
21
0.2192346456692913
0
LINE
8
BLACK
6
CONTINUOUS
10
1.0122695669291339
20
0.2192346456692913
11
1.005286968503937
21
0.2192346456692913
0
LINE
8
BLACK
6
CONTINUOUS
10
1.005286968503937
20
0.2192346456692913
11
0.995372716535433
21
0.216756062992126
0
LINE
8
BLACK
6
CONTINUOUS
10
1.6145003149606298
20
0.2318570472440945
11
1.6152287795275591
21
0.2318693307086614
0
LINE
8
BLACK
6
CONTINUOUS
10
1.6152287795275591
20
0.2318693307086614
11
1.6264773622047244
21
0.2290572047244094
0
LINE
8
BLACK
6
CONTINUOUS
10
1.6264773622047244
20
0.2290572047244094
11
1.6270473228346456
21
0.2287407874015748
0
LINE
8
BLACK
6
CONTINUOUS
10
1.6270473228346456
20
0.2287407874015748
11
1.6276861023622047
21
0.2286100787401575
0
LINE
8
BLACK
6
CONTINUOUS
10
1.6276861023622047
20
0.2286100787401575
11
1.6333103937007873
21
0.2257979133858268
0
LINE
8
BLACK
6
CONTINUOUS
10
1.6333103937007873
20
0.2257979133858268
11
1.6340217716535432
21
0.2251670866141732
0
LINE
8
BLACK
6
CONTINUOUS
10
1.6340217716535432
20
0.2251670866141732
11
1.6348451968503936
21
0.2246916929133858
0
LINE
8
BLACK
6
CONTINUOUS
10
1.6348451968503936
20
0.2246916929133858
11
1.6404695275590551
21
0.2190674015748031
0
LINE
8
BLACK
6
CONTINUOUS
10
1.6404695275590551
20
0.2190674015748031
11
1.6411482283464567
21
0.217891811023622
0
LINE
8
BLACK
6
CONTINUOUS
10
1.6411482283464567
20
0.217891811023622
11
1.6418961811023622
21
0.2167590551181102
0
LINE
8
BLACK
6
CONTINUOUS
10
1.6418961811023622
20
0.2167590551181102
11
1.6447083070866142
21
0.2083225984251968
0
LINE
8
BLACK
6
CONTINUOUS
10
1.6447083070866142
20
0.2083225984251968
11
1.6447652755905511
21
0.2073734251968504
0
LINE
8
BLACK
6
CONTINUOUS
10
1.6447652755905511
20
0.2073734251968504
11
1.6450113385826772
21
0.2064551181102362
0
LINE
8
BLACK
6
CONTINUOUS
10
1.6450113385826772
20
0.2064551181102362
11
1.6450113385826772
21
0.1923943700787402
0
LINE
8
BLACK
6
CONTINUOUS
10
1.6450113385826772
20
0.1923943700787402
11
1.644220157480315
21
0.1894416141732283
0
LINE
8
BLACK
6
CONTINUOUS
10
1.644220157480315
20
0.1894416141732283
11
1.6420585826771654
21
0.1872800393700787
0
LINE
8
BLACK
6
CONTINUOUS
10
1.6420585826771654
20
0.1872800393700787
11
1.6391058267716534
21
0.1864888582677165
0
LINE
8
BLACK
6
CONTINUOUS
10
1.6391058267716534
20
0.1864888582677165
11
1.5800507086614173
21
0.1864888582677165
0
LINE
8
BLACK
6
CONTINUOUS
10
1.5800507086614173
20
0.1864888582677165
11
1.5770979527559055
21
0.1872800393700787
0
LINE
8
BLACK
6
CONTINUOUS
10
1.5770979527559055
20
0.1872800393700787
11
1.5749363779527559
21
0.1894416141732283
0
LINE
8
BLACK
6
CONTINUOUS
10
1.5749363779527559
20
0.1894416141732283
11
1.5741451968503937
21
0.1923943700787402
0
LINE
8
BLACK
6
CONTINUOUS
10
1.5741451968503937
20
0.1923943700787402
11
1.5741451968503937
21
0.2064551181102362
0
LINE
8
BLACK
6
CONTINUOUS
10
1.5741451968503937
20
0.2064551181102362
11
1.5743912598425196
21
0.2073735433070866
0
LINE
8
BLACK
6
CONTINUOUS
10
1.5743912598425196
20
0.2073735433070866
11
1.5744482677165355
21
0.2083225984251968
0
LINE
8
BLACK
6
CONTINUOUS
10
1.5744482677165355
20
0.2083225984251968
11
1.5772603937007874
21
0.2167590551181102
0
LINE
8
BLACK
6
CONTINUOUS
10
1.5772603937007874
20
0.2167590551181102
11
1.5780083858267717
21
0.2178919291338583
0
LINE
8
BLACK
6
CONTINUOUS
10
1.5780083858267717
20
0.2178919291338583
11
1.5786870472440944
21
0.2190674015748031
0
LINE
8
BLACK
6
CONTINUOUS
10
1.5786870472440944
20
0.2190674015748031
11
1.584311338582677
21
0.2246916929133858
0
LINE
8
BLACK
6
CONTINUOUS
10
1.584311338582677
20
0.2246916929133858
11
1.5851347637795274
21
0.2251670866141732
0
LINE
8
BLACK
6
CONTINUOUS
10
1.5851347637795274
20
0.2251670866141732
11
1.5858461417322833
21
0.2257979133858268
0
LINE
8
BLACK
6
CONTINUOUS
10
1.5858461417322833
20
0.2257979133858268
11
1.5914703937007875
21
0.2286100787401575
0
LINE
8
BLACK
6
CONTINUOUS
10
1.5914703937007875
20
0.2286100787401575
11
1.5921092125984251
21
0.2287407874015748
0
LINE
8
BLACK
6
CONTINUOUS
10
1.5921092125984251
20
0.2287407874015748
11
1.5926791732283465
21
0.2290572047244094
0
LINE
8
BLACK
6
CONTINUOUS
10
1.5926791732283465
20
0.2290572047244094
11
1.6039277559055118
21
0.2318693307086614
0
LINE
8
BLACK
6
CONTINUOUS
10
1.6039277559055118
20
0.2318693307086614
11
1.6046561811023621
21
0.2318570472440945
0
LINE
8
BLACK
6
CONTINUOUS
10
1.6046561811023621
20
0.2318570472440945
11
1.6053600393700787
21
0.2320456692913386
0
LINE
8
BLACK
6
CONTINUOUS
10
1.6053600393700787
20
0.2320456692913386
11
1.613796496062992
21
0.2320456692913386
0
LINE
8
BLACK
6
CONTINUOUS
10
1.613796496062992
20
0.2320456692913386
11
1.6145003149606298
21
0.2318570472440945
0
LINE
8
BLACK
6
CONTINUOUS
10
1.5961727165354331
20
0.217756062992126
11
1.5919853543307085
21
0.2156624015748032
0
LINE
8
BLACK
6
CONTINUOUS
10
1.5919853543307085
20
0.2156624015748032
11
1.5880244488188977
21
0.2117014960629921
0
LINE
8
BLACK
6
CONTINUOUS
10
1.5880244488188977
20
0.2117014960629921
11
1.5859562204724409
21
0.2054968110236221
0
LINE
8
BLACK
6
CONTINUOUS
10
1.5859562204724409
20
0.2054968110236221
11
1.5859562204724409
21
0.1982998818897638
0
LINE
8
BLACK
6
CONTINUOUS
10
1.5859562204724409
20
0.1982998818897638
11
1.6332003149606298
21
0.1982998818897638
0
LINE
8
BLACK
6
CONTINUOUS
10
1.6332003149606298
20
0.1982998818897638
11
1.6332003149606298
21
0.2054967322834646
0
LINE
8
BLACK
6
CONTINUOUS
10
1.6332003149606298
20
0.2054967322834646
11
1.6311320472440944
21
0.2117015354330709
0
LINE
8
BLACK
6
CONTINUOUS
10
1.6311320472440944
20
0.2117015354330709
11
1.6271711811023621
21
0.2156623622047244
0
LINE
8
BLACK
6
CONTINUOUS
10
1.6271711811023621
20
0.2156623622047244
11
1.622983779527559
21
0.2177561023622047
0
LINE
8
BLACK
6
CONTINUOUS
10
1.622983779527559
20
0.2177561023622047
11
1.6130695669291337
21
0.2202346456692913
0
LINE
8
BLACK
6
CONTINUOUS
10
1.6130695669291337
20
0.2202346456692913
11
1.606086968503937
21
0.2202346456692913
0
LINE
8
BLACK
6
CONTINUOUS
10
1.606086968503937
20
0.2202346456692913
11
1.5961727165354331
21
0.217756062992126
0
LINE
8
BLACK
6
CONTINUOUS
10
0.5657
20
0.2485
11
0.5007
21
0.2485
0
LINE
8
BLACK
6
CONTINUOUS
10
0.5007
20
0.2485
11
0.5007
21
0.3135
0
LINE
8
BLACK
6
CONTINUOUS
10
0.5007
20
0.3135
11
0.5657
21
0.3135
0
LINE
8
BLACK
6
CONTINUOUS
10
0.5657
20
0.3135
11
0.5657
21
0.2485
0
LINE
8
BLACK
6
CONTINUOUS
10
0.5657
20
0.4485
11
0.5007
21
0.4485
0
LINE
8
BLACK
6
CONTINUOUS
10
0.5007
20
0.4485
11
0.5007
21
0.5135
0
LINE
8
BLACK
6
CONTINUOUS
10
0.5007
20
0.5135
11
0.5657
21
0.5135
0
LINE
8
BLACK
6
CONTINUOUS
10
0.5657
20
0.5135
11
0.5657
21
0.4485
0
LINE
8
BLACK
6
CONTINUOUS
10
0.5846086614173228
20
0.5357974803149607
11
0.5849157874015748
21
0.5356000787401575
0
LINE
8
BLACK
6
CONTINUOUS
10
0.5849157874015748
20
0.5356000787401575
11
0.5852770866141732
21
0.5355481496062992
0
LINE
8
BLACK
6
CONTINUOUS
10
0.5852770866141732
20
0.5355481496062992
11
0.5860823228346457
21
0.5348503543307086
0
LINE
8
BLACK
6
CONTINUOUS
10
0.5860823228346457
20
0.5348503543307086
11
0.5869787401574803
21
0.5342742913385826
0
LINE
8
BLACK
6
CONTINUOUS
10
0.5869787401574803
20
0.5342742913385826
11
0.5871303543307086
21
0.5339422047244095
0
LINE
8
BLACK
6
CONTINUOUS
10
0.5871303543307086
20
0.5339422047244095
11
0.5874062598425197
21
0.5337031889763779
0
LINE
8
BLACK
6
CONTINUOUS
10
0.5874062598425197
20
0.5337031889763779
11
0.5877064566929133
21
0.5326807874015748
0
LINE
8
BLACK
6
CONTINUOUS
10
0.5877064566929133
20
0.5326807874015748
11
0.588149094488189
21
0.5317115748031496
0
LINE
8
BLACK
6
CONTINUOUS
10
0.588149094488189
20
0.5317115748031496
11
0.5880971259842519
21
0.5313502755905511
0
LINE
8
BLACK
6
CONTINUOUS
10
0.5880971259842519
20
0.5313502755905511
11
0.5881999999999999
21
0.531
0
LINE
8
BLACK
6
CONTINUOUS
10
0.5881999999999999
20
0.531
11
0.5881999999999999
21
0.331
0
LINE
8
BLACK
6
CONTINUOUS
10
0.5881999999999999
20
0.331
11
0.5881999999999999
21
0.231
0
LINE
8
BLACK
6
CONTINUOUS
10
0.5881999999999999
20
0.231
11
0.5879974803149606
21
0.2295913385826772
0
LINE
8
BLACK
6
CONTINUOUS
10
0.5879974803149606
20
0.2295913385826772
11
0.5878000787401575
21
0.2292841732283465
0
LINE
8
BLACK
6
CONTINUOUS
10
0.5878000787401575
20
0.2292841732283465
11
0.5877481496062992
21
0.2289229133858268
0
LINE
8
BLACK
6
CONTINUOUS
10
0.5877481496062992
20
0.2289229133858268
11
0.5870503543307086
21
0.2281176377952756
0
LINE
8
BLACK
6
CONTINUOUS
10
0.5870503543307086
20
0.2281176377952756
11
0.5864742913385826
21
0.2272212598425197
0
LINE
8
BLACK
6
CONTINUOUS
10
0.5864742913385826
20
0.2272212598425197
11
0.5861422047244095
21
0.2270696062992126
0
LINE
8
BLACK
6
CONTINUOUS
10
0.5861422047244095
20
0.2270696062992126
11
0.5859031889763779
21
0.2267937401574803
0
LINE
8
BLACK
6
CONTINUOUS
10
0.5859031889763779
20
0.2267937401574803
11
0.5848807874015748
21
0.2264935039370079
0
LINE
8
BLACK
6
CONTINUOUS
10
0.5848807874015748
20
0.2264935039370079
11
0.5839115748031496
21
0.226050905511811
0
LINE
8
BLACK
6
CONTINUOUS
10
0.5839115748031496
20
0.226050905511811
11
0.5835502755905512
21
0.2261028346456693
0
LINE
8
BLACK
6
CONTINUOUS
10
0.5835502755905512
20
0.2261028346456693
11
0.5831999999999999
21
0.226
0
LINE
8
BLACK
6
CONTINUOUS
10
0.5831999999999999
20
0.226
11
0.4832
21
0.226
0
LINE
8
BLACK
6
CONTINUOUS
10
0.4832
20
0.226
11
0.4817913385826771
21
0.2262025196850394
0
LINE
8
BLACK
6
CONTINUOUS
10
0.4817913385826771
20
0.2262025196850394
11
0.4814841732283465
21
0.2263998818897638
0
LINE
8
BLACK
6
CONTINUOUS
10
0.4814841732283465
20
0.2263998818897638
11
0.4811229133858267
21
0.2264518503937008
0
LINE
8
BLACK
6
CONTINUOUS
10
0.4811229133858267
20
0.2264518503937008
11
0.4803176377952756
21
0.2271496062992126
0
LINE
8
BLACK
6
CONTINUOUS
10
0.4803176377952756
20
0.2271496062992126
11
0.4794212598425197
21
0.2277257086614173
0
LINE
8
BLACK
6
CONTINUOUS
10
0.4794212598425197
20
0.2277257086614173
11
0.4792696062992126
21
0.2280577559055118
0
LINE
8
BLACK
6
CONTINUOUS
10
0.4792696062992126
20
0.2280577559055118
11
0.4789937401574803
21
0.228296811023622
0
LINE
8
BLACK
6
CONTINUOUS
10
0.4789937401574803
20
0.228296811023622
11
0.4786935039370079
21
0.2293191732283464
0
LINE
8
BLACK
6
CONTINUOUS
10
0.4786935039370079
20
0.2293191732283464
11
0.478250905511811
21
0.2302884251968504
0
LINE
8
BLACK
6
CONTINUOUS
10
0.478250905511811
20
0.2302884251968504
11
0.4783028346456693
21
0.2306496850393701
0
LINE
8
BLACK
6
CONTINUOUS
10
0.4783028346456693
20
0.2306496850393701
11
0.4782
21
0.231
0
LINE
8
BLACK
6
CONTINUOUS
10
0.4782
20
0.231
11
0.4782
21
0.331
0
LINE
8
BLACK
6
CONTINUOUS
10
0.4782
20
0.331
11
0.4782
21
0.531
0
LINE
8
BLACK
6
CONTINUOUS
10
0.4782
20
0.531
11
0.4784025196850394
21
0.5324086614173228
0
LINE
8
BLACK
6
CONTINUOUS
10
0.4784025196850394
20
0.5324086614173228
11
0.4785998818897638
21
0.5327157874015748
0
LINE
8
BLACK
6
CONTINUOUS
10
0.4785998818897638
20
0.5327157874015748
11
0.4786518503937008
21
0.5330770866141732
0
LINE
8
BLACK
6
CONTINUOUS
10
0.4786518503937008
20
0.5330770866141732
11
0.4793496062992126
21
0.5338823228346457
0
LINE
8
BLACK
6
CONTINUOUS
10
0.4793496062992126
20
0.5338823228346457
11
0.4799257086614173
21
0.5347787401574803
0
LINE
8
BLACK
6
CONTINUOUS
10
0.4799257086614173
20
0.5347787401574803
11
0.4802577559055118
21
0.5349303543307087
0
LINE
8
BLACK
6
CONTINUOUS
10
0.4802577559055118
20
0.5349303543307087
11
0.480496811023622
21
0.5352062598425197
0
LINE
8
BLACK
6
CONTINUOUS
10
0.480496811023622
20
0.5352062598425197
11
0.4815191732283464
21
0.5355064566929134
0
LINE
8
BLACK
6
CONTINUOUS
10
0.4815191732283464
20
0.5355064566929134
11
0.4824884251968504
21
0.5359490944881889
0
LINE
8
BLACK
6
CONTINUOUS
10
0.4824884251968504
20
0.5359490944881889
11
0.4828496850393701
21
0.535897125984252
0
LINE
8
BLACK
6
CONTINUOUS
10
0.4828496850393701
20
0.535897125984252
11
0.4832
21
0.536
0
LINE
8
BLACK
6
CONTINUOUS
10
0.4832
20
0.536
11
0.5831999999999999
21
0.536
0
LINE
8
BLACK
6
CONTINUOUS
10
0.5831999999999999
20
0.536
11
0.5846086614173228
21
0.5357974803149607
0
LINE
8
BLACK
6
CONTINUOUS
10
0.4882
20
0.526
11
0.4882
21
0.331
0
LINE
8
BLACK
6
CONTINUOUS
10
0.4882
20
0.331
11
0.4882
21
0.236
0
LINE
8
BLACK
6
CONTINUOUS
10
0.4882
20
0.236
11
0.5781999999999999
21
0.236
0
LINE
8
BLACK
6
CONTINUOUS
10
0.5781999999999999
20
0.236
11
0.5781999999999999
21
0.331
0
LINE
8
BLACK
6
CONTINUOUS
10
0.5781999999999999
20
0.331
11
0.5781999999999999
21
0.526
0
LINE
8
BLACK
6
CONTINUOUS
10
0.5781999999999999
20
0.526
11
0.4882
21
0.526
0
LINE
8
BLACK
6
CONTINUOUS
10
0.6609683070866141
20
0.2717046850393701
11
0.6622982677165354
21
0.2714325590551181
0
LINE
8
BLACK
6
CONTINUOUS
10
0.6622982677165354
20
0.2714325590551181
11
0.6679225590551181
21
0.2686203937007874
0
LINE
8
BLACK
6
CONTINUOUS
10
0.6679225590551181
20
0.2686203937007874
11
0.6686338976377952
21
0.2679895669291338
0
LINE
8
BLACK
6
CONTINUOUS
10
0.6686338976377952
20
0.2679895669291338
11
0.6694573228346457
21
0.2675142125984252
0
LINE
8
BLACK
6
CONTINUOUS
10
0.6694573228346457
20
0.2675142125984252
11
0.6722694881889764
21
0.2647020866141732
0
LINE
8
BLACK
6
CONTINUOUS
10
0.6722694881889764
20
0.2647020866141732
11
0.6727449606299213
21
0.2638785433070866
0
LINE
8
BLACK
6
CONTINUOUS
10
0.6727449606299213
20
0.2638785433070866
11
0.673375748031496
21
0.2631672047244095
0
LINE
8
BLACK
6
CONTINUOUS
10
0.673375748031496
20
0.2631672047244095
11
0.6761879133858267
21
0.257542874015748
0
LINE
8
BLACK
6
CONTINUOUS
10
0.6761879133858267
20
0.257542874015748
11
0.6764600787401575
21
0.2562127559055118
0
LINE
8
BLACK
6
CONTINUOUS
10
0.6764600787401575
20
0.2562127559055118
11
0.6768113385826772
21
0.2549018897637795
0
LINE
8
BLACK
6
CONTINUOUS
10
0.6768113385826772
20
0.2549018897637795
11
0.6768113385826772
21
0.2408411811023622
0
LINE
8
BLACK
6
CONTINUOUS
10
0.6768113385826772
20
0.2408411811023622
11
0.6765652755905511
21
0.2399228346456693
0
LINE
8
BLACK
6
CONTINUOUS
10
0.6765652755905511
20
0.2399228346456693
11
0.6765083070866141
21
0.2389737007874016
0
LINE
8
BLACK
6
CONTINUOUS
10
0.6765083070866141
20
0.2389737007874016
11
0.6736961811023622
21
0.2305372440944882
0
LINE
8
BLACK
6
CONTINUOUS
10
0.6736961811023622
20
0.2305372440944882
11
0.6720118503937008
21
0.2279862204724409
0
LINE
8
BLACK
6
CONTINUOUS
10
0.6720118503937008
20
0.2279862204724409
11
0.6692776377952756
21
0.226619094488189
0
LINE
8
BLACK
6
CONTINUOUS
10
0.6692776377952756
20
0.226619094488189
11
0.666226220472441
21
0.2268022440944882
0
LINE
8
BLACK
6
CONTINUOUS
10
0.666226220472441
20
0.2268022440944882
11
0.6636751968503937
21
0.2284865748031496
0
LINE
8
BLACK
6
CONTINUOUS
10
0.6636751968503937
20
0.2284865748031496
11
0.6623080708661417
21
0.2312207874015748
0
LINE
8
BLACK
6
CONTINUOUS
10
0.6623080708661417
20
0.2312207874015748
11
0.6624912204724409
21
0.2342722047244094
0
LINE
8
BLACK
6
CONTINUOUS
10
0.6624912204724409
20
0.2342722047244094
11
0.6650003149606299
21
0.2417995275590551
0
LINE
8
BLACK
6
CONTINUOUS
10
0.6650003149606299
20
0.2417995275590551
11
0.6650003149606299
21
0.2535077952755905
0
LINE
8
BLACK
6
CONTINUOUS
10
0.6650003149606299
20
0.2535077952755905
11
0.6632402362204725
21
0.2570279527559055
0
LINE
8
BLACK
6
CONTINUOUS
10
0.6632402362204725
20
0.2570279527559055
11
0.6617833858267717
21
0.258484842519685
0
LINE
8
BLACK
6
CONTINUOUS
10
0.6617833858267717
20
0.258484842519685
11
0.6582631496062992
21
0.260245
0
LINE
8
BLACK
6
CONTINUOUS
10
0.6582631496062992
20
0.260245
11
0.6554270472440945
21
0.260245
0
LINE
8
BLACK
6
CONTINUOUS
10
0.6554270472440945
20
0.260245
11
0.651906811023622
21
0.258484842519685
0
LINE
8
BLACK
6
CONTINUOUS
10
0.651906811023622
20
0.258484842519685
11
0.6504499212598425
21
0.2570279921259843
0
LINE
8
BLACK
6
CONTINUOUS
10
0.6504499212598425
20
0.2570279921259843
11
0.6483562598425197
21
0.2528406299212598
0
LINE
8
BLACK
6
CONTINUOUS
10
0.6483562598425197
20
0.2528406299212598
11
0.6457013779527558
21
0.2422210236220472
0
LINE
8
BLACK
6
CONTINUOUS
10
0.6457013779527558
20
0.2422210236220472
11
0.6453849606299212
21
0.241651062992126
0
LINE
8
BLACK
6
CONTINUOUS
10
0.6453849606299212
20
0.241651062992126
11
0.6452542519685039
21
0.2410122440944882
0
LINE
8
BLACK
6
CONTINUOUS
10
0.6452542519685039
20
0.2410122440944882
11
0.6424420866141732
21
0.2353879921259842
0
LINE
8
BLACK
6
CONTINUOUS
10
0.6424420866141732
20
0.2353879921259842
11
0.6418112598425196
21
0.2346766141732284
0
LINE
8
BLACK
6
CONTINUOUS
10
0.6418112598425196
20
0.2346766141732284
11
0.641335905511811
21
0.2338532283464567
0
LINE
8
BLACK
6
CONTINUOUS
10
0.641335905511811
20
0.2338532283464567
11
0.638523779527559
21
0.231041062992126
0
LINE
8
BLACK
6
CONTINUOUS
10
0.638523779527559
20
0.231041062992126
11
0.63770031496063
21
0.2305656299212598
0
LINE
8
BLACK
6
CONTINUOUS
10
0.63770031496063
20
0.2305656299212598
11
0.636988937007874
21
0.2299348031496063
0
LINE
8
BLACK
6
CONTINUOUS
10
0.636988937007874
20
0.2299348031496063
11
0.6313646456692913
21
0.2271226771653543
0
LINE
8
BLACK
6
CONTINUOUS
10
0.6313646456692913
20
0.2271226771653543
11
0.6300347637795275
21
0.2268505118110236
0
LINE
8
BLACK
6
CONTINUOUS
10
0.6300347637795275
20
0.2268505118110236
11
0.6287236220472441
21
0.2264992125984252
0
LINE
8
BLACK
6
CONTINUOUS
10
0.6287236220472441
20
0.2264992125984252
11
0.6230992913385827
21
0.2264992125984252
0
LINE
8
BLACK
6
CONTINUOUS
10
0.6230992913385827
20
0.2264992125984252
11
0.621788031496063
21
0.2268505511811024
0
LINE
8
BLACK
6
CONTINUOUS
10
0.621788031496063
20
0.2268505511811024
11
0.6204583070866142
21
0.2271226771653543
0
LINE
8
BLACK
6
CONTINUOUS
10
0.6204583070866142
20
0.2271226771653543
11
0.6148339763779528
21
0.2299348031496063
0
LINE
8
BLACK
6
CONTINUOUS
10
0.6148339763779528
20
0.2299348031496063
11
0.6141225590551181
21
0.2305656299212598
0
LINE
8
BLACK
6
CONTINUOUS
10
0.6141225590551181
20
0.2305656299212598
11
0.6132991338582677
21
0.231041062992126
0
LINE
8
BLACK
6
CONTINUOUS
10
0.6132991338582677
20
0.231041062992126
11
0.6104870078740158
21
0.2338532283464567
0
LINE
8
BLACK
6
CONTINUOUS
10
0.6104870078740158
20
0.2338532283464567
11
0.6100116141732284
21
0.2346766141732284
0
LINE
8
BLACK
6
CONTINUOUS
10
0.6100116141732284
20
0.2346766141732284
11
0.6093808267716535
21
0.2353879921259842
0
LINE
8
BLACK
6
CONTINUOUS
10
0.6093808267716535
20
0.2353879921259842
11
0.6065686614173228
21
0.2410122834645669
0
LINE
8
BLACK
6
CONTINUOUS
10
0.6065686614173228
20
0.2410122834645669
11
0.6062964960629921
21
0.2423422047244095
0
LINE
8
BLACK
6
CONTINUOUS
10
0.6062964960629921
20
0.2423422047244095
11
0.6059451968503937
21
0.2436533070866142
0
LINE
8
BLACK
6
CONTINUOUS
10
0.6059451968503937
20
0.2436533070866142
11
0.6059451968503937
21
0.2577140551181102
0
LINE
8
BLACK
6
CONTINUOUS
10
0.6059451968503937
20
0.2577140551181102
11
0.6061912598425196
21
0.2586324803149606
0
LINE
8
BLACK
6
CONTINUOUS
10
0.6061912598425196
20
0.2586324803149606
11
0.6062482677165354
21
0.2595815354330709
0
LINE
8
BLACK
6
CONTINUOUS
10
0.6062482677165354
20
0.2595815354330709
11
0.6090603937007874
21
0.2680179921259843
0
LINE
8
BLACK
6
CONTINUOUS
10
0.6090603937007874
20
0.2680179921259843
11
0.6107447244094488
21
0.2705690157480315
0
LINE
8
BLACK
6
CONTINUOUS
10
0.6107447244094488
20
0.2705690157480315
11
0.613478937007874
21
0.2719361417322835
0
LINE
8
BLACK
6
CONTINUOUS
10
0.613478937007874
20
0.2719361417322835
11
0.6165303543307087
21
0.2717529527559055
0
LINE
8
BLACK
6
CONTINUOUS
10
0.6165303543307087
20
0.2717529527559055
11
0.6190814173228346
21
0.2700686220472441
0
LINE
8
BLACK
6
CONTINUOUS
10
0.6190814173228346
20
0.2700686220472441
11
0.6204485039370079
21
0.2673344094488189
0
LINE
8
BLACK
6
CONTINUOUS
10
0.6204485039370079
20
0.2673344094488189
11
0.6202653149606299
21
0.2642829921259843
0
LINE
8
BLACK
6
CONTINUOUS
10
0.6202653149606299
20
0.2642829921259843
11
0.6177562204724409
21
0.256755748031496
0
LINE
8
BLACK
6
CONTINUOUS
10
0.6177562204724409
20
0.256755748031496
11
0.6177562204724409
21
0.2450474015748031
0
LINE
8
BLACK
6
CONTINUOUS
10
0.6177562204724409
20
0.2450474015748031
11
0.6195163385826772
21
0.241527125984252
0
LINE
8
BLACK
6
CONTINUOUS
10
0.6195163385826772
20
0.241527125984252
11
0.620973188976378
21
0.2400702755905512
0
LINE
8
BLACK
6
CONTINUOUS
10
0.620973188976378
20
0.2400702755905512
11
0.6244933858267716
21
0.2383102362204724
0
LINE
8
BLACK
6
CONTINUOUS
10
0.6244933858267716
20
0.2383102362204724
11
0.6273295275590551
21
0.2383102362204724
0
LINE
8
BLACK
6
CONTINUOUS
10
0.6273295275590551
20
0.2383102362204724
11
0.6308496456692914
21
0.2400702755905512
0
LINE
8
BLACK
6
CONTINUOUS
10
0.6308496456692914
20
0.2400702755905512
11
0.6323065354330708
21
0.2415271653543307
0
LINE
8
BLACK
6
CONTINUOUS
10
0.6323065354330708
20
0.2415271653543307
11
0.6344002362204725
21
0.2457145669291338
0
LINE
8
BLACK
6
CONTINUOUS
10
0.6344002362204725
20
0.2457145669291338
11
0.6370551574803149
21
0.2563341732283465
0
LINE
8
BLACK
6
CONTINUOUS
10
0.6370551574803149
20
0.2563341732283465
11
0.6373715354330709
21
0.2569041338582677
0
LINE
8
BLACK
6
CONTINUOUS
10
0.6373715354330709
20
0.2569041338582677
11
0.6375022834645669
21
0.2575429133858267
0
LINE
8
BLACK
6
CONTINUOUS
10
0.6375022834645669
20
0.2575429133858267
11
0.6403144488188977
21
0.2631672440944882
0
LINE
8
BLACK
6
CONTINUOUS
10
0.6403144488188977
20
0.2631672440944882
11
0.6409452755905511
21
0.2638786220472441
0
LINE
8
BLACK
6
CONTINUOUS
10
0.6409452755905511
20
0.2638786220472441
11
0.6414207086614173
21
0.2647020866141732
0
LINE
8
BLACK
6
CONTINUOUS
10
0.6414207086614173
20
0.2647020866141732
11
0.644232874015748
21
0.2675142125984252
0
LINE
8
BLACK
6
CONTINUOUS
10
0.644232874015748
20
0.2675142125984252
11
0.6450562598425197
21
0.2679895669291338
0
LINE
8
BLACK
6
CONTINUOUS
10
0.6450562598425197
20
0.2679895669291338
11
0.6457676377952756
21
0.2686203937007874
0
LINE
8
BLACK
6
CONTINUOUS
10
0.6457676377952756
20
0.2686203937007874
11
0.6513918897637795
21
0.2714325590551181
0
LINE
8
BLACK
6
CONTINUOUS
10
0.6513918897637795
20
0.2714325590551181
11
0.6527218897637795
21
0.2717047244094488
0
LINE
8
BLACK
6
CONTINUOUS
10
0.6527218897637795
20
0.2717047244094488
11
0.6540329527559055
21
0.2720560236220472
0
LINE
8
BLACK
6
CONTINUOUS
10
0.6540329527559055
20
0.2720560236220472
11
0.6596572440944882
21
0.2720560236220472
0
LINE
8
BLACK
6
CONTINUOUS
10
0.6596572440944882
20
0.2720560236220472
11
0.6609683070866141
21
0.2717046850393701
0
LINE
8
BLACK
6
CONTINUOUS
10
1.5327694094488189
20
0.3244361811023622
11
1.5335333464566929
21
0.3220850393700787
0
LINE
8
BLACK
6
CONTINUOUS
10
1.5335333464566929
20
0.3220850393700787
11
1.5335333464566929
21
0.286370748031496
0
LINE
8
BLACK
6
CONTINUOUS
10
1.5335333464566929
20
0.286370748031496
11
1.5333329921259842
21
0.2857541338582677
0
LINE
8
BLACK
6
CONTINUOUS
10
1.5333329921259842
20
0.2857541338582677
11
1.5333280708661416
21
0.2851058267716535
0
LINE
8
BLACK
6
CONTINUOUS
10
1.5333280708661416
20
0.2851058267716535
11
1.5309470866141732
21
0.2779629921259842
0
LINE
8
BLACK
6
CONTINUOUS
10
1.5309470866141732
20
0.2779629921259842
11
1.5303994094488189
21
0.2772211023622047
0
LINE
8
BLACK
6
CONTINUOUS
10
1.5303994094488189
20
0.2772211023622047
11
1.5299807874015747
21
0.2763994881889764
0
LINE
8
BLACK
6
CONTINUOUS
10
1.5299807874015747
20
0.2763994881889764
11
1.5252188976377952
21
0.2716375984251969
0
LINE
8
BLACK
6
CONTINUOUS
10
1.5252188976377952
20
0.2716375984251969
11
1.5243972440944882
21
0.271218937007874
0
LINE
8
BLACK
6
CONTINUOUS
10
1.5243972440944882
20
0.271218937007874
11
1.5236553937007873
21
0.2706712992125984
0
LINE
8
BLACK
6
CONTINUOUS
10
1.5236553937007873
20
0.2706712992125984
11
1.5165125196850393
21
0.2682903149606299
0
LINE
8
BLACK
6
CONTINUOUS
10
1.5165125196850393
20
0.2682903149606299
11
1.5158641732283464
21
0.2682853543307087
0
LINE
8
BLACK
6
CONTINUOUS
10
1.5158641732283464
20
0.2682853543307087
11
1.5152475984251967
21
0.2680850393700787
0
LINE
8
BLACK
6
CONTINUOUS
10
1.5152475984251967
20
0.2680850393700787
11
1.5104857086614172
21
0.2680850393700787
0
LINE
8
BLACK
6
CONTINUOUS
10
1.5104857086614172
20
0.2680850393700787
11
1.5081345669291337
21
0.2688489763779527
0
LINE
8
BLACK
6
CONTINUOUS
10
1.5081345669291337
20
0.2688489763779527
11
1.5066814960629922
21
0.2708489763779527
0
LINE
8
BLACK
6
CONTINUOUS
10
1.5066814960629922
20
0.2708489763779527
11
1.5066814960629922
21
0.2733211023622047
0
LINE
8
BLACK
6
CONTINUOUS
10
1.5066814960629922
20
0.2733211023622047
11
1.5081345669291337
21
0.2753211023622047
0
LINE
8
BLACK
6
CONTINUOUS
10
1.5081345669291337
20
0.2753211023622047
11
1.5104857086614172
21
0.2760850393700787
0
LINE
8
BLACK
6
CONTINUOUS
10
1.5104857086614172
20
0.2760850393700787
11
1.5145985039370078
21
0.2760850393700787
0
LINE
8
BLACK
6
CONTINUOUS
10
1.5145985039370078
20
0.2760850393700787
11
1.5202297244094487
21
0.277962125984252
0
LINE
8
BLACK
6
CONTINUOUS
10
1.5202297244094487
20
0.277962125984252
11
1.5236562204724409
21
0.2813886220472441
0
LINE
8
BLACK
6
CONTINUOUS
10
1.5236562204724409
20
0.2813886220472441
11
1.5255333464566929
21
0.287019842519685
0
LINE
8
BLACK
6
CONTINUOUS
10
1.5255333464566929
20
0.287019842519685
11
1.5255333464566929
21
0.3220850393700787
0
LINE
8
BLACK
6
CONTINUOUS
10
1.5255333464566929
20
0.3220850393700787
11
1.5262972834645669
21
0.3244361811023622
0
LINE
8
BLACK
6
CONTINUOUS
10
1.5262972834645669
20
0.3244361811023622
11
1.5282972834645669
21
0.3258892519685039
0
LINE
8
BLACK
6
CONTINUOUS
10
1.5282972834645669
20
0.3258892519685039
11
1.5307694094488189
21
0.3258892519685039
0
LINE
8
BLACK
6
CONTINUOUS
10
1.5307694094488189
20
0.3258892519685039
11
1.5327694094488189
21
0.3244361811023622
0
LINE
8
BLACK
6
CONTINUOUS
10
1.5803025984251968
20
0.3258350787401575
11
1.5811082283464566
21
0.325761968503937
0
LINE
8
BLACK
6
CONTINUOUS
10
1.5811082283464566
20
0.325761968503937
11
1.5814511417322834
21
0.3254618897637795
0
LINE
8
BLACK
6
CONTINUOUS
10
1.5814511417322834
20
0.3254618897637795
11
1.5818844881889764
21
0.3253211023622047
0
LINE
8
BLACK
6
CONTINUOUS
10
1.5818844881889764
20
0.3253211023622047
11
1.5823599212598425
21
0.3246666929133858
0
LINE
8
BLACK
6
CONTINUOUS
10
1.5823599212598425
20
0.3246666929133858
11
1.5829686614173228
21
0.3241340551181102
0
LINE
8
BLACK
6
CONTINUOUS
10
1.5829686614173228
20
0.3241340551181102
11
1.58306968503937
21
0.3236897244094488
0
LINE
8
BLACK
6
CONTINUOUS
10
1.58306968503937
20
0.3236897244094488
11
1.583337559055118
21
0.3233211023622047
0
LINE
8
BLACK
6
CONTINUOUS
10
1.583337559055118
20
0.3233211023622047
11
1.583337559055118
21
0.3225122440944882
0
LINE
8
BLACK
6
CONTINUOUS
10
1.583337559055118
20
0.3225122440944882
11
1.583516968503937
21
0.3217235039370079
0
LINE
8
BLACK
6
CONTINUOUS
10
1.583516968503937
20
0.3217235039370079
11
1.583337559055118
21
0.3213046062992126
0
LINE
8
BLACK
6
CONTINUOUS
10
1.583337559055118
20
0.3213046062992126
11
1.583337559055118
21
0.3208489763779527
0
LINE
8
BLACK
6
CONTINUOUS
10
1.583337559055118
20
0.3208489763779527
11
1.5828621259842519
21
0.3201946062992126
0
LINE
8
BLACK
6
CONTINUOUS
10
1.5828621259842519
20
0.3201946062992126
11
1.5825436614173227
21
0.3194510236220472
0
LINE
8
BLACK
6
CONTINUOUS
10
1.5825436614173227
20
0.3194510236220472
11
1.5713688188976378
21
0.3066798425196851
0
LINE
8
BLACK
6
CONTINUOUS
10
1.5713688188976378
20
0.3066798425196851
11
1.5717983858267717
21
0.3066151574803149
0
LINE
8
BLACK
6
CONTINUOUS
10
1.5717983858267717
20
0.3066151574803149
11
1.5765602755905512
21
0.3042342125984252
0
LINE
8
BLACK
6
CONTINUOUS
10
1.5765602755905512
20
0.3042342125984252
11
1.5770222047244093
21
0.3037792125984252
0
LINE
8
BLACK
6
CONTINUOUS
10
1.5770222047244093
20
0.3037792125984252
11
1.5775998818897636
21
0.3034848818897637
0
LINE
8
BLACK
6
CONTINUOUS
10
1.5775998818897636
20
0.3034848818897637
11
1.5799808267716535
21
0.3011038976377953
0
LINE
8
BLACK
6
CONTINUOUS
10
1.5799808267716535
20
0.3011038976377953
11
1.5802750787401574
21
0.3005263385826771
0
LINE
8
BLACK
6
CONTINUOUS
10
1.5802750787401574
20
0.3005263385826771
11
1.5807300787401575
21
0.3000644094488189
0
LINE
8
BLACK
6
CONTINUOUS
10
1.5807300787401575
20
0.3000644094488189
11
1.5831110629921259
21
0.2953024803149606
0
LINE
8
BLACK
6
CONTINUOUS
10
1.5831110629921259
20
0.2953024803149606
11
1.5832483858267716
21
0.2943905118110236
0
LINE
8
BLACK
6
CONTINUOUS
10
1.5832483858267716
20
0.2943905118110236
11
1.583533346456693
21
0.2935136220472441
0
LINE
8
BLACK
6
CONTINUOUS
10
1.583533346456693
20
0.2935136220472441
11
1.583533346456693
21
0.2816088582677165
0
LINE
8
BLACK
6
CONTINUOUS
10
1.583533346456693
20
0.2816088582677165
11
1.5832483858267716
21
0.2807319291338582
0
LINE
8
BLACK
6
CONTINUOUS
10
1.5832483858267716
20
0.2807319291338582
11
1.5831110629921259
21
0.27982
0
LINE
8
BLACK
6
CONTINUOUS
10
1.5831110629921259
20
0.27982
11
1.5807300787401575
21
0.2750580708661417
0
LINE
8
BLACK
6
CONTINUOUS
10
1.5807300787401575
20
0.2750580708661417
11
1.5802750787401574
21
0.2745961023622047
0
LINE
8
BLACK
6
CONTINUOUS
10
1.5802750787401574
20
0.2745961023622047
11
1.5799807874015748
21
0.2740185433070866
0
LINE
8
BLACK
6
CONTINUOUS
10
1.5799807874015748
20
0.2740185433070866
11
1.5775998425196851
21
0.2716375984251969
0
LINE
8
BLACK
6
CONTINUOUS
10
1.5775998425196851
20
0.2716375984251969
11
1.5770221653543306
21
0.2713432677165354
0
LINE
8
BLACK
6
CONTINUOUS
10
1.5770221653543306
20
0.2713432677165354
11
1.57656031496063
21
0.2708883464566929
0
LINE
8
BLACK
6
CONTINUOUS
10
1.57656031496063
20
0.2708883464566929
11
1.5717984251968504
21
0.2685073228346457
0
LINE
8
BLACK
6
CONTINUOUS
10
1.5717984251968504
20
0.2685073228346457
11
1.5708864173228345
21
0.2683699606299212
0
LINE
8
BLACK
6
CONTINUOUS
10
1.5708864173228345
20
0.2683699606299212
11
1.5700095275590551
21
0.2680850393700787
0
LINE
8
BLACK
6
CONTINUOUS
10
1.5700095275590551
20
0.2680850393700787
11
1.5557238188976377
21
0.2680850393700787
0
LINE
8
BLACK
6
CONTINUOUS
10
1.5557238188976377
20
0.2680850393700787
11
1.5548468897637795
21
0.2683699606299212
0
LINE
8
BLACK
6
CONTINUOUS
10
1.5548468897637795
20
0.2683699606299212
11
1.5539349606299213
21
0.2685073228346457
0
LINE
8
BLACK
6
CONTINUOUS
10
1.5539349606299213
20
0.2685073228346457
11
1.549173031496063
21
0.2708883070866142
0
LINE
8
BLACK
6
CONTINUOUS
10
1.549173031496063
20
0.2708883070866142
11
1.5487111023622047
21
0.2713432677165354
0
LINE
8
BLACK
6
CONTINUOUS
10
1.5487111023622047
20
0.2713432677165354
11
1.5481334645669291
21
0.2716375984251969
0
LINE
8
BLACK
6
CONTINUOUS
10
1.5481334645669291
20
0.2716375984251969
11
1.5457525196850392
21
0.2740185433070866
0
LINE
8
BLACK
6
CONTINUOUS
10
1.5457525196850392
20
0.2740185433070866
11
1.5446301968503937
21
0.276221220472441
0
LINE
8
BLACK
6
CONTINUOUS
10
1.5446301968503937
20
0.276221220472441
11
1.5450169291338582
21
0.2786629133858268
0
LINE
8
BLACK
6
CONTINUOUS
10
1.5450169291338582
20
0.2786629133858268
11
1.5467649999999999
21
0.2804109842519685
0
LINE
8
BLACK
6
CONTINUOUS
10
1.5467649999999999
20
0.2804109842519685
11
1.5492066929133859
21
0.2807977165354331
0
LINE
8
BLACK
6
CONTINUOUS
10
1.5492066929133859
20
0.2807977165354331
11
1.5514093700787401
21
0.2796753937007874
0
LINE
8
BLACK
6
CONTINUOUS
10
1.5514093700787401
20
0.2796753937007874
11
1.5533312992125985
21
0.2777534251968504
0
LINE
8
BLACK
6
CONTINUOUS
10
1.5533312992125985
20
0.2777534251968504
11
1.5566681102362205
21
0.2760850393700787
0
LINE
8
BLACK
6
CONTINUOUS
10
1.5566681102362205
20
0.2760850393700787
11
1.5690651968503937
21
0.2760850393700787
0
LINE
8
BLACK
6
CONTINUOUS
10
1.5690651968503937
20
0.2760850393700787
11
1.572401968503937
21
0.2777534251968504
0
LINE
8
BLACK
6
CONTINUOUS
10
1.572401968503937
20
0.2777534251968504
11
1.5738648818897638
21
0.2792163385826771
0
LINE
8
BLACK
6
CONTINUOUS
10
1.5738648818897638
20
0.2792163385826771
11
1.575533346456693
21
0.2825531102362205
0
LINE
8
BLACK
6
CONTINUOUS
10
1.575533346456693
20
0.2825531102362205
11
1.575533346456693
21
0.2925693307086614
0
LINE
8
BLACK
6
CONTINUOUS
10
1.575533346456693
20
0.2925693307086614
11
1.5738648818897638
21
0.2959061023622047
0
LINE
8
BLACK
6
CONTINUOUS
10
1.5738648818897638
20
0.2959061023622047
11
1.572401968503937
21
0.2973690551181102
0
LINE
8
BLACK
6
CONTINUOUS
10
1.572401968503937
20
0.2973690551181102
11
1.5690652362204724
21
0.2990374409448819
0
LINE
8
BLACK
6
CONTINUOUS
10
1.5690652362204724
20
0.2990374409448819
11
1.5628666535433071
21
0.2990374409448819
0
LINE
8
BLACK
6
CONTINUOUS
10
1.5628666535433071
20
0.2990374409448819
11
1.5620973622047243
21
0.2992873622047244
0
LINE
8
BLACK
6
CONTINUOUS
10
1.5620973622047243
20
0.2992873622047244
11
1.5612917716535433
21
0.2993605118110236
0
LINE
8
BLACK
6
CONTINUOUS
10
1.5612917716535433
20
0.2993605118110236
11
1.5609488188976377
21
0.2996605511811024
0
LINE
8
BLACK
6
CONTINUOUS
10
1.5609488188976377
20
0.2996605511811024
11
1.5605155118110237
21
0.2998013779527559
0
LINE
8
BLACK
6
CONTINUOUS
10
1.5605155118110237
20
0.2998013779527559
11
1.5600400393700786
21
0.3004557480314961
0
LINE
8
BLACK
6
CONTINUOUS
10
1.5600400393700786
20
0.3004557480314961
11
1.5594313385826772
21
0.3009884251968504
0
LINE
8
BLACK
6
CONTINUOUS
10
1.5594313385826772
20
0.3009884251968504
11
1.5593302755905512
21
0.3014327165354331
0
LINE
8
BLACK
6
CONTINUOUS
10
1.5593302755905512
20
0.3014327165354331
11
1.5590624409448819
21
0.3018013779527559
0
LINE
8
BLACK
6
CONTINUOUS
10
1.5590624409448819
20
0.3018013779527559
11
1.5590624409448819
21
0.3026101968503937
0
LINE
8
BLACK
6
CONTINUOUS
10
1.5590624409448819
20
0.3026101968503937
11
1.5588830314960629
21
0.3033989763779528
0
LINE
8
BLACK
6
CONTINUOUS
10
1.5588830314960629
20
0.3033989763779528
11
1.5590624409448819
21
0.3038178346456693
0
LINE
8
BLACK
6
CONTINUOUS
10
1.5590624409448819
20
0.3038178346456693
11
1.5590624409448819
21
0.3042735039370079
0
LINE
8
BLACK
6
CONTINUOUS
10
1.5590624409448819
20
0.3042735039370079
11
1.5595378346456692
21
0.3049278346456693
0
LINE
8
BLACK
6
CONTINUOUS
10
1.5595378346456692
20
0.3049278346456693
11
1.5598563385826771
21
0.3056714566929134
0
LINE
8
BLACK
6
CONTINUOUS
10
1.5598563385826771
20
0.3056714566929134
11
1.5707182677165354
21
0.3180850393700788
0
LINE
8
BLACK
6
CONTINUOUS
10
1.5707182677165354
20
0.3180850393700788
11
1.5485809448818897
21
0.3180850393700788
0
LINE
8
BLACK
6
CONTINUOUS
10
1.5485809448818897
20
0.3180850393700788
11
1.5462298031496062
21
0.3188489763779527
0
LINE
8
BLACK
6
CONTINUOUS
10
1.5462298031496062
20
0.3188489763779527
11
1.5447767322834645
21
0.3208489763779527
0
LINE
8
BLACK
6
CONTINUOUS
10
1.5447767322834645
20
0.3208489763779527
11
1.5447767322834645
21
0.3233211023622047
0
LINE
8
BLACK
6
CONTINUOUS
10
1.5447767322834645
20
0.3233211023622047
11
1.5462298031496062
21
0.3253211023622047
0
LINE
8
BLACK
6
CONTINUOUS
10
1.5462298031496062
20
0.3253211023622047
11
1.5485809448818897
21
0.3260850393700787
0
LINE
8
BLACK
6
CONTINUOUS
10
1.5485809448818897
20
0.3260850393700787
11
1.579533346456693
21
0.3260850393700787
0
LINE
8
BLACK
6
CONTINUOUS
10
1.579533346456693
20
0.3260850393700787
11
1.5803025984251968
21
0.3258350787401575
0
LINE
8
BLACK
6
CONTINUOUS
10
1.3123527559055117
20
0.3266028346456693
11
1.3145143307086613
21
0.3244412598425197
0
LINE
8
BLACK
6
CONTINUOUS
10
1.3145143307086613
20
0.3244412598425197
11
1.3153055118110235
21
0.3214885039370078
0
LINE
8
BLACK
6
CONTINUOUS
10
1.3153055118110235
20
0.3214885039370078
11
1.3153055118110235
21
0.3048968503937008
0
LINE
8
BLACK
6
CONTINUOUS
10
1.3153055118110235
20
0.3048968503937008
11
1.3318972047244093
21
0.3048968503937008
0
LINE
8
BLACK
6
CONTINUOUS
10
1.3318972047244093
20
0.3048968503937008
11
1.3348499606299213
21
0.3041056692913386
0
LINE
8
BLACK
6
CONTINUOUS
10
1.3348499606299213
20
0.3041056692913386
11
1.3370115354330709
21
0.301944094488189
0
LINE
8
BLACK
6
CONTINUOUS
10
1.3370115354330709
20
0.301944094488189
11
1.3378027165354331
21
0.2989913385826772
0
LINE
8
BLACK
6
CONTINUOUS
10
1.3378027165354331
20
0.2989913385826772
11
1.3370115354330709
21
0.2960385826771654
0
LINE
8
BLACK
6
CONTINUOUS
10
1.3370115354330709
20
0.2960385826771654
11
1.3348499606299213
21
0.2938770078740157
0
LINE
8
BLACK
6
CONTINUOUS
10
1.3348499606299213
20
0.2938770078740157
11
1.3318972047244093
21
0.2930858267716535
0
LINE
8
BLACK
6
CONTINUOUS
10
1.3318972047244093
20
0.2930858267716535
11
1.3153055118110235
21
0.2930858267716535
0
LINE
8
BLACK
6
CONTINUOUS
10
1.3153055118110235
20
0.2930858267716535
11
1.3153055118110235
21
0.2764941338582677
0
LINE
8
BLACK
6
CONTINUOUS
10
1.3153055118110235
20
0.2764941338582677
11
1.3145143307086613
21
0.2735413779527559
0
LINE
8
BLACK
6
CONTINUOUS
10
1.3145143307086613
20
0.2735413779527559
11
1.3123527559055117
21
0.2713798031496063
0
LINE
8
BLACK
6
CONTINUOUS
10
1.3123527559055117
20
0.2713798031496063
11
1.3093999999999999
21
0.2705886220472441
0
LINE
8
BLACK
6
CONTINUOUS
10
1.3093999999999999
20
0.2705886220472441
11
1.3064472440944881
21
0.2713798031496063
0
LINE
8
BLACK
6
CONTINUOUS
10
1.3064472440944881
20
0.2713798031496063
11
1.3042856692913385
21
0.2735413779527559
0
LINE
8
BLACK
6
CONTINUOUS
10
1.3042856692913385
20
0.2735413779527559
11
1.3034944881889763
21
0.2764941338582677
0
LINE
8
BLACK
6
CONTINUOUS
10
1.3034944881889763
20
0.2764941338582677
11
1.3034944881889763
21
0.2930858267716535
0
LINE
8
BLACK
6
CONTINUOUS
10
1.3034944881889763
20
0.2930858267716535
11
1.2869027952755905
21
0.2930858267716535
0
LINE
8
BLACK
6
CONTINUOUS
10
1.2869027952755905
20
0.2930858267716535
11
1.2839500393700787
21
0.2938770078740157
0
LINE
8
BLACK
6
CONTINUOUS
10
1.2839500393700787
20
0.2938770078740157
11
1.2817884645669291
21
0.2960385826771654
0
LINE
8
BLACK
6
CONTINUOUS
10
1.2817884645669291
20
0.2960385826771654
11
1.2809972834645669
21
0.2989913385826772
0
LINE
8
BLACK
6
CONTINUOUS
10
1.2809972834645669
20
0.2989913385826772
11
1.2817884645669291
21
0.301944094488189
0
LINE
8
BLACK
6
CONTINUOUS
10
1.2817884645669291
20
0.301944094488189
11
1.2839500393700787
21
0.3041056692913386
0
LINE
8
BLACK
6
CONTINUOUS
10
1.2839500393700787
20
0.3041056692913386
11
1.2869027952755905
21
0.3048968503937008
0
LINE
8
BLACK
6
CONTINUOUS
10
1.2869027952755905
20
0.3048968503937008
11
1.3034944881889763
21
0.3048968503937008
0
LINE
8
BLACK
6
CONTINUOUS
10
1.3034944881889763
20
0.3048968503937008
11
1.3034944881889763
21
0.3214885039370078
0
LINE
8
BLACK
6
CONTINUOUS
10
1.3034944881889763
20
0.3214885039370078
11
1.3042856692913385
21
0.3244412598425197
0
LINE
8
BLACK
6
CONTINUOUS
10
1.3042856692913385
20
0.3244412598425197
11
1.3064472440944881
21
0.3266028346456693
0
LINE
8
BLACK
6
CONTINUOUS
10
1.3064472440944881
20
0.3266028346456693
11
1.3093999999999999
21
0.3273940157480315
0
LINE
8
BLACK
6
CONTINUOUS
10
1.3093999999999999
20
0.3273940157480315
11
1.3123527559055117
21
0.3266028346456693
0
LINE
8
BLACK
6
CONTINUOUS
10
0.7988086220472441
20
0.3172632283464567
11
0.7988729921259843
21
0.317265
0
LINE
8
BLACK
6
CONTINUOUS
10
0.7988729921259843
20
0.317265
11
0.8044972834645669
21
0.3153902362204724
0
LINE
8
BLACK
6
CONTINUOUS
10
0.8044972834645669
20
0.3153902362204724
11
0.8053990551181102
21
0.314901968503937
0
LINE
8
BLACK
6
CONTINUOUS
10
0.8053990551181102
20
0.314901968503937
11
0.8054914566929133
21
0.3147514960629921
0
LINE
8
BLACK
6
CONTINUOUS
10
0.8054914566929133
20
0.3147514960629921
11
0.8056514566929134
21
0.3146769291338583
0
LINE
8
BLACK
6
CONTINUOUS
10
0.8056514566929134
20
0.3146769291338583
11
0.8075262204724409
21
0.3128021653543307
0
LINE
8
BLACK
6
CONTINUOUS
10
0.8075262204724409
20
0.3128021653543307
11
0.8081144094488188
21
0.3119621259842519
0
LINE
8
BLACK
6
CONTINUOUS
10
0.8081144094488188
20
0.3119621259842519
11
0.8082904330708661
21
0.3099500393700788
0
LINE
8
BLACK
6
CONTINUOUS
10
0.8082904330708661
20
0.3099500393700788
11
0.8071319291338582
21
0.3082954724409449
0
LINE
8
BLACK
6
CONTINUOUS
10
0.8071319291338582
20
0.3082954724409449
11
0.8051809448818897
21
0.3077727559055118
0
LINE
8
BLACK
6
CONTINUOUS
10
0.8051809448818897
20
0.3077727559055118
11
0.8033503937007874
21
0.3086263385826772
0
LINE
8
BLACK
6
CONTINUOUS
10
0.8033503937007874
20
0.3086263385826772
11
0.8019685039370078
21
0.3100081889763779
0
LINE
8
BLACK
6
CONTINUOUS
10
0.8019685039370078
20
0.3100081889763779
11
0.7974601181102362
21
0.3115110236220472
0
LINE
8
BLACK
6
CONTINUOUS
10
0.7974601181102362
20
0.3115110236220472
11
0.7946688582677165
21
0.3115110236220472
0
LINE
8
BLACK
6
CONTINUOUS
10
0.7946688582677165
20
0.3115110236220472
11
0.7901604724409449
21
0.3100082283464567
0
LINE
8
BLACK
6
CONTINUOUS
10
0.7901604724409449
20
0.3100082283464567
11
0.7872426377952756
21
0.3070903937007874
0
LINE
8
BLACK
6
CONTINUOUS
10
0.7872426377952756
20
0.3070903937007874
11
0.785727125984252
21
0.3040594094488189
0
LINE
8
BLACK
6
CONTINUOUS
10
0.785727125984252
20
0.3040594094488189
11
0.7840191338582677
21
0.2972273622047244
0
LINE
8
BLACK
6
CONTINUOUS
10
0.7840191338582677
20
0.2972273622047244
11
0.7840191338582677
21
0.2923301574803149
0
LINE
8
BLACK
6
CONTINUOUS
10
0.7840191338582677
20
0.2923301574803149
11
0.785727125984252
21
0.2854981102362205
0
LINE
8
BLACK
6
CONTINUOUS
10
0.785727125984252
20
0.2854981102362205
11
0.7872426377952756
21
0.2824671259842519
0
LINE
8
BLACK
6
CONTINUOUS
10
0.7872426377952756
20
0.2824671259842519
11
0.7901604330708661
21
0.2795492913385827
0
LINE
8
BLACK
6
CONTINUOUS
10
0.7901604330708661
20
0.2795492913385827
11
0.7946688976377952
21
0.2780464566929134
0
LINE
8
BLACK
6
CONTINUOUS
10
0.7946688976377952
20
0.2780464566929134
11
0.7974600787401575
21
0.2780464566929134
0
LINE
8
BLACK
6
CONTINUOUS
10
0.7974600787401575
20
0.2780464566929134
11
0.8019684645669292
21
0.2795492519685039
0
LINE
8
BLACK
6
CONTINUOUS
10
0.8019684645669292
20
0.2795492519685039
11
0.8033503937007874
21
0.2809311811023622
0
LINE
8
BLACK
6
CONTINUOUS
10
0.8033503937007874
20
0.2809311811023622
11
0.8041904330708661
21
0.2815193700787402
0
LINE
8
BLACK
6
CONTINUOUS
10
0.8041904330708661
20
0.2815193700787402
11
0.8062025196850393
21
0.2816953937007874
0
LINE
8
BLACK
6
CONTINUOUS
10
0.8062025196850393
20
0.2816953937007874
11
0.8078570866141732
21
0.2805368897637795
0
LINE
8
BLACK
6
CONTINUOUS
10
0.8078570866141732
20
0.2805368897637795
11
0.8083798031496063
21
0.278585905511811
0
LINE
8
BLACK
6
CONTINUOUS
10
0.8083798031496063
20
0.278585905511811
11
0.8075262204724409
21
0.2767553543307086
0
LINE
8
BLACK
6
CONTINUOUS
10
0.8075262204724409
20
0.2767553543307086
11
0.8056514566929134
21
0.2748805905511811
0
LINE
8
BLACK
6
CONTINUOUS
10
0.8056514566929134
20
0.2748805905511811
11
0.8048114173228347
21
0.2742924015748032
0
LINE
8
BLACK
6
CONTINUOUS
10
0.8048114173228347
20
0.2742924015748032
11
0.8046355905511811
21
0.2742770078740158
0
LINE
8
BLACK
6
CONTINUOUS
10
0.8046355905511811
20
0.2742770078740158
11
0.8044973228346457
21
0.2741672834645669
0
LINE
8
BLACK
6
CONTINUOUS
10
0.8044973228346457
20
0.2741672834645669
11
0.7988730314960629
21
0.2722924803149606
0
LINE
8
BLACK
6
CONTINUOUS
10
0.7988730314960629
20
0.2722924803149606
11
0.7979997637795275
21
0.2721629527559055
0
LINE
8
BLACK
6
CONTINUOUS
10
0.7979997637795275
20
0.2721629527559055
11
0.7979392519685039
21
0.2721409448818898
0
LINE
8
BLACK
6
CONTINUOUS
10
0.7979392519685039
20
0.2721409448818898
11
0.7941897244094488
21
0.2721409448818898
0
LINE
8
BLACK
6
CONTINUOUS
10
0.7941897244094488
20
0.2721409448818898
11
0.7933203149606299
21
0.2722942125984252
0
LINE
8
BLACK
6
CONTINUOUS
10
0.7933203149606299
20
0.2722942125984252
11
0.7932559842519685
21
0.2722924803149606
0
LINE
8
BLACK
6
CONTINUOUS
10
0.7932559842519685
20
0.2722924803149606
11
0.7876316535433071
21
0.2741672834645669
0
LINE
8
BLACK
6
CONTINUOUS
10
0.7876316535433071
20
0.2741672834645669
11
0.7867298818897638
21
0.2746555905511811
0
LINE
8
BLACK
6
CONTINUOUS
10
0.7867298818897638
20
0.2746555905511811
11
0.7866374409448819
21
0.2748059842519685
0
LINE
8
BLACK
6
CONTINUOUS
10
0.7866374409448819
20
0.2748059842519685
11
0.7864775196850393
21
0.2748805905511811
0
LINE
8
BLACK
6
CONTINUOUS
10
0.7864775196850393
20
0.2748805905511811
11
0.7827279921259842
21
0.2786301181102362
0
LINE
8
BLACK
6
CONTINUOUS
10
0.7827279921259842
20
0.2786301181102362
11
0.7822216929133858
21
0.279353188976378
0
LINE
8
BLACK
6
CONTINUOUS
10
0.7822216929133858
20
0.279353188976378
11
0.7821748818897638
21
0.2793975196850393
0
LINE
8
BLACK
6
CONTINUOUS
10
0.7821748818897638
20
0.2793975196850393
11
0.7803001181102363
21
0.2831470472440945
0
LINE
8
BLACK
6
CONTINUOUS
10
0.7803001181102363
20
0.2831470472440945
11
0.7801548031496063
21
0.2836354724409449
0
LINE
8
BLACK
6
CONTINUOUS
10
0.7801548031496063
20
0.2836354724409449
11
0.7800765354330709
21
0.2837514173228347
0
LINE
8
BLACK
6
CONTINUOUS
10
0.7800765354330709
20
0.2837514173228347
11
0.7782017716535433
21
0.2912504724409449
0
LINE
8
BLACK
6
CONTINUOUS
10
0.7782017716535433
20
0.2912504724409449
11
0.7781602755905511
21
0.2918383464566929
0
LINE
8
BLACK
6
CONTINUOUS
10
0.7781602755905511
20
0.2918383464566929
11
0.7781136220472441
21
0.2919666141732283
0
LINE
8
BLACK
6
CONTINUOUS
10
0.7781136220472441
20
0.2919666141732283
11
0.7781136220472441
21
0.297590905511811
0
LINE
8
BLACK
6
CONTINUOUS
10
0.7781136220472441
20
0.297590905511811
11
0.7782159448818897
21
0.2981712598425197
0
LINE
8
BLACK
6
CONTINUOUS
10
0.7782159448818897
20
0.2981712598425197
11
0.7782017716535433
21
0.2983070472440945
0
LINE
8
BLACK
6
CONTINUOUS
10
0.7782017716535433
20
0.2983070472440945
11
0.7800765354330709
21
0.3058061023622047
0
LINE
8
BLACK
6
CONTINUOUS
10
0.7800765354330709
20
0.3058061023622047
11
0.7802840944881889
21
0.3062715354330708
0
LINE
8
BLACK
6
CONTINUOUS
10
0.7802840944881889
20
0.3062715354330708
11
0.7803001181102363
21
0.3064104724409449
0
LINE
8
BLACK
6
CONTINUOUS
10
0.7803001181102363
20
0.3064104724409449
11
0.7821748818897638
21
0.31016
0
LINE
8
BLACK
6
CONTINUOUS
10
0.7821748818897638
20
0.31016
11
0.7827007874015748
21
0.3108690551181102
0
LINE
8
BLACK
6
CONTINUOUS
10
0.7827007874015748
20
0.3108690551181102
11
0.7827279921259842
21
0.3109274015748031
0
LINE
8
BLACK
6
CONTINUOUS
10
0.7827279921259842
20
0.3109274015748031
11
0.7864775196850393
21
0.3146769291338583
0
LINE
8
BLACK
6
CONTINUOUS
10
0.7864775196850393
20
0.3146769291338583
11
0.7873175590551181
21
0.315265157480315
0
LINE
8
BLACK
6
CONTINUOUS
10
0.7873175590551181
20
0.315265157480315
11
0.7874934645669291
21
0.3152805118110236
0
LINE
8
BLACK
6
CONTINUOUS
10
0.7874934645669291
20
0.3152805118110236
11
0.7876316929133859
21
0.3153902362204724
0
LINE
8
BLACK
6
CONTINUOUS
10
0.7876316929133859
20
0.3153902362204724
11
0.7932559448818898
21
0.317265
0
LINE
8
BLACK
6
CONTINUOUS
10
0.7932559448818898
20
0.317265
11
0.7941291732283464
21
0.3173944881889764
0
LINE
8
BLACK
6
CONTINUOUS
10
0.7941291732283464
20
0.3173944881889764
11
0.7941897244094488
21
0.3174165354330709
0
LINE
8
BLACK
6
CONTINUOUS
10
0.7941897244094488
20
0.3174165354330709
11
0.7979392519685039
21
0.3174165354330709
0
LINE
8
BLACK
6
CONTINUOUS
10
0.7979392519685039
20
0.3174165354330709
11
0.7988086220472441
21
0.3172632283464567
0
LINE
8
BLACK
6
CONTINUOUS
10
0.8364444881889763
20
0.3172384645669291
11
0.8365797244094488
21
0.3171249606299212
0
LINE
8
BLACK
6
CONTINUOUS
10
0.8365797244094488
20
0.3171249606299212
11
0.8367550787401574
21
0.3171048031496063
0
LINE
8
BLACK
6
CONTINUOUS
10
0.8367550787401574
20
0.3171048031496063
11
0.8405046062992125
21
0.3152300393700787
0
LINE
8
BLACK
6
CONTINUOUS
10
0.8405046062992125
20
0.3152300393700787
11
0.8412136614173228
21
0.314704094488189
0
LINE
8
BLACK
6
CONTINUOUS
10
0.8412136614173228
20
0.314704094488189
11
0.8412720078740157
21
0.3146769291338583
0
LINE
8
BLACK
6
CONTINUOUS
10
0.8412720078740157
20
0.3146769291338583
11
0.8431467716535432
21
0.3128021653543307
0
LINE
8
BLACK
6
CONTINUOUS
10
0.8431467716535432
20
0.3128021653543307
11
0.843653031496063
21
0.3120790551181102
0
LINE
8
BLACK
6
CONTINUOUS
10
0.843653031496063
20
0.3120790551181102
11
0.8436998818897637
21
0.3120347637795275
0
LINE
8
BLACK
6
CONTINUOUS
10
0.8436998818897637
20
0.3120347637795275
11
0.8455746456692913
21
0.3082852362204724
0
LINE
8
BLACK
6
CONTINUOUS
10
0.8455746456692913
20
0.3082852362204724
11
0.8458670078740157
21
0.3073023228346456
0
LINE
8
BLACK
6
CONTINUOUS
10
0.8458670078740157
20
0.3073023228346456
11
0.8458259842519685
21
0.3071305905511811
0
LINE
8
BLACK
6
CONTINUOUS
10
0.8458259842519685
20
0.3071305905511811
11
0.8458863779527559
21
0.3069647244094488
0
LINE
8
BLACK
6
CONTINUOUS
10
0.8458863779527559
20
0.3069647244094488
11
0.8458863779527559
21
0.3050899606299213
0
LINE
8
BLACK
6
CONTINUOUS
10
0.8458863779527559
20
0.3050899606299213
11
0.8457083070866142
21
0.3040800393700787
0
LINE
8
BLACK
6
CONTINUOUS
10
0.8457083070866142
20
0.3040800393700787
11
0.8455948031496063
21
0.3039447637795276
0
LINE
8
BLACK
6
CONTINUOUS
10
0.8455948031496063
20
0.3039447637795276
11
0.8455746456692913
21
0.3037694488188976
0
LINE
8
BLACK
6
CONTINUOUS
10
0.8455746456692913
20
0.3037694488188976
11
0.8436998818897637
21
0.3000199212598425
0
LINE
8
BLACK
6
CONTINUOUS
10
0.8436998818897637
20
0.3000199212598425
11
0.8431739763779528
21
0.2993108267716535
0
LINE
8
BLACK
6
CONTINUOUS
10
0.8431739763779528
20
0.2993108267716535
11
0.8431467716535432
21
0.2992525196850394
0
LINE
8
BLACK
6
CONTINUOUS
10
0.8431467716535432
20
0.2992525196850394
11
0.8414851574803149
21
0.297590905511811
0
LINE
8
BLACK
6
CONTINUOUS
10
0.8414851574803149
20
0.297590905511811
11
0.8431467716535432
21
0.2959292913385826
0
LINE
8
BLACK
6
CONTINUOUS
10
0.8431467716535432
20
0.2959292913385826
11
0.843653031496063
21
0.2952061811023622
0
LINE
8
BLACK
6
CONTINUOUS
10
0.843653031496063
20
0.2952061811023622
11
0.8436998818897637
21
0.2951618897637795
0
LINE
8
BLACK
6
CONTINUOUS
10
0.8436998818897637
20
0.2951618897637795
11
0.8455746456692913
21
0.2914123622047244
0
LINE
8
BLACK
6
CONTINUOUS
10
0.8455746456692913
20
0.2914123622047244
11
0.8458670078740157
21
0.2904294488188977
0
LINE
8
BLACK
6
CONTINUOUS
10
0.8458670078740157
20
0.2904294488188977
11
0.8458259842519685
21
0.2902577165354331
0
LINE
8
BLACK
6
CONTINUOUS
10
0.8458259842519685
20
0.2902577165354331
11
0.8458863779527559
21
0.2900918503937008
0
LINE
8
BLACK
6
CONTINUOUS
10
0.8458863779527559
20
0.2900918503937008
11
0.8458863779527559
21
0.2825927952755906
0
LINE
8
BLACK
6
CONTINUOUS
10
0.8458863779527559
20
0.2825927952755906
11
0.8457083070866142
21
0.2815828740157481
0
LINE
8
BLACK
6
CONTINUOUS
10
0.8457083070866142
20
0.2815828740157481
11
0.8455948031496063
21
0.2814475984251968
0
LINE
8
BLACK
6
CONTINUOUS
10
0.8455948031496063
20
0.2814475984251968
11
0.8455746456692913
21
0.2812722834645669
0
LINE
8
BLACK
6
CONTINUOUS
10
0.8455746456692913
20
0.2812722834645669
11
0.8436998818897637
21
0.2775227559055118
0
LINE
8
BLACK
6
CONTINUOUS
10
0.8436998818897637
20
0.2775227559055118
11
0.8431739763779528
21
0.2768136614173228
0
LINE
8
BLACK
6
CONTINUOUS
10
0.8431739763779528
20
0.2768136614173228
11
0.8431467716535432
21
0.2767553543307086
0
LINE
8
BLACK
6
CONTINUOUS
10
0.8431467716535432
20
0.2767553543307086
11
0.8412720078740157
21
0.2748805905511811
0
LINE
8
BLACK
6
CONTINUOUS
10
0.8412720078740157
20
0.2748805905511811
11
0.8405490157480314
21
0.2743743700787402
0
LINE
8
BLACK
6
CONTINUOUS
10
0.8405490157480314
20
0.2743743700787402
11
0.8405046456692913
21
0.2743274803149606
0
LINE
8
BLACK
6
CONTINUOUS
10
0.8405046456692913
20
0.2743274803149606
11
0.8367551181102362
21
0.2724526771653543
0
LINE
8
BLACK
6
CONTINUOUS
10
0.8367551181102362
20
0.2724526771653543
11
0.8357721653543307
21
0.2721603149606299
0
LINE
8
BLACK
6
CONTINUOUS
10
0.8357721653543307
20
0.2721603149606299
11
0.8356004330708662
21
0.2722012992125984
0
LINE
8
BLACK
6
CONTINUOUS
10
0.8356004330708662
20
0.2722012992125984
11
0.8354345669291339
21
0.2721409448818898
0
LINE
8
BLACK
6
CONTINUOUS
10
0.8354345669291339
20
0.2721409448818898
11
0.8279355118110236
21
0.2721409448818898
0
LINE
8
BLACK
6
CONTINUOUS
10
0.8279355118110236
20
0.2721409448818898
11
0.8269255905511811
21
0.2723190157480315
0
LINE
8
BLACK
6
CONTINUOUS
10
0.8269255905511811
20
0.2723190157480315
11
0.8267903149606299
21
0.2724324803149606
0
LINE
8
BLACK
6
CONTINUOUS
10
0.8267903149606299
20
0.2724324803149606
11
0.826615
21
0.2724526771653543
0
LINE
8
BLACK
6
CONTINUOUS
10
0.826615
20
0.2724526771653543
11
0.8228654330708661
21
0.2743274803149606
0
LINE
8
BLACK
6
CONTINUOUS
10
0.8228654330708661
20
0.2743274803149606
11
0.8221564173228346
21
0.2748533464566929
0
LINE
8
BLACK
6
CONTINUOUS
10
0.8221564173228346
20
0.2748533464566929
11
0.8220980708661417
21
0.2748805905511811
0
LINE
8
BLACK
6
CONTINUOUS
10
0.8220980708661417
20
0.2748805905511811
11
0.8202233070866142
21
0.2767553543307086
0
LINE
8
BLACK
6
CONTINUOUS
10
0.8202233070866142
20
0.2767553543307086
11
0.8197170078740157
21
0.2774784251968504
0
LINE
8
BLACK
6
CONTINUOUS
10
0.8197170078740157
20
0.2774784251968504
11
0.8196701968503937
21
0.2775227559055118
0
LINE
8
BLACK
6
CONTINUOUS
10
0.8196701968503937
20
0.2775227559055118
11
0.8177954330708661
21
0.2812722834645669
0
LINE
8
BLACK
6
CONTINUOUS
10
0.8177954330708661
20
0.2812722834645669
11
0.8175030708661417
21
0.2822552362204724
0
LINE
8
BLACK
6
CONTINUOUS
10
0.8175030708661417
20
0.2822552362204724
11
0.8175440551181102
21
0.2824268897637795
0
LINE
8
BLACK
6
CONTINUOUS
10
0.8175440551181102
20
0.2824268897637795
11
0.8174837007874015
21
0.2825927952755906
0
LINE
8
BLACK
6
CONTINUOUS
10
0.8174837007874015
20
0.2825927952755906
11
0.8174837007874015
21
0.2900918503937008
0
LINE
8
BLACK
6
CONTINUOUS
10
0.8174837007874015
20
0.2900918503937008
11
0.8176617716535433
21
0.2911017716535433
0
LINE
8
BLACK
6
CONTINUOUS
10
0.8176617716535433
20
0.2911017716535433
11
0.8177752362204724
21
0.2912370078740157
0
LINE
8
BLACK
6
CONTINUOUS
10
0.8177752362204724
20
0.2912370078740157
11
0.8177954330708661
21
0.2914123622047244
0
LINE
8
BLACK
6
CONTINUOUS
10
0.8177954330708661
20
0.2914123622047244
11
0.8196701968503937
21
0.2951618897637795
0
LINE
8
BLACK
6
CONTINUOUS
10
0.8196701968503937
20
0.2951618897637795
11
0.8201961023622047
21
0.2958709448818898
0
LINE
8
BLACK
6
CONTINUOUS
10
0.8201961023622047
20
0.2958709448818898
11
0.8202233070866142
21
0.2959292913385826
0
LINE
8
BLACK
6
CONTINUOUS
10
0.8202233070866142
20
0.2959292913385826
11
0.8218849212598425
21
0.297590905511811
0
LINE
8
BLACK
6
CONTINUOUS
10
0.8218849212598425
20
0.297590905511811
11
0.8202233070866142
21
0.2992525196850394
0
LINE
8
BLACK
6
CONTINUOUS
10
0.8202233070866142
20
0.2992525196850394
11
0.8197170078740157
21
0.2999755905511811
0
LINE
8
BLACK
6
CONTINUOUS
10
0.8197170078740157
20
0.2999755905511811
11
0.8196701968503937
21
0.3000199212598425
0
LINE
8
BLACK
6
CONTINUOUS
10
0.8196701968503937
20
0.3000199212598425
11
0.8177954330708661
21
0.3037694488188976
0
LINE
8
BLACK
6
CONTINUOUS
10
0.8177954330708661
20
0.3037694488188976
11
0.8175030708661417
21
0.3047524015748032
0
LINE
8
BLACK
6
CONTINUOUS
10
0.8175030708661417
20
0.3047524015748032
11
0.8175440551181102
21
0.3049240551181102
0
LINE
8
BLACK
6
CONTINUOUS
10
0.8175440551181102
20
0.3049240551181102
11
0.8174837007874015
21
0.3050899606299213
0
LINE
8
BLACK
6
CONTINUOUS
10
0.8174837007874015
20
0.3050899606299213
11
0.8174837007874015
21
0.3069647244094488
0
LINE
8
BLACK
6
CONTINUOUS
10
0.8174837007874015
20
0.3069647244094488
11
0.8176617716535433
21
0.3079746456692913
0
LINE
8
BLACK
6
CONTINUOUS
10
0.8176617716535433
20
0.3079746456692913
11
0.8177752362204724
21
0.3081098818897638
0
LINE
8
BLACK
6
CONTINUOUS
10
0.8177752362204724
20
0.3081098818897638
11
0.8177954330708661
21
0.3082852362204724
0
LINE
8
BLACK
6
CONTINUOUS
10
0.8177954330708661
20
0.3082852362204724
11
0.8196701968503937
21
0.3120347637795275
0
LINE
8
BLACK
6
CONTINUOUS
10
0.8196701968503937
20
0.3120347637795275
11
0.8201961023622047
21
0.3127438188976378
0
LINE
8
BLACK
6
CONTINUOUS
10
0.8201961023622047
20
0.3127438188976378
11
0.8202233070866142
21
0.3128021653543307
0
LINE
8
BLACK
6
CONTINUOUS
10
0.8202233070866142
20
0.3128021653543307
11
0.8220980708661417
21
0.3146769291338583
0
LINE
8
BLACK
6
CONTINUOUS
10
0.8220980708661417
20
0.3146769291338583
11
0.8228211417322835
21
0.3151831889763779
0
LINE
8
BLACK
6
CONTINUOUS
10
0.8228211417322835
20
0.3151831889763779
11
0.8228654724409449
21
0.3152300393700787
0
LINE
8
BLACK
6
CONTINUOUS
10
0.8228654724409449
20
0.3152300393700787
11
0.826615
21
0.3171048031496063
0
LINE
8
BLACK
6
CONTINUOUS
10
0.826615
20
0.3171048031496063
11
0.8275979133858268
21
0.3173971653543307
0
LINE
8
BLACK
6
CONTINUOUS
10
0.8275979133858268
20
0.3173971653543307
11
0.8277696062992126
21
0.3173561417322834
0
LINE
8
BLACK
6
CONTINUOUS
10
0.8277696062992126
20
0.3173561417322834
11
0.8279355118110236
21
0.3174165354330709
0
LINE
8
BLACK
6
CONTINUOUS
10
0.8279355118110236
20
0.3174165354330709
11
0.8354345669291339
21
0.3174165354330709
0
LINE
8
BLACK
6
CONTINUOUS
10
0.8354345669291339
20
0.3174165354330709
11
0.8364444881889763
21
0.3172384645669291
0
LINE
8
BLACK
6
CONTINUOUS
10
0.8259350787401575
20
0.2932894094488189
11
0.8247379527559054
21
0.2920922834645669
0
LINE
8
BLACK
6
CONTINUOUS
10
0.8247379527559054
20
0.2920922834645669
11
0.8233892125984251
21
0.2893948031496063
0
LINE
8
BLACK
6
CONTINUOUS
10
0.8233892125984251
20
0.2893948031496063
11
0.8233892125984251
21
0.283289842519685
0
LINE
8
BLACK
6
CONTINUOUS
10
0.8233892125984251
20
0.283289842519685
11
0.8247379527559054
21
0.2805923622047244
0
LINE
8
BLACK
6
CONTINUOUS
10
0.8247379527559054
20
0.2805923622047244
11
0.8259350393700787
21
0.2793952362204724
0
LINE
8
BLACK
6
CONTINUOUS
10
0.8259350393700787
20
0.2793952362204724
11
0.8286325984251969
21
0.2780464566929134
0
LINE
8
BLACK
6
CONTINUOUS
10
0.8286325984251969
20
0.2780464566929134
11
0.8347374803149606
21
0.2780464566929134
0
LINE
8
BLACK
6
CONTINUOUS
10
0.8347374803149606
20
0.2780464566929134
11
0.8374349606299213
21
0.2793951968503937
0
LINE
8
BLACK
6
CONTINUOUS
10
0.8374349606299213
20
0.2793951968503937
11
0.838632125984252
21
0.2805923622047244
0
LINE
8
BLACK
6
CONTINUOUS
10
0.838632125984252
20
0.2805923622047244
11
0.8399808661417323
21
0.283289842519685
0
LINE
8
BLACK
6
CONTINUOUS
10
0.8399808661417323
20
0.283289842519685
11
0.8399808661417323
21
0.2893948031496063
0
LINE
8
BLACK
6
CONTINUOUS
10
0.8399808661417323
20
0.2893948031496063
11
0.838632125984252
21
0.2920922834645669
0
LINE
8
BLACK
6
CONTINUOUS
10
0.838632125984252
20
0.2920922834645669
11
0.8374349999999999
21
0.2932894094488189
0
LINE
8
BLACK
6
CONTINUOUS
10
0.8374349999999999
20
0.2932894094488189
11
0.8347375196850394
21
0.2946381496062992
0
LINE
8
BLACK
6
CONTINUOUS
10
0.8347375196850394
20
0.2946381496062992
11
0.8286325590551181
21
0.2946381496062992
0
LINE
8
BLACK
6
CONTINUOUS
10
0.8286325590551181
20
0.2946381496062992
11
0.8259350787401575
21
0.2932894094488189
0
LINE
8
BLACK
6
CONTINUOUS
10
0.8259350787401575
20
0.3101622834645669
11
0.8247379527559054
21
0.3089651574803149
0
LINE
8
BLACK
6
CONTINUOUS
10
0.8247379527559054
20
0.3089651574803149
11
0.8233892125984251
21
0.3062676771653543
0
LINE
8
BLACK
6
CONTINUOUS
10
0.8233892125984251
20
0.3062676771653543
11
0.8233892125984251
21
0.3057870078740157
0
LINE
8
BLACK
6
CONTINUOUS
10
0.8233892125984251
20
0.3057870078740157
11
0.8247379527559054
21
0.3030895275590551
0
LINE
8
BLACK
6
CONTINUOUS
10
0.8247379527559054
20
0.3030895275590551
11
0.8259350787401575
21
0.3018924015748031
0
LINE
8
BLACK
6
CONTINUOUS
10
0.8259350787401575
20
0.3018924015748031
11
0.8286325590551181
21
0.3005436614173228
0
LINE
8
BLACK
6
CONTINUOUS
10
0.8286325590551181
20
0.3005436614173228
11
0.8347375196850394
21
0.3005436614173228
0
LINE
8
BLACK
6
CONTINUOUS
10
0.8347375196850394
20
0.3005436614173228
11
0.8374349999999999
21
0.3018924015748031
0
LINE
8
BLACK
6
CONTINUOUS
10
0.8374349999999999
20
0.3018924015748031
11
0.838632125984252
21
0.3030895275590551
0
LINE
8
BLACK
6
CONTINUOUS
10
0.838632125984252
20
0.3030895275590551
11
0.8399808661417323
21
0.3057870078740157
0
LINE
8
BLACK
6
CONTINUOUS
10
0.8399808661417323
20
0.3057870078740157
11
0.8399808661417323
21
0.3062676771653543
0
LINE
8
BLACK
6
CONTINUOUS
10
0.8399808661417323
20
0.3062676771653543
11
0.838632125984252
21
0.3089651574803149
0
LINE
8
BLACK
6
CONTINUOUS
10
0.838632125984252
20
0.3089651574803149
11
0.8374349999999999
21
0.3101622834645669
0
LINE
8
BLACK
6
CONTINUOUS
10
0.8374349999999999
20
0.3101622834645669
11
0.8347375196850394
21
0.3115110236220472
0
LINE
8
BLACK
6
CONTINUOUS
10
0.8347375196850394
20
0.3115110236220472
11
0.8286325590551181
21
0.3115110236220472
0
LINE
8
BLACK
6
CONTINUOUS
10
0.8286325590551181
20
0.3115110236220472
11
0.8259350787401575
21
0.3101622834645669
0
LINE
8
BLACK
6
CONTINUOUS
10
0.6465272834645669
20
0.3224252755905512
11
0.6474888976377953
21
0.3223632677165355
0
LINE
8
BLACK
6
CONTINUOUS
10
0.6474888976377953
20
0.3223632677165355
11
0.6479795669291338
21
0.3220361417322835
0
LINE
8
BLACK
6
CONTINUOUS
10
0.6479795669291338
20
0.3220361417322835
11
0.6485492519685039
21
0.3218835039370079
0
LINE
8
BLACK
6
CONTINUOUS
10
0.6485492519685039
20
0.3218835039370079
11
0.649230590551181
21
0.321202125984252
0
LINE
8
BLACK
6
CONTINUOUS
10
0.649230590551181
20
0.321202125984252
11
0.6500324409448819
21
0.3206675984251968
0
LINE
8
BLACK
6
CONTINUOUS
10
0.6500324409448819
20
0.3206675984251968
11
0.6502938188976378
21
0.3201388976377953
0
LINE
8
BLACK
6
CONTINUOUS
10
0.6502938188976378
20
0.3201388976377953
11
0.6507108267716535
21
0.3197219291338583
0
LINE
8
BLACK
6
CONTINUOUS
10
0.6507108267716535
20
0.3197219291338583
11
0.6509601968503936
21
0.3187911023622047
0
LINE
8
BLACK
6
CONTINUOUS
10
0.6509601968503936
20
0.3187911023622047
11
0.6513873228346456
21
0.3179273228346456
0
LINE
8
BLACK
6
CONTINUOUS
10
0.6513873228346456
20
0.3179273228346456
11
0.656062125984252
21
0.2945531889763779
0
LINE
8
BLACK
6
CONTINUOUS
10
0.656062125984252
20
0.2945531889763779
11
0.6610753149606299
21
0.2945531889763779
0
LINE
8
BLACK
6
CONTINUOUS
10
0.6610753149606299
20
0.2945531889763779
11
0.6636920078740157
21
0.2958615354330709
0
LINE
8
BLACK
6
CONTINUOUS
10
0.6636920078740157
20
0.2958615354330709
11
0.6650003149606299
21
0.298478188976378
0
LINE
8
BLACK
6
CONTINUOUS
10
0.6650003149606299
20
0.298478188976378
11
0.6650003149606299
21
0.3069386220472441
0
LINE
8
BLACK
6
CONTINUOUS
10
0.6650003149606299
20
0.3069386220472441
11
0.6628116535433071
21
0.3113159842519685
0
LINE
8
BLACK
6
CONTINUOUS
10
0.6628116535433071
20
0.3113159842519685
11
0.662198779527559
21
0.3143108661417323
0
LINE
8
BLACK
6
CONTINUOUS
10
0.662198779527559
20
0.3143108661417323
11
0.6631654724409448
21
0.317210905511811
0
LINE
8
BLACK
6
CONTINUOUS
10
0.6631654724409448
20
0.317210905511811
11
0.6654526771653543
21
0.3192390551181102
0
LINE
8
BLACK
6
CONTINUOUS
10
0.6654526771653543
20
0.3192390551181102
11
0.6684475590551181
21
0.3198519291338582
0
LINE
8
BLACK
6
CONTINUOUS
10
0.6684475590551181
20
0.3198519291338582
11
0.6713475984251969
21
0.3188852362204724
0
LINE
8
BLACK
6
CONTINUOUS
10
0.6713475984251969
20
0.3188852362204724
11
0.673375748031496
21
0.316598031496063
0
LINE
8
BLACK
6
CONTINUOUS
10
0.673375748031496
20
0.316598031496063
11
0.676187874015748
21
0.3109737007874016
0
LINE
8
BLACK
6
CONTINUOUS
10
0.676187874015748
20
0.3109737007874016
11
0.6764599606299212
21
0.309643937007874
0
LINE
8
BLACK
6
CONTINUOUS
10
0.6764599606299212
20
0.309643937007874
11
0.6768113385826772
21
0.308332716535433
0
LINE
8
BLACK
6
CONTINUOUS
10
0.6768113385826772
20
0.308332716535433
11
0.6768113385826772
21
0.2970841338582677
0
LINE
8
BLACK
6
CONTINUOUS
10
0.6768113385826772
20
0.2970841338582677
11
0.6764600787401575
21
0.2957732283464567
0
LINE
8
BLACK
6
CONTINUOUS
10
0.6764600787401575
20
0.2957732283464567
11
0.6761879133858267
21
0.2944431496062992
0
LINE
8
BLACK
6
CONTINUOUS
10
0.6761879133858267
20
0.2944431496062992
11
0.673375748031496
21
0.2888188188976378
0
LINE
8
BLACK
6
CONTINUOUS
10
0.673375748031496
20
0.2888188188976378
11
0.6731361417322834
21
0.2885486220472441
0
LINE
8
BLACK
6
CONTINUOUS
10
0.6731361417322834
20
0.2885486220472441
11
0.6730219291338583
21
0.288205905511811
0
LINE
8
BLACK
6
CONTINUOUS
10
0.6730219291338583
20
0.288205905511811
11
0.6721343307086614
21
0.2874188188976378
0
LINE
8
BLACK
6
CONTINUOUS
10
0.6721343307086614
20
0.2874188188976378
11
0.6713475984251969
21
0.2865316141732284
0
LINE
8
BLACK
6
CONTINUOUS
10
0.6713475984251969
20
0.2865316141732284
11
0.6710049606299212
21
0.2864174015748032
0
LINE
8
BLACK
6
CONTINUOUS
10
0.6710049606299212
20
0.2864174015748032
11
0.6707347244094488
21
0.2861777559055118
0
LINE
8
BLACK
6
CONTINUOUS
10
0.6707347244094488
20
0.2861777559055118
11
0.6651103543307086
21
0.2833656299212599
0
LINE
8
BLACK
6
CONTINUOUS
10
0.6651103543307086
20
0.2833656299212599
11
0.6637805905511811
21
0.2830935039370079
0
LINE
8
BLACK
6
CONTINUOUS
10
0.6637805905511811
20
0.2830935039370079
11
0.6624693700787402
21
0.2827421653543307
0
LINE
8
BLACK
6
CONTINUOUS
10
0.6624693700787402
20
0.2827421653543307
11
0.6399722047244094
21
0.2827421653543307
0
LINE
8
BLACK
6
CONTINUOUS
10
0.6399722047244094
20
0.2827421653543307
11
0.6386609448818897
21
0.2830935039370079
0
LINE
8
BLACK
6
CONTINUOUS
10
0.6386609448818897
20
0.2830935039370079
11
0.637331220472441
21
0.2833656299212599
0
LINE
8
BLACK
6
CONTINUOUS
10
0.637331220472441
20
0.2833656299212599
11
0.6317068897637795
21
0.2861777559055118
0
LINE
8
BLACK
6
CONTINUOUS
10
0.6317068897637795
20
0.2861777559055118
11
0.6314366929133858
21
0.2864173228346457
0
LINE
8
BLACK
6
CONTINUOUS
10
0.6314366929133858
20
0.2864173228346457
11
0.6310940157480315
21
0.2865315748031496
0
LINE
8
BLACK
6
CONTINUOUS
10
0.6310940157480315
20
0.2865315748031496
11
0.6303070866141732
21
0.2874189763779528
0
LINE
8
BLACK
6
CONTINUOUS
10
0.6303070866141732
20
0.2874189763779528
11
0.6294196850393701
21
0.288205905511811
0
LINE
8
BLACK
6
CONTINUOUS
10
0.6294196850393701
20
0.288205905511811
11
0.6293054330708662
21
0.2885485826771653
0
LINE
8
BLACK
6
CONTINUOUS
10
0.6293054330708662
20
0.2885485826771653
11
0.6290658661417323
21
0.288818779527559
0
LINE
8
BLACK
6
CONTINUOUS
10
0.6290658661417323
20
0.288818779527559
11
0.6262537007874016
21
0.2944431102362204
0
LINE
8
BLACK
6
CONTINUOUS
10
0.6262537007874016
20
0.2944431102362204
11
0.6259815354330709
21
0.295773031496063
0
LINE
8
BLACK
6
CONTINUOUS
10
0.6259815354330709
20
0.295773031496063
11
0.6256302362204724
21
0.2970841338582677
0
LINE
8
BLACK
6
CONTINUOUS
10
0.6256302362204724
20
0.2970841338582677
11
0.6256302362204724
21
0.308332716535433
0
LINE
8
BLACK
6
CONTINUOUS
10
0.6256302362204724
20
0.308332716535433
11
0.6259815354330709
21
0.3096437795275591
0
LINE
8
BLACK
6
CONTINUOUS
10
0.6259815354330709
20
0.3096437795275591
11
0.6262537007874016
21
0.3109737401574803
0
LINE
8
BLACK
6
CONTINUOUS
10
0.6262537007874016
20
0.3109737401574803
11
0.6290658661417323
21
0.316598031496063
0
LINE
8
BLACK
6
CONTINUOUS
10
0.6290658661417323
20
0.316598031496063
11
0.6293054724409448
21
0.3168682283464567
0
LINE
8
BLACK
6
CONTINUOUS
10
0.6293054724409448
20
0.3168682283464567
11
0.6294196850393701
21
0.3172108661417323
0
LINE
8
BLACK
6
CONTINUOUS
10
0.6294196850393701
20
0.3172108661417323
11
0.6303070866141732
21
0.3179977952755905
0
LINE
8
BLACK
6
CONTINUOUS
10
0.6303070866141732
20
0.3179977952755905
11
0.6310940551181102
21
0.3188852362204724
0
LINE
8
BLACK
6
CONTINUOUS
10
0.6310940551181102
20
0.3188852362204724
11
0.631436653543307
21
0.3189994094488189
0
LINE
8
BLACK
6
CONTINUOUS
10
0.631436653543307
20
0.3189994094488189
11
0.6317068897637795
21
0.3192390551181102
0
LINE
8
BLACK
6
CONTINUOUS
10
0.6317068897637795
20
0.3192390551181102
11
0.6373311417322834
21
0.3220512204724409
0
LINE
8
BLACK
6
CONTINUOUS
10
0.6373311417322834
20
0.3220512204724409
11
0.6386611417322835
21
0.3223233858267717
0
LINE
8
BLACK
6
CONTINUOUS
10
0.6386611417322835
20
0.3223233858267717
11
0.6399722047244094
21
0.3226746850393701
0
LINE
8
BLACK
6
CONTINUOUS
10
0.6399722047244094
20
0.3226746850393701
11
0.6455964960629921
21
0.3226746850393701
0
LINE
8
BLACK
6
CONTINUOUS
10
0.6455964960629921
20
0.3226746850393701
11
0.6465272834645669
21
0.3224252755905512
0
LINE
8
BLACK
6
CONTINUOUS
10
0.6387496062992126
20
0.3095553149606299
11
0.6374412598425196
21
0.3069385826771653
0
LINE
8
BLACK
6
CONTINUOUS
10
0.6374412598425196
20
0.3069385826771653
11
0.6374412598425196
21
0.2984782283464567
0
LINE
8
BLACK
6
CONTINUOUS
10
0.6374412598425196
20
0.2984782283464567
11
0.6387496062992126
21
0.2958614960629921
0
LINE
8
BLACK
6
CONTINUOUS
10
0.6387496062992126
20
0.2958614960629921
11
0.6413662992125984
21
0.2945531889763779
0
LINE
8
BLACK
6
CONTINUOUS
10
0.6413662992125984
20
0.2945531889763779
11
0.6440172440944881
21
0.2945531889763779
0
LINE
8
BLACK
6
CONTINUOUS
10
0.6440172440944881
20
0.2945531889763779
11
0.6408106692913386
21
0.3105858267716535
0
LINE
8
BLACK
6
CONTINUOUS
10
0.6408106692913386
20
0.3105858267716535
11
0.6387496062992126
21
0.3095553149606299
0
LINE
8
BLACK
6
CONTINUOUS
10
1.2354499606299212
20
0.3009056692913386
11
1.2376115354330708
21
0.2987440944881889
0
LINE
8
BLACK
6
CONTINUOUS
10
1.2376115354330708
20
0.2987440944881889
11
1.238402716535433
21
0.2957913385826771
0
LINE
8
BLACK
6
CONTINUOUS
10
1.238402716535433
20
0.2957913385826771
11
1.2376115354330708
21
0.2928385826771653
0
LINE
8
BLACK
6
CONTINUOUS
10
1.2376115354330708
20
0.2928385826771653
11
1.2354499606299212
21
0.2906770078740157
0
LINE
8
BLACK
6
CONTINUOUS
10
1.2354499606299212
20
0.2906770078740157
11
1.2324972047244094
21
0.2898858267716535
0
LINE
8
BLACK
6
CONTINUOUS
10
1.2324972047244094
20
0.2898858267716535
11
1.1875027952755906
21
0.2898858267716535
0
LINE
8
BLACK
6
CONTINUOUS
10
1.1875027952755906
20
0.2898858267716535
11
1.1845500393700787
21
0.2906770078740157
0
LINE
8
BLACK
6
CONTINUOUS
10
1.1845500393700787
20
0.2906770078740157
11
1.1823884645669291
21
0.2928385826771653
0
LINE
8
BLACK
6
CONTINUOUS
10
1.1823884645669291
20
0.2928385826771653
11
1.1815972834645669
21
0.2957913385826771
0
LINE
8
BLACK
6
CONTINUOUS
10
1.1815972834645669
20
0.2957913385826771
11
1.1823884645669291
21
0.2987440944881889
0
LINE
8
BLACK
6
CONTINUOUS
10
1.1823884645669291
20
0.2987440944881889
11
1.1845500393700787
21
0.3009056692913386
0
LINE
8
BLACK
6
CONTINUOUS
10
1.1845500393700787
20
0.3009056692913386
11
1.1875027952755906
21
0.3016968503937008
0
LINE
8
BLACK
6
CONTINUOUS
10
1.1875027952755906
20
0.3016968503937008
11
1.2324972047244094
21
0.3016968503937008
0
LINE
8
BLACK
6
CONTINUOUS
10
1.2324972047244094
20
0.3016968503937008
11
1.2354499606299212
21
0.3009056692913386
0
LINE
8
BLACK
6
CONTINUOUS
10
1.4326499606299212
20
0.3009056692913386
11
1.4348115354330708
21
0.2987440944881889
0
LINE
8
BLACK
6
CONTINUOUS
10
1.4348115354330708
20
0.2987440944881889
11
1.435602716535433
21
0.2957913385826771
0
LINE
8
BLACK
6
CONTINUOUS
10
1.435602716535433
20
0.2957913385826771
11
1.4348115354330708
21
0.2928385826771653
0
LINE
8
BLACK
6
CONTINUOUS
10
1.4348115354330708
20
0.2928385826771653
11
1.4326499606299212
21
0.2906770078740157
0
LINE
8
BLACK
6
CONTINUOUS
10
1.4326499606299212
20
0.2906770078740157
11
1.4296972047244094
21
0.2898858267716535
0
LINE
8
BLACK
6
CONTINUOUS
10
1.4296972047244094
20
0.2898858267716535
11
1.3847027952755906
21
0.2898858267716535
0
LINE
8
BLACK
6
CONTINUOUS
10
1.3847027952755906
20
0.2898858267716535
11
1.3817500393700788
21
0.2906770078740157
0
LINE
8
BLACK
6
CONTINUOUS
10
1.3817500393700788
20
0.2906770078740157
11
1.3795884645669292
21
0.2928385826771653
0
LINE
8
BLACK
6
CONTINUOUS
10
1.3795884645669292
20
0.2928385826771653
11
1.378797283464567
21
0.2957913385826771
0
LINE
8
BLACK
6
CONTINUOUS
10
1.378797283464567
20
0.2957913385826771
11
1.3795884645669292
21
0.2987440944881889
0
LINE
8
BLACK
6
CONTINUOUS
10
1.3795884645669292
20
0.2987440944881889
11
1.3817500393700788
21
0.3009056692913386
0
LINE
8
BLACK
6
CONTINUOUS
10
1.3817500393700788
20
0.3009056692913386
11
1.3847027952755906
21
0.3016968503937008
0
LINE
8
BLACK
6
CONTINUOUS
10
1.3847027952755906
20
0.3016968503937008
11
1.4296972047244094
21
0.3016968503937008
0
LINE
8
BLACK
6
CONTINUOUS
10
1.4296972047244094
20
0.3016968503937008
11
1.4326499606299212
21
0.3009056692913386
0
LINE
8
BLACK
6
CONTINUOUS
10
0.6738585826771654
20
0.3725021653543307
11
0.676020157480315
21
0.3703405905511811
0
LINE
8
BLACK
6
CONTINUOUS
10
0.676020157480315
20
0.3703405905511811
11
0.6768113385826772
21
0.3673878346456693
0
LINE
8
BLACK
6
CONTINUOUS
10
0.6768113385826772
20
0.3673878346456693
11
0.676020157480315
21
0.3644350787401575
0
LINE
8
BLACK
6
CONTINUOUS
10
0.676020157480315
20
0.3644350787401575
11
0.6738585826771654
21
0.3622735039370079
0
LINE
8
BLACK
6
CONTINUOUS
10
0.6738585826771654
20
0.3622735039370079
11
0.6709058267716536
21
0.3614823228346457
0
LINE
8
BLACK
6
CONTINUOUS
10
0.6709058267716536
20
0.3614823228346457
11
0.6413662992125984
21
0.3614823228346457
0
LINE
8
BLACK
6
CONTINUOUS
10
0.6413662992125984
20
0.3614823228346457
11
0.6387496062992126
21
0.3601739763779527
0
LINE
8
BLACK
6
CONTINUOUS
10
0.6387496062992126
20
0.3601739763779527
11
0.6374412598425196
21
0.3575572440944882
0
LINE
8
BLACK
6
CONTINUOUS
10
0.6374412598425196
20
0.3575572440944882
11
0.6374412598425196
21
0.3519090157480315
0
LINE
8
BLACK
6
CONTINUOUS
10
0.6374412598425196
20
0.3519090157480315
11
0.6392013779527559
21
0.3483887401574803
0
LINE
8
BLACK
6
CONTINUOUS
10
0.6392013779527559
20
0.3483887401574803
11
0.639606220472441
21
0.3479839763779528
0
LINE
8
BLACK
6
CONTINUOUS
10
0.639606220472441
20
0.3479839763779528
11
0.6709058267716536
21
0.3479839763779528
0
LINE
8
BLACK
6
CONTINUOUS
10
0.6709058267716536
20
0.3479839763779528
11
0.6738585826771654
21
0.3471927952755905
0
LINE
8
BLACK
6
CONTINUOUS
10
0.6738585826771654
20
0.3471927952755905
11
0.676020157480315
21
0.3450312204724409
0
LINE
8
BLACK
6
CONTINUOUS
10
0.676020157480315
20
0.3450312204724409
11
0.6768113385826772
21
0.3420784645669291
0
LINE
8
BLACK
6
CONTINUOUS
10
0.6768113385826772
20
0.3420784645669291
11
0.676020157480315
21
0.3391257086614173
0
LINE
8
BLACK
6
CONTINUOUS
10
0.676020157480315
20
0.3391257086614173
11
0.6738585826771654
21
0.3369641338582677
0
LINE
8
BLACK
6
CONTINUOUS
10
0.6738585826771654
20
0.3369641338582677
11
0.6709058267716536
21
0.3361729527559055
0
LINE
8
BLACK
6
CONTINUOUS
10
0.6709058267716536
20
0.3361729527559055
11
0.631535748031496
21
0.3361729527559055
0
LINE
8
BLACK
6
CONTINUOUS
10
0.631535748031496
20
0.3361729527559055
11
0.6285829921259842
21
0.3369641338582677
0
LINE
8
BLACK
6
CONTINUOUS
10
0.6285829921259842
20
0.3369641338582677
11
0.6264214173228346
21
0.3391257086614173
0
LINE
8
BLACK
6
CONTINUOUS
10
0.6264214173228346
20
0.3391257086614173
11
0.6256302362204724
21
0.3420784645669291
0
LINE
8
BLACK
6
CONTINUOUS
10
0.6256302362204724
20
0.3420784645669291
11
0.6264214173228346
21
0.3450312204724409
0
LINE
8
BLACK
6
CONTINUOUS
10
0.6264214173228346
20
0.3450312204724409
11
0.6272571653543307
21
0.345866968503937
0
LINE
8
BLACK
6
CONTINUOUS
10
0.6272571653543307
20
0.345866968503937
11
0.6262537007874016
21
0.3478738976377952
0
LINE
8
BLACK
6
CONTINUOUS
10
0.6262537007874016
20
0.3478738976377952
11
0.6259815354330709
21
0.3492038188976378
0
LINE
8
BLACK
6
CONTINUOUS
10
0.6259815354330709
20
0.3492038188976378
11
0.6256302362204724
21
0.3505149212598425
0
LINE
8
BLACK
6
CONTINUOUS
10
0.6256302362204724
20
0.3505149212598425
11
0.6256302362204724
21
0.3589513779527559
0
LINE
8
BLACK
6
CONTINUOUS
10
0.6256302362204724
20
0.3589513779527559
11
0.6259815354330709
21
0.3602624409448819
0
LINE
8
BLACK
6
CONTINUOUS
10
0.6259815354330709
20
0.3602624409448819
11
0.6262537007874016
21
0.3615924015748032
0
LINE
8
BLACK
6
CONTINUOUS
10
0.6262537007874016
20
0.3615924015748032
11
0.6290658661417323
21
0.3672166929133858
0
LINE
8
BLACK
6
CONTINUOUS
10
0.6290658661417323
20
0.3672166929133858
11
0.6293054724409448
21
0.3674868897637795
0
LINE
8
BLACK
6
CONTINUOUS
10
0.6293054724409448
20
0.3674868897637795
11
0.6294196850393701
21
0.3678295275590551
0
LINE
8
BLACK
6
CONTINUOUS
10
0.6294196850393701
20
0.3678295275590551
11
0.6303070866141732
21
0.3686164566929134
0
LINE
8
BLACK
6
CONTINUOUS
10
0.6303070866141732
20
0.3686164566929134
11
0.6310940551181102
21
0.3695038976377953
0
LINE
8
BLACK
6
CONTINUOUS
10
0.6310940551181102
20
0.3695038976377953
11
0.631436653543307
21
0.3696180708661417
0
LINE
8
BLACK
6
CONTINUOUS
10
0.631436653543307
20
0.3696180708661417
11
0.6317068897637795
21
0.3698577165354331
0
LINE
8
BLACK
6
CONTINUOUS
10
0.6317068897637795
20
0.3698577165354331
11
0.6373311417322834
21
0.3726698818897637
0
LINE
8
BLACK
6
CONTINUOUS
10
0.6373311417322834
20
0.3726698818897637
11
0.6386611417322835
21
0.3729420472440945
0
LINE
8
BLACK
6
CONTINUOUS
10
0.6386611417322835
20
0.3729420472440945
11
0.6399722047244094
21
0.3732933464566929
0
LINE
8
BLACK
6
CONTINUOUS
10
0.6399722047244094
20
0.3732933464566929
11
0.6709058267716536
21
0.3732933464566929
0
LINE
8
BLACK
6
CONTINUOUS
10
0.6709058267716536
20
0.3732933464566929
11
0.6738585826771654
21
0.3725021653543307
0
LINE
8
BLACK
6
CONTINUOUS
10
0.4522457874015748
20
0.3681329921259843
11
0.4528941338582677
21
0.3681280708661417
0
LINE
8
BLACK
6
CONTINUOUS
10
0.4528941338582677
20
0.3681280708661417
11
0.460036968503937
21
0.3657470866141732
0
LINE
8
BLACK
6
CONTINUOUS
10
0.460036968503937
20
0.3657470866141732
11
0.4607788582677165
21
0.3651994094488189
0
LINE
8
BLACK
6
CONTINUOUS
10
0.4607788582677165
20
0.3651994094488189
11
0.4616004724409449
21
0.3647807874015748
0
LINE
8
BLACK
6
CONTINUOUS
10
0.4616004724409449
20
0.3647807874015748
11
0.4663624015748031
21
0.3600188976377953
0
LINE
8
BLACK
6
CONTINUOUS
10
0.4663624015748031
20
0.3600188976377953
11
0.4667810236220472
21
0.3591972440944882
0
LINE
8
BLACK
6
CONTINUOUS
10
0.4667810236220472
20
0.3591972440944882
11
0.4673287007874016
21
0.3584553937007874
0
LINE
8
BLACK
6
CONTINUOUS
10
0.4673287007874016
20
0.3584553937007874
11
0.4697096456692914
21
0.3513124803149606
0
LINE
8
BLACK
6
CONTINUOUS
10
0.4697096456692914
20
0.3513124803149606
11
0.4697145669291338
21
0.3506641732283465
0
LINE
8
BLACK
6
CONTINUOUS
10
0.4697145669291338
20
0.3506641732283465
11
0.4699149212598425
21
0.3500475984251968
0
LINE
8
BLACK
6
CONTINUOUS
10
0.4699149212598425
20
0.3500475984251968
11
0.4699149212598425
21
0.3452857086614173
0
LINE
8
BLACK
6
CONTINUOUS
10
0.4699149212598425
20
0.3452857086614173
11
0.4691509842519685
21
0.3429345669291339
0
LINE
8
BLACK
6
CONTINUOUS
10
0.4691509842519685
20
0.3429345669291339
11
0.4671509842519685
21
0.3414814960629921
0
LINE
8
BLACK
6
CONTINUOUS
10
0.4671509842519685
20
0.3414814960629921
11
0.4646788582677165
21
0.3414814960629921
0
LINE
8
BLACK
6
CONTINUOUS
10
0.4646788582677165
20
0.3414814960629921
11
0.4626788582677165
21
0.3429345669291339
0
LINE
8
BLACK
6
CONTINUOUS
10
0.4626788582677165
20
0.3429345669291339
11
0.4619149212598425
21
0.3452857086614173
0
LINE
8
BLACK
6
CONTINUOUS
10
0.4619149212598425
20
0.3452857086614173
11
0.4619149212598425
21
0.3493985039370079
0
LINE
8
BLACK
6
CONTINUOUS
10
0.4619149212598425
20
0.3493985039370079
11
0.4600378346456693
21
0.35502968503937
0
LINE
8
BLACK
6
CONTINUOUS
10
0.4600378346456693
20
0.35502968503937
11
0.4566112992125984
21
0.3584562204724409
0
LINE
8
BLACK
6
CONTINUOUS
10
0.4566112992125984
20
0.3584562204724409
11
0.4509801181102362
21
0.3603333464566929
0
LINE
8
BLACK
6
CONTINUOUS
10
0.4509801181102362
20
0.3603333464566929
11
0.4159149212598425
21
0.3603333464566929
0
LINE
8
BLACK
6
CONTINUOUS
10
0.4159149212598425
20
0.3603333464566929
11
0.4135637795275591
21
0.3610972834645669
0
LINE
8
BLACK
6
CONTINUOUS
10
0.4135637795275591
20
0.3610972834645669
11
0.4121107086614173
21
0.3630972834645669
0
LINE
8
BLACK
6
CONTINUOUS
10
0.4121107086614173
20
0.3630972834645669
11
0.4121107086614173
21
0.3655694094488189
0
LINE
8
BLACK
6
CONTINUOUS
10
0.4121107086614173
20
0.3655694094488189
11
0.4135637795275591
21
0.3675694094488189
0
LINE
8
BLACK
6
CONTINUOUS
10
0.4135637795275591
20
0.3675694094488189
11
0.4159149212598425
21
0.3683333464566929
0
LINE
8
BLACK
6
CONTINUOUS
10
0.4159149212598425
20
0.3683333464566929
11
0.4516292125984252
21
0.3683333464566929
0
LINE
8
BLACK
6
CONTINUOUS
10
0.4516292125984252
20
0.3683333464566929
11
0.4522457874015748
21
0.3681329921259843
0
LINE
8
BLACK
6
CONTINUOUS
10
1.7925
20
0.3875
11
1.7275
21
0.3875
0
LINE
8
BLACK
6
CONTINUOUS
10
1.7275
20
0.3875
11
1.7275
21
0.4525
0
LINE
8
BLACK
6
CONTINUOUS
10
1.7275
20
0.4525
11
1.7925
21
0.4525
0
LINE
8
BLACK
6
CONTINUOUS
10
1.7925
20
0.4525
11
1.7925
21
0.3875
0
LINE
8
BLACK
6
CONTINUOUS
10
1.8924999999999998
20
0.3875
11
1.8274999999999999
21
0.3875
0
LINE
8
BLACK
6
CONTINUOUS
10
1.8274999999999999
20
0.3875
11
1.8274999999999999
21
0.4525
0
LINE
8
BLACK
6
CONTINUOUS
10
1.8274999999999999
20
0.4525
11
1.8924999999999998
21
0.4525
0
LINE
8
BLACK
6
CONTINUOUS
10
1.8924999999999998
20
0.4525
11
1.8924999999999998
21
0.3875
0
LINE
8
BLACK
6
CONTINUOUS
10
1.7925
20
0.4875
11
1.7275
21
0.4875
0
LINE
8
BLACK
6
CONTINUOUS
10
1.7275
20
0.4875
11
1.7275
21
0.5525
0
LINE
8
BLACK
6
CONTINUOUS
10
1.7275
20
0.5525
11
1.7925
21
0.5525
0
LINE
8
BLACK
6
CONTINUOUS
10
1.7925
20
0.5525
11
1.7925
21
0.4875
0
LINE
8
BLACK
6
CONTINUOUS
10
1.8924999999999998
20
0.4875
11
1.8274999999999999
21
0.4875
0
LINE
8
BLACK
6
CONTINUOUS
10
1.8274999999999999
20
0.4875
11
1.8274999999999999
21
0.5525
0
LINE
8
BLACK
6
CONTINUOUS
10
1.8274999999999999
20
0.5525
11
1.8924999999999998
21
0.5525
0
LINE
8
BLACK
6
CONTINUOUS
10
1.8924999999999998
20
0.5525
11
1.8924999999999998
21
0.4875
0
LINE
8
BLACK
6
CONTINUOUS
10
1.7925
20
0.5875
11
1.7275
21
0.5875
0
LINE
8
BLACK
6
CONTINUOUS
10
1.7275
20
0.5875
11
1.7275
21
0.6525
0
LINE
8
BLACK
6
CONTINUOUS
10
1.7275
20
0.6525
11
1.7925
21
0.6525
0
LINE
8
BLACK
6
CONTINUOUS
10
1.7925
20
0.6525
11
1.7925
21
0.5875
0
LINE
8
BLACK
6
CONTINUOUS
10
1.8924999999999998
20
0.5875
11
1.8274999999999999
21
0.5875
0
LINE
8
BLACK
6
CONTINUOUS
10
1.8274999999999999
20
0.5875
11
1.8274999999999999
21
0.6525
0
LINE
8
BLACK
6
CONTINUOUS
10
1.8274999999999999
20
0.6525
11
1.8924999999999998
21
0.6525
0
LINE
8
BLACK
6
CONTINUOUS
10
1.8924999999999998
20
0.6525
11
1.8924999999999998
21
0.5875
0
LINE
8
BLACK
6
CONTINUOUS
10
1.9114086614173227
20
0.6747974803149606
11
1.9117157874015747
21
0.6746000787401575
0
LINE
8
BLACK
6
CONTINUOUS
10
1.9117157874015747
20
0.6746000787401575
11
1.9120770866141732
21
0.6745481496062992
0
LINE
8
BLACK
6
CONTINUOUS
10
1.9120770866141732
20
0.6745481496062992
11
1.9128823228346457
21
0.6738503543307086
0
LINE
8
BLACK
6
CONTINUOUS
10
1.9128823228346457
20
0.6738503543307086
11
1.9137787401574802
21
0.6732742913385826
0
LINE
8
BLACK
6
CONTINUOUS
10
1.9137787401574802
20
0.6732742913385826
11
1.9139303543307087
21
0.6729422047244095
0
LINE
8
BLACK
6
CONTINUOUS
10
1.9139303543307087
20
0.6729422047244095
11
1.9142062598425196
21
0.6727031889763779
0
LINE
8
BLACK
6
CONTINUOUS
10
1.9142062598425196
20
0.6727031889763779
11
1.9145064566929133
21
0.6716807874015748
0
LINE
8
BLACK
6
CONTINUOUS
10
1.9145064566929133
20
0.6716807874015748
11
1.9149490944881888
21
0.6707115748031496
0
LINE
8
BLACK
6
CONTINUOUS
10
1.9149490944881888
20
0.6707115748031496
11
1.914897125984252
21
0.6703502755905512
0
LINE
8
BLACK
6
CONTINUOUS
10
1.914897125984252
20
0.6703502755905512
11
1.915
21
0.67
0
LINE
8
BLACK
6
CONTINUOUS
10
1.915
20
0.67
11
1.915
21
0.37
0
LINE
8
BLACK
6
CONTINUOUS
10
1.915
20
0.37
11
1.9147974803149606
21
0.3685913385826772
0
LINE
8
BLACK
6
CONTINUOUS
10
1.9147974803149606
20
0.3685913385826772
11
1.9146000787401574
21
0.3682841732283464
0
LINE
8
BLACK
6
CONTINUOUS
10
1.9146000787401574
20
0.3682841732283464
11
1.9145481496062993
21
0.3679229133858268
0
LINE
8
BLACK
6
CONTINUOUS
10
1.9145481496062993
20
0.3679229133858268
11
1.9138503543307086
21
0.3671176377952756
0
LINE
8
BLACK
6
CONTINUOUS
10
1.9138503543307086
20
0.3671176377952756
11
1.9132742913385827
21
0.3662212598425197
0
LINE
8
BLACK
6
CONTINUOUS
10
1.9132742913385827
20
0.3662212598425197
11
1.9129422047244093
21
0.3660696062992126
0
LINE
8
BLACK
6
CONTINUOUS
10
1.9129422047244093
20
0.3660696062992126
11
1.9127031889763779
21
0.3657937401574803
0
LINE
8
BLACK
6
CONTINUOUS
10
1.9127031889763779
20
0.3657937401574803
11
1.9116807874015747
21
0.3654935039370079
0
LINE
8
BLACK
6
CONTINUOUS
10
1.9116807874015747
20
0.3654935039370079
11
1.9107115748031496
21
0.365050905511811
0
LINE
8
BLACK
6
CONTINUOUS
10
1.9107115748031496
20
0.365050905511811
11
1.910350275590551
21
0.3651028346456693
0
LINE
8
BLACK
6
CONTINUOUS
10
1.910350275590551
20
0.3651028346456693
11
1.9099999999999999
21
0.365
0
LINE
8
BLACK
6
CONTINUOUS
10
1.9099999999999999
20
0.365
11
1.8100000000000001
21
0.365
0
LINE
8
BLACK
6
CONTINUOUS
10
1.8100000000000001
20
0.365
11
1.71
21
0.365
0
LINE
8
BLACK
6
CONTINUOUS
10
1.71
20
0.365
11
1.7085913385826772
21
0.3652025196850394
0
LINE
8
BLACK
6
CONTINUOUS
10
1.7085913385826772
20
0.3652025196850394
11
1.7082841732283465
21
0.3653998818897637
0
LINE
8
BLACK
6
CONTINUOUS
10
1.7082841732283465
20
0.3653998818897637
11
1.7079229133858267
21
0.3654518503937008
0
LINE
8
BLACK
6
CONTINUOUS
10
1.7079229133858267
20
0.3654518503937008
11
1.7071176377952755
21
0.3661496062992126
0
LINE
8
BLACK
6
CONTINUOUS
10
1.7071176377952755
20
0.3661496062992126
11
1.7062212598425197
21
0.3667257086614173
0
LINE
8
BLACK
6
CONTINUOUS
10
1.7062212598425197
20
0.3667257086614173
11
1.7060696062992124
21
0.3670577559055118
0
LINE
8
BLACK
6
CONTINUOUS
10
1.7060696062992124
20
0.3670577559055118
11
1.7057937401574803
21
0.367296811023622
0
LINE
8
BLACK
6
CONTINUOUS
10
1.7057937401574803
20
0.367296811023622
11
1.7054935039370078
21
0.3683191732283465
0
LINE
8
BLACK
6
CONTINUOUS
10
1.7054935039370078
20
0.3683191732283465
11
1.705050905511811
21
0.3692884251968504
0
LINE
8
BLACK
6
CONTINUOUS
10
1.705050905511811
20
0.3692884251968504
11
1.7051028346456694
21
0.3696496850393701
0
LINE
8
BLACK
6
CONTINUOUS
10
1.7051028346456694
20
0.3696496850393701
11
1.7050000000000001
21
0.37
0
LINE
8
BLACK
6
CONTINUOUS
10
1.7050000000000001
20
0.37
11
1.7050000000000001
21
0.47
0
LINE
8
BLACK
6
CONTINUOUS
10
1.7050000000000001
20
0.47
11
1.7050000000000001
21
0.67
0
LINE
8
BLACK
6
CONTINUOUS
10
1.7050000000000001
20
0.67
11
1.7052025196850393
21
0.6714086614173228
0
LINE
8
BLACK
6
CONTINUOUS
10
1.7052025196850393
20
0.6714086614173228
11
1.7053998818897638
21
0.6717157874015748
0
LINE
8
BLACK
6
CONTINUOUS
10
1.7053998818897638
20
0.6717157874015748
11
1.7054518503937008
21
0.6720770866141732
0
LINE
8
BLACK
6
CONTINUOUS
10
1.7054518503937008
20
0.6720770866141732
11
1.7061496062992125
21
0.6728823228346457
0
LINE
8
BLACK
6
CONTINUOUS
10
1.7061496062992125
20
0.6728823228346457
11
1.7067257086614174
21
0.6737787401574803
0
LINE
8
BLACK
6
CONTINUOUS
10
1.7067257086614174
20
0.6737787401574803
11
1.7070577559055118
21
0.6739303543307087
0
LINE
8
BLACK
6
CONTINUOUS
10
1.7070577559055118
20
0.6739303543307087
11
1.707296811023622
21
0.6742062598425197
0
LINE
8
BLACK
6
CONTINUOUS
10
1.707296811023622
20
0.6742062598425197
11
1.7083191732283465
21
0.6745064566929134
0
LINE
8
BLACK
6
CONTINUOUS
10
1.7083191732283465
20
0.6745064566929134
11
1.7092884251968503
21
0.674949094488189
0
LINE
8
BLACK
6
CONTINUOUS
10
1.7092884251968503
20
0.674949094488189
11
1.7096496850393701
21
0.674897125984252
0
LINE
8
BLACK
6
CONTINUOUS
10
1.7096496850393701
20
0.674897125984252
11
1.71
21
0.6749999999999999
0
LINE
8
BLACK
6
CONTINUOUS
10
1.71
20
0.6749999999999999
11
1.9099999999999999
21
0.6749999999999999
0
LINE
8
BLACK
6
CONTINUOUS
10
1.9099999999999999
20
0.6749999999999999
11
1.9114086614173227
21
0.6747974803149606
0
LINE
8
BLACK
6
CONTINUOUS
10
1.7149999999999999
20
0.665
11
1.7149999999999999
21
0.47
0
LINE
8
BLACK
6
CONTINUOUS
10
1.7149999999999999
20
0.47
11
1.7149999999999999
21
0.375
0
LINE
8
BLACK
6
CONTINUOUS
10
1.7149999999999999
20
0.375
11
1.8100000000000001
21
0.375
0
LINE
8
BLACK
6
CONTINUOUS
10
1.8100000000000001
20
0.375
11
1.905
21
0.375
0
LINE
8
BLACK
6
CONTINUOUS
10
1.905
20
0.375
11
1.905
21
0.665
0
LINE
8
BLACK
6
CONTINUOUS
10
1.905
20
0.665
11
1.7149999999999999
21
0.665
0
LINE
8
BLACK
6
CONTINUOUS
10
1.5604924015748032
20
0.4465034251968504
11
1.5618223622047245
21
0.4462312992125984
0
LINE
8
BLACK
6
CONTINUOUS
10
1.5618223622047245
20
0.4462312992125984
11
1.5674466535433071
21
0.4434191338582677
0
LINE
8
BLACK
6
CONTINUOUS
10
1.5674466535433071
20
0.4434191338582677
11
1.5697338582677165
21
0.4413909448818897
0
LINE
8
BLACK
6
CONTINUOUS
10
1.5697338582677165
20
0.4413909448818897
11
1.5707005511811023
21
0.438490905511811
0
LINE
8
BLACK
6
CONTINUOUS
10
1.5707005511811023
20
0.438490905511811
11
1.5700876771653542
21
0.435496062992126
0
LINE
8
BLACK
6
CONTINUOUS
10
1.5700876771653542
20
0.435496062992126
11
1.5680594881889764
21
0.4332088582677165
0
LINE
8
BLACK
6
CONTINUOUS
10
1.5680594881889764
20
0.4332088582677165
11
1.5651594488188976
21
0.4322421653543307
0
LINE
8
BLACK
6
CONTINUOUS
10
1.5651594488188976
20
0.4322421653543307
11
1.5621645669291337
21
0.4328550393700787
0
LINE
8
BLACK
6
CONTINUOUS
10
1.5621645669291337
20
0.4328550393700787
11
1.5577872440944882
21
0.4350437401574803
0
LINE
8
BLACK
6
CONTINUOUS
10
1.5577872440944882
20
0.4350437401574803
11
1.5517032677165354
21
0.4350437401574803
0
LINE
8
BLACK
6
CONTINUOUS
10
1.5517032677165354
20
0.4350437401574803
11
1.5454984645669292
21
0.4329754724409449
0
LINE
8
BLACK
6
CONTINUOUS
10
1.5454984645669292
20
0.4329754724409449
11
1.5415375984251969
21
0.4290146062992126
0
LINE
8
BLACK
6
CONTINUOUS
10
1.5415375984251969
20
0.4290146062992126
11
1.5394438582677166
21
0.4248272047244094
0
LINE
8
BLACK
6
CONTINUOUS
10
1.5394438582677166
20
0.4248272047244094
11
1.5369653543307087
21
0.4149129921259843
0
LINE
8
BLACK
6
CONTINUOUS
10
1.5369653543307087
20
0.4149129921259843
11
1.5369653543307087
21
0.4079303543307087
0
LINE
8
BLACK
6
CONTINUOUS
10
1.5369653543307087
20
0.4079303543307087
11
1.5394438582677166
21
0.3980161417322834
0
LINE
8
BLACK
6
CONTINUOUS
10
1.5394438582677166
20
0.3980161417322834
11
1.5415375984251969
21
0.3938287401574803
0
LINE
8
BLACK
6
CONTINUOUS
10
1.5415375984251969
20
0.3938287401574803
11
1.5454984645669292
21
0.389867874015748
0
LINE
8
BLACK
6
CONTINUOUS
10
1.5454984645669292
20
0.389867874015748
11
1.5517032677165354
21
0.3877996456692913
0
LINE
8
BLACK
6
CONTINUOUS
10
1.5517032677165354
20
0.3877996456692913
11
1.555410905511811
21
0.3877996456692913
0
LINE
8
BLACK
6
CONTINUOUS
10
1.555410905511811
20
0.3877996456692913
11
1.5616155511811023
21
0.389867874015748
0
LINE
8
BLACK
6
CONTINUOUS
10
1.5616155511811023
20
0.389867874015748
11
1.5617122440944882
21
0.3899645669291338
0
LINE
8
BLACK
6
CONTINUOUS
10
1.5617122440944882
20
0.3899645669291338
11
1.5617122440944882
21
0.4012979527559055
0
LINE
8
BLACK
6
CONTINUOUS
10
1.5617122440944882
20
0.4012979527559055
11
1.5563691732283464
21
0.4012979527559055
0
LINE
8
BLACK
6
CONTINUOUS
10
1.5563691732283464
20
0.4012979527559055
11
1.5534164173228346
21
0.4020891338582677
0
LINE
8
BLACK
6
CONTINUOUS
10
1.5534164173228346
20
0.4020891338582677
11
1.551254842519685
21
0.4042507086614173
0
LINE
8
BLACK
6
CONTINUOUS
10
1.551254842519685
20
0.4042507086614173
11
1.5504636614173228
21
0.4072034645669291
0
LINE
8
BLACK
6
CONTINUOUS
10
1.5504636614173228
20
0.4072034645669291
11
1.551254842519685
21
0.4101562204724409
0
LINE
8
BLACK
6
CONTINUOUS
10
1.551254842519685
20
0.4101562204724409
11
1.5534164173228346
21
0.4123177952755905
0
LINE
8
BLACK
6
CONTINUOUS
10
1.5534164173228346
20
0.4123177952755905
11
1.5563691732283464
21
0.4131089763779527
0
LINE
8
BLACK
6
CONTINUOUS
10
1.5563691732283464
20
0.4131089763779527
11
1.5676177559055118
21
0.4131089763779527
0
LINE
8
BLACK
6
CONTINUOUS
10
1.5676177559055118
20
0.4131089763779527
11
1.5705705118110236
21
0.4123177952755905
0
LINE
8
BLACK
6
CONTINUOUS
10
1.5705705118110236
20
0.4123177952755905
11
1.5727320866141732
21
0.4101562204724409
0
LINE
8
BLACK
6
CONTINUOUS
10
1.5727320866141732
20
0.4101562204724409
11
1.5735232677165354
21
0.4072034645669291
0
LINE
8
BLACK
6
CONTINUOUS
10
1.5735232677165354
20
0.4072034645669291
11
1.5735232677165354
21
0.3875184251968504
0
LINE
8
BLACK
6
CONTINUOUS
10
1.5735232677165354
20
0.3875184251968504
11
1.5733220472440945
21
0.3867674409448819
0
LINE
8
BLACK
6
CONTINUOUS
10
1.5733220472440945
20
0.3867674409448819
11
1.5733220472440945
21
0.3859899606299212
0
LINE
8
BLACK
6
CONTINUOUS
10
1.5733220472440945
20
0.3859899606299212
11
1.5729333070866141
21
0.3853166141732283
0
LINE
8
BLACK
6
CONTINUOUS
10
1.5729333070866141
20
0.3853166141732283
11
1.5727320866141732
21
0.3845656692913386
0
LINE
8
BLACK
6
CONTINUOUS
10
1.5727320866141732
20
0.3845656692913386
11
1.5721822834645669
21
0.3840158661417323
0
LINE
8
BLACK
6
CONTINUOUS
10
1.5721822834645669
20
0.3840158661417323
11
1.5717935826771654
21
0.3833425984251969
0
LINE
8
BLACK
6
CONTINUOUS
10
1.5717935826771654
20
0.3833425984251969
11
1.5689814566929134
21
0.3805304724409449
0
LINE
8
BLACK
6
CONTINUOUS
10
1.5689814566929134
20
0.3805304724409449
11
1.5678059842519685
21
0.379851811023622
0
LINE
8
BLACK
6
CONTINUOUS
10
1.5678059842519685
20
0.379851811023622
11
1.5666731102362204
21
0.3791038188976378
0
LINE
8
BLACK
6
CONTINUOUS
10
1.5666731102362204
20
0.3791038188976378
11
1.558236653543307
21
0.3762916929133858
0
LINE
8
BLACK
6
CONTINUOUS
10
1.558236653543307
20
0.3762916929133858
11
1.5572875984251968
21
0.3762346850393701
0
LINE
8
BLACK
6
CONTINUOUS
10
1.5572875984251968
20
0.3762346850393701
11
1.5563691732283464
21
0.3759886220472441
0
LINE
8
BLACK
6
CONTINUOUS
10
1.5563691732283464
20
0.3759886220472441
11
1.5507448818897638
21
0.3759886220472441
0
LINE
8
BLACK
6
CONTINUOUS
10
1.5507448818897638
20
0.3759886220472441
11
1.5498264173228347
21
0.3762346850393701
0
LINE
8
BLACK
6
CONTINUOUS
10
1.5498264173228347
20
0.3762346850393701
11
1.5488773622047243
21
0.3762916929133858
0
LINE
8
BLACK
6
CONTINUOUS
10
1.5488773622047243
20
0.3762916929133858
11
1.5404409448818897
21
0.3791038582677165
0
LINE
8
BLACK
6
CONTINUOUS
10
1.5404409448818897
20
0.3791038582677165
11
1.5393081496062992
21
0.3798517322834646
0
LINE
8
BLACK
6
CONTINUOUS
10
1.5393081496062992
20
0.3798517322834646
11
1.5381325984251968
21
0.3805304724409449
0
LINE
8
BLACK
6
CONTINUOUS
10
1.5381325984251968
20
0.3805304724409449
11
1.5325083070866141
21
0.3861547637795276
0
LINE
8
BLACK
6
CONTINUOUS
10
1.5325083070866141
20
0.3861547637795276
11
1.5320328740157481
21
0.3869781889763779
0
LINE
8
BLACK
6
CONTINUOUS
10
1.5320328740157481
20
0.3869781889763779
11
1.5314020866141731
21
0.3876895669291339
0
LINE
8
BLACK
6
CONTINUOUS
10
1.5314020866141731
20
0.3876895669291339
11
1.5285899212598424
21
0.3933138582677165
0
LINE
8
BLACK
6
CONTINUOUS
10
1.5285899212598424
20
0.3933138582677165
11
1.5284591732283463
21
0.3939525984251969
0
LINE
8
BLACK
6
CONTINUOUS
10
1.5284591732283463
20
0.3939525984251969
11
1.5281427952755906
21
0.3945225984251968
0
LINE
8
BLACK
6
CONTINUOUS
10
1.5281427952755906
20
0.3945225984251968
11
1.5253306692913386
21
0.4057711811023622
0
LINE
8
BLACK
6
CONTINUOUS
10
1.5253306692913386
20
0.4057711811023622
11
1.5253429133858267
21
0.4064996062992126
0
LINE
8
BLACK
6
CONTINUOUS
10
1.5253429133858267
20
0.4064996062992126
11
1.5251543307086615
21
0.4072034645669291
0
LINE
8
BLACK
6
CONTINUOUS
10
1.5251543307086615
20
0.4072034645669291
11
1.5251543307086615
21
0.4156399212598425
0
LINE
8
BLACK
6
CONTINUOUS
10
1.5251543307086615
20
0.4156399212598425
11
1.5253429133858267
21
0.4163437401574803
0
LINE
8
BLACK
6
CONTINUOUS
10
1.5253429133858267
20
0.4163437401574803
11
1.5253306692913386
21
0.4170722047244094
0
LINE
8
BLACK
6
CONTINUOUS
10
1.5253306692913386
20
0.4170722047244094
11
1.5281427952755906
21
0.4283207874015748
0
LINE
8
BLACK
6
CONTINUOUS
10
1.5281427952755906
20
0.4283207874015748
11
1.5284591732283463
21
0.4288907480314961
0
LINE
8
BLACK
6
CONTINUOUS
10
1.5284591732283463
20
0.4288907480314961
11
1.5285899212598424
21
0.4295295275590551
0
LINE
8
BLACK
6
CONTINUOUS
10
1.5285899212598424
20
0.4295295275590551
11
1.5314020866141731
21
0.4351538188976378
0
LINE
8
BLACK
6
CONTINUOUS
10
1.5314020866141731
20
0.4351538188976378
11
1.5320328740157481
21
0.435865157480315
0
LINE
8
BLACK
6
CONTINUOUS
10
1.5320328740157481
20
0.435865157480315
11
1.5325083070866141
21
0.4366886220472441
0
LINE
8
BLACK
6
CONTINUOUS
10
1.5325083070866141
20
0.4366886220472441
11
1.5381325984251968
21
0.4423129133858268
0
LINE
8
BLACK
6
CONTINUOUS
10
1.5381325984251968
20
0.4423129133858268
11
1.5393081496062992
21
0.4429916141732284
0
LINE
8
BLACK
6
CONTINUOUS
10
1.5393081496062992
20
0.4429916141732284
11
1.5404409448818897
21
0.4437395275590551
0
LINE
8
BLACK
6
CONTINUOUS
10
1.5404409448818897
20
0.4437395275590551
11
1.5488773622047243
21
0.4465516929133858
0
LINE
8
BLACK
6
CONTINUOUS
10
1.5488773622047243
20
0.4465516929133858
11
1.5498264173228347
21
0.4466086614173228
0
LINE
8
BLACK
6
CONTINUOUS
10
1.5498264173228347
20
0.4466086614173228
11
1.5507448818897638
21
0.4468547637795275
0
LINE
8
BLACK
6
CONTINUOUS
10
1.5507448818897638
20
0.4468547637795275
11
1.5591813385826772
21
0.4468547637795275
0
LINE
8
BLACK
6
CONTINUOUS
10
1.5591813385826772
20
0.4468547637795275
11
1.5604924015748032
21
0.4465034251968504
0
LINE
8
BLACK
6
CONTINUOUS
10
1.6296256299212597
20
0.4460635826771653
11
1.6317872047244093
21
0.4439020078740157
0
LINE
8
BLACK
6
CONTINUOUS
10
1.6317872047244093
20
0.4439020078740157
11
1.6325783858267715
21
0.4409492519685039
0
LINE
8
BLACK
6
CONTINUOUS
10
1.6325783858267715
20
0.4409492519685039
11
1.6325783858267715
21
0.3818941338582677
0
LINE
8
BLACK
6
CONTINUOUS
10
1.6325783858267715
20
0.3818941338582677
11
1.6325748425196851
21
0.3818810236220472
0
LINE
8
BLACK
6
CONTINUOUS
10
1.6325748425196851
20
0.3818810236220472
11
1.632578346456693
21
0.3818678346456693
0
LINE
8
BLACK
6
CONTINUOUS
10
1.632578346456693
20
0.3818678346456693
11
1.6321785433070866
21
0.3804020078740157
0
LINE
8
BLACK
6
CONTINUOUS
10
1.6321785433070866
20
0.3804020078740157
11
1.6317872047244093
21
0.3789413779527559
0
LINE
8
BLACK
6
CONTINUOUS
10
1.6317872047244093
20
0.3789413779527559
11
1.6317775984251968
21
0.3789317716535433
0
LINE
8
BLACK
6
CONTINUOUS
10
1.6317775984251968
20
0.3789317716535433
11
1.6317740157480314
21
0.3789186220472441
0
LINE
8
BLACK
6
CONTINUOUS
10
1.6317740157480314
20
0.3789186220472441
11
1.6306950787401575
21
0.3778492519685039
0
LINE
8
BLACK
6
CONTINUOUS
10
1.6306950787401575
20
0.3778492519685039
11
1.6296256299212597
21
0.3767798031496063
0
LINE
8
BLACK
6
CONTINUOUS
10
1.6296256299212597
20
0.3767798031496063
11
1.6296124803149605
21
0.3767762598425197
0
LINE
8
BLACK
6
CONTINUOUS
10
1.6296124803149605
20
0.3767762598425197
11
1.6296028346456692
21
0.3767666929133858
0
LINE
8
BLACK
6
CONTINUOUS
10
1.6296028346456692
20
0.3767666929133858
11
1.6281334645669292
21
0.3763799606299212
0
LINE
8
BLACK
6
CONTINUOUS
10
1.6281334645669292
20
0.3763799606299212
11
1.6266728740157479
21
0.3759886220472441
0
LINE
8
BLACK
6
CONTINUOUS
10
1.6266728740157479
20
0.3759886220472441
11
1.6266597637795275
21
0.375992125984252
0
LINE
8
BLACK
6
CONTINUOUS
10
1.6266597637795275
20
0.375992125984252
11
1.6266465748031496
21
0.3759886614173228
0
LINE
8
BLACK
6
CONTINUOUS
10
1.6266465748031496
20
0.3759886614173228
11
1.6251807480314959
21
0.3763884251968504
0
LINE
8
BLACK
6
CONTINUOUS
10
1.6251807480314959
20
0.3763884251968504
11
1.6237201181102361
21
0.3767798031496063
0
LINE
8
BLACK
6
CONTINUOUS
10
1.6237201181102361
20
0.3767798031496063
11
1.6237105118110235
21
0.3767893700787401
0
LINE
8
BLACK
6
CONTINUOUS
10
1.6237105118110235
20
0.3767893700787401
11
1.6236973622047244
21
0.3767929921259842
0
LINE
8
BLACK
6
CONTINUOUS
10
1.6236973622047244
20
0.3767929921259842
11
1.6226301968503936
21
0.3778696850393701
0
LINE
8
BLACK
6
CONTINUOUS
10
1.6226301968503936
20
0.3778696850393701
11
1.6215585433070865
21
0.3789413779527559
0
LINE
8
BLACK
6
CONTINUOUS
10
1.6215585433070865
20
0.3789413779527559
11
1.6215549999999999
21
0.3789545275590551
0
LINE
8
BLACK
6
CONTINUOUS
10
1.6215549999999999
20
0.3789545275590551
11
1.6215454724409448
21
0.3789641732283465
0
LINE
8
BLACK
6
CONTINUOUS
10
1.6215454724409448
20
0.3789641732283465
11
1.5988325984251968
21
0.4187116929133858
0
LINE
8
BLACK
6
CONTINUOUS
10
1.5988325984251968
20
0.4187116929133858
11
1.5988325984251968
21
0.3818941338582677
0
LINE
8
BLACK
6
CONTINUOUS
10
1.5988325984251968
20
0.3818941338582677
11
1.5980414173228346
21
0.3789413779527559
0
LINE
8
BLACK
6
CONTINUOUS
10
1.5980414173228346
20
0.3789413779527559
11
1.595879842519685
21
0.3767798031496063
0
LINE
8
BLACK
6
CONTINUOUS
10
1.595879842519685
20
0.3767798031496063
11
1.5929270866141731
21
0.3759886220472441
0
LINE
8
BLACK
6
CONTINUOUS
10
1.5929270866141731
20
0.3759886220472441
11
1.5899743307086613
21
0.3767798031496063
0
LINE
8
BLACK
6
CONTINUOUS
10
1.5899743307086613
20
0.3767798031496063
11
1.5878127559055117
21
0.3789413779527559
0
LINE
8
BLACK
6
CONTINUOUS
10
1.5878127559055117
20
0.3789413779527559
11
1.5870215748031495
21
0.3818941338582677
0
LINE
8
BLACK
6
CONTINUOUS
10
1.5870215748031495
20
0.3818941338582677
11
1.5870215748031495
21
0.4409492519685039
0
LINE
8
BLACK
6
CONTINUOUS
10
1.5870215748031495
20
0.4409492519685039
11
1.5870250787401574
21
0.4409623228346456
0
LINE
8
BLACK
6
CONTINUOUS
10
1.5870250787401574
20
0.4409623228346456
11
1.5870216141732283
21
0.4409755511811024
0
LINE
8
BLACK
6
CONTINUOUS
10
1.5870216141732283
20
0.4409755511811024
11
1.587421377952756
21
0.4424413385826771
0
LINE
8
BLACK
6
CONTINUOUS
10
1.587421377952756
20
0.4424413385826771
11
1.5878127559055117
21
0.4439020078740157
0
LINE
8
BLACK
6
CONTINUOUS
10
1.5878127559055117
20
0.4439020078740157
11
1.5878223228346455
21
0.4439115748031496
0
LINE
8
BLACK
6
CONTINUOUS
10
1.5878223228346455
20
0.4439115748031496
11
1.5878259448818897
21
0.4439247637795276
0
LINE
8
BLACK
6
CONTINUOUS
10
1.5878259448818897
20
0.4439247637795276
11
1.5889026377952755
21
0.4449918897637795
0
LINE
8
BLACK
6
CONTINUOUS
10
1.5889026377952755
20
0.4449918897637795
11
1.5899743307086613
21
0.4460635826771653
0
LINE
8
BLACK
6
CONTINUOUS
10
1.5899743307086613
20
0.4460635826771653
11
1.5899874803149605
21
0.4460670866141732
0
LINE
8
BLACK
6
CONTINUOUS
10
1.5899874803149605
20
0.4460670866141732
11
1.589997125984252
21
0.4460766535433071
0
LINE
8
BLACK
6
CONTINUOUS
10
1.589997125984252
20
0.4460766535433071
11
1.5914622834645669
21
0.4464622440944882
0
LINE
8
BLACK
6
CONTINUOUS
10
1.5914622834645669
20
0.4464622440944882
11
1.5929270866141731
21
0.4468547637795275
0
LINE
8
BLACK
6
CONTINUOUS
10
1.5929270866141731
20
0.4468547637795275
11
1.592940157480315
21
0.4468512204724409
0
LINE
8
BLACK
6
CONTINUOUS
10
1.592940157480315
20
0.4468512204724409
11
1.5929533858267717
21
0.4468547244094488
0
LINE
8
BLACK
6
CONTINUOUS
10
1.5929533858267717
20
0.4468547244094488
11
1.5944191732283464
21
0.4464549212598425
0
LINE
8
BLACK
6
CONTINUOUS
10
1.5944191732283464
20
0.4464549212598425
11
1.595879842519685
21
0.4460635826771653
0
LINE
8
BLACK
6
CONTINUOUS
10
1.595879842519685
20
0.4460635826771653
11
1.595889409448819
21
0.4460539763779527
0
LINE
8
BLACK
6
CONTINUOUS
10
1.595889409448819
20
0.4460539763779527
11
1.5959025984251969
21
0.4460503937007874
0
LINE
8
BLACK
6
CONTINUOUS
10
1.5959025984251969
20
0.4460503937007874
11
1.5969697244094487
21
0.4449736614173228
0
LINE
8
BLACK
6
CONTINUOUS
10
1.5969697244094487
20
0.4449736614173228
11
1.5980414173228346
21
0.4439020078740157
0
LINE
8
BLACK
6
CONTINUOUS
10
1.5980414173228346
20
0.4439020078740157
11
1.5980449212598424
21
0.4438888188976378
0
LINE
8
BLACK
6
CONTINUOUS
10
1.5980449212598424
20
0.4438888188976378
11
1.5980544881889764
21
0.4438792125984252
0
LINE
8
BLACK
6
CONTINUOUS
10
1.5980544881889764
20
0.4438792125984252
11
1.6207673622047243
21
0.4041317322834646
0
LINE
8
BLACK
6
CONTINUOUS
10
1.6207673622047243
20
0.4041317322834646
11
1.6207673622047243
21
0.4409492519685039
0
LINE
8
BLACK
6
CONTINUOUS
10
1.6207673622047243
20
0.4409492519685039
11
1.6215585433070865
21
0.4439020078740157
0
LINE
8
BLACK
6
CONTINUOUS
10
1.6215585433070865
20
0.4439020078740157
11
1.6237201181102361
21
0.4460635826771653
0
LINE
8
BLACK
6
CONTINUOUS
10
1.6237201181102361
20
0.4460635826771653
11
1.6266728740157479
21
0.4468547637795275
0
LINE
8
BLACK
6
CONTINUOUS
10
1.6266728740157479
20
0.4468547637795275
11
1.6296256299212597
21
0.4460635826771653
0
LINE
8
BLACK
6
CONTINUOUS
10
1.6697735433070866
20
0.4466086614173228
11
1.6707225984251968
21
0.4465516929133858
0
LINE
8
BLACK
6
CONTINUOUS
10
1.6707225984251968
20
0.4465516929133858
11
1.6791590551181101
21
0.4437395669291339
0
LINE
8
BLACK
6
CONTINUOUS
10
1.6791590551181101
20
0.4437395669291339
11
1.6802919291338583
21
0.4429915354330708
0
LINE
8
BLACK
6
CONTINUOUS
10
1.6802919291338583
20
0.4429915354330708
11
1.681467401574803
21
0.4423129133858268
0
LINE
8
BLACK
6
CONTINUOUS
10
1.681467401574803
20
0.4423129133858268
11
1.6870916929133859
21
0.4366886220472441
0
LINE
8
BLACK
6
CONTINUOUS
10
1.6870916929133859
20
0.4366886220472441
11
1.6875670866141732
21
0.435865157480315
0
LINE
8
BLACK
6
CONTINUOUS
10
1.6875670866141732
20
0.435865157480315
11
1.6881979133858267
21
0.4351538188976378
0
LINE
8
BLACK
6
CONTINUOUS
10
1.6881979133858267
20
0.4351538188976378
11
1.6910100787401574
21
0.4295295669291339
0
LINE
8
BLACK
6
CONTINUOUS
10
1.6910100787401574
20
0.4295295669291339
11
1.6911407874015747
21
0.4288907086614173
0
LINE
8
BLACK
6
CONTINUOUS
10
1.6911407874015747
20
0.4288907086614173
11
1.6914572047244094
21
0.4283207874015748
0
LINE
8
BLACK
6
CONTINUOUS
10
1.6914572047244094
20
0.4283207874015748
11
1.6942693307086614
21
0.4170722047244094
0
LINE
8
BLACK
6
CONTINUOUS
10
1.6942693307086614
20
0.4170722047244094
11
1.6942570472440945
21
0.4163437401574803
0
LINE
8
BLACK
6
CONTINUOUS
10
1.6942570472440945
20
0.4163437401574803
11
1.6944456692913386
21
0.4156399212598425
0
LINE
8
BLACK
6
CONTINUOUS
10
1.6944456692913386
20
0.4156399212598425
11
1.6944456692913386
21
0.4072034645669291
0
LINE
8
BLACK
6
CONTINUOUS
10
1.6944456692913386
20
0.4072034645669291
11
1.6942570472440945
21
0.4064996062992126
0
LINE
8
BLACK
6
CONTINUOUS
10
1.6942570472440945
20
0.4064996062992126
11
1.6942693307086614
21
0.4057711811023622
0
LINE
8
BLACK
6
CONTINUOUS
10
1.6942693307086614
20
0.4057711811023622
11
1.6914572047244094
21
0.3945225984251968
0
LINE
8
BLACK
6
CONTINUOUS
10
1.6914572047244094
20
0.3945225984251968
11
1.6911407874015747
21
0.3939526377952756
0
LINE
8
BLACK
6
CONTINUOUS
10
1.6911407874015747
20
0.3939526377952756
11
1.6910100787401574
21
0.3933138188976378
0
LINE
8
BLACK
6
CONTINUOUS
10
1.6910100787401574
20
0.3933138188976378
11
1.6881979133858267
21
0.3876895669291339
0
LINE
8
BLACK
6
CONTINUOUS
10
1.6881979133858267
20
0.3876895669291339
11
1.6875670866141732
21
0.3869781889763779
0
LINE
8
BLACK
6
CONTINUOUS
10
1.6875670866141732
20
0.3869781889763779
11
1.6870916929133859
21
0.3861547637795276
0
LINE
8
BLACK
6
CONTINUOUS
10
1.6870916929133859
20
0.3861547637795276
11
1.681467401574803
21
0.3805304724409449
0
LINE
8
BLACK
6
CONTINUOUS
10
1.681467401574803
20
0.3805304724409449
11
1.6802919291338583
21
0.379851811023622
0
LINE
8
BLACK
6
CONTINUOUS
10
1.6802919291338583
20
0.379851811023622
11
1.6791590551181101
21
0.3791038188976378
0
LINE
8
BLACK
6
CONTINUOUS
10
1.6791590551181101
20
0.3791038188976378
11
1.6707225984251968
21
0.3762916929133858
0
LINE
8
BLACK
6
CONTINUOUS
10
1.6707225984251968
20
0.3762916929133858
11
1.6697735433070866
21
0.3762346850393701
0
LINE
8
BLACK
6
CONTINUOUS
10
1.6697735433070866
20
0.3762346850393701
11
1.6688551181102362
21
0.3759886220472441
0
LINE
8
BLACK
6
CONTINUOUS
10
1.6688551181102362
20
0.3759886220472441
11
1.6547943700787402
21
0.3759886220472441
0
LINE
8
BLACK
6
CONTINUOUS
10
1.6547943700787402
20
0.3759886220472441
11
1.6518416141732284
21
0.3767798031496063
0
LINE
8
BLACK
6
CONTINUOUS
10
1.6518416141732284
20
0.3767798031496063
11
1.6496800393700788
21
0.3789413779527559
0
LINE
8
BLACK
6
CONTINUOUS
10
1.6496800393700788
20
0.3789413779527559
11
1.6488888582677166
21
0.3818941338582677
0
LINE
8
BLACK
6
CONTINUOUS
10
1.6488888582677166
20
0.3818941338582677
11
1.6488888582677166
21
0.4409492519685039
0
LINE
8
BLACK
6
CONTINUOUS
10
1.6488888582677166
20
0.4409492519685039
11
1.6496800393700788
21
0.4439020078740157
0
LINE
8
BLACK
6
CONTINUOUS
10
1.6496800393700788
20
0.4439020078740157
11
1.6518416141732284
21
0.4460635826771653
0
LINE
8
BLACK
6
CONTINUOUS
10
1.6518416141732284
20
0.4460635826771653
11
1.6547943700787402
21
0.4468547637795275
0
LINE
8
BLACK
6
CONTINUOUS
10
1.6547943700787402
20
0.4468547637795275
11
1.6688551181102362
21
0.4468547637795275
0
LINE
8
BLACK
6
CONTINUOUS
10
1.6688551181102362
20
0.4468547637795275
11
1.6697735433070866
21
0.4466086614173228
0
LINE
8
BLACK
6
CONTINUOUS
10
1.6606998818897638
20
0.3877996456692913
11
1.6678968503937008
21
0.3877996456692913
0
LINE
8
BLACK
6
CONTINUOUS
10
1.6678968503937008
20
0.3877996456692913
11
1.6741014960629921
21
0.389867874015748
0
LINE
8
BLACK
6
CONTINUOUS
10
1.6741014960629921
20
0.389867874015748
11
1.6780624015748031
21
0.3938287795275591
0
LINE
8
BLACK
6
CONTINUOUS
10
1.6780624015748031
20
0.3938287795275591
11
1.6801560629921259
21
0.3980161417322834
0
LINE
8
BLACK
6
CONTINUOUS
10
1.6801560629921259
20
0.3980161417322834
11
1.6826346456692913
21
0.4079303543307087
0
LINE
8
BLACK
6
CONTINUOUS
10
1.6826346456692913
20
0.4079303543307087
11
1.6826346456692913
21
0.4149129921259843
0
LINE
8
BLACK
6
CONTINUOUS
10
1.6826346456692913
20
0.4149129921259843
11
1.6801560629921259
21
0.4248272047244094
0
LINE
8
BLACK
6
CONTINUOUS
10
1.6801560629921259
20
0.4248272047244094
11
1.6780624015748031
21
0.4290145669291339
0
LINE
8
BLACK
6
CONTINUOUS
10
1.6780624015748031
20
0.4290145669291339
11
1.6741014960629921
21
0.4329754724409449
0
LINE
8
BLACK
6
CONTINUOUS
10
1.6741014960629921
20
0.4329754724409449
11
1.6678968503937008
21
0.4350437401574803
0
LINE
8
BLACK
6
CONTINUOUS
10
1.6678968503937008
20
0.4350437401574803
11
1.6606998818897638
21
0.4350437401574803
0
LINE
8
BLACK
6
CONTINUOUS
10
1.6606998818897638
20
0.4350437401574803
11
1.6606998818897638
21
0.3877996456692913
0
LINE
8
BLACK
6
CONTINUOUS
10
0.4691509842519685
20
0.4166844881889764
11
0.4699149212598425
21
0.4143333464566929
0
LINE
8
BLACK
6
CONTINUOUS
10
0.4699149212598425
20
0.4143333464566929
11
0.4699149212598425
21
0.3857618897637795
0
LINE
8
BLACK
6
CONTINUOUS
10
0.4699149212598425
20
0.3857618897637795
11
0.4691509842519685
21
0.3834107480314961
0
LINE
8
BLACK
6
CONTINUOUS
10
0.4691509842519685
20
0.3834107480314961
11
0.4671509842519685
21
0.3819576771653543
0
LINE
8
BLACK
6
CONTINUOUS
10
0.4671509842519685
20
0.3819576771653543
11
0.4646788582677165
21
0.3819576771653543
0
LINE
8
BLACK
6
CONTINUOUS
10
0.4646788582677165
20
0.3819576771653543
11
0.4626788582677165
21
0.3834107480314961
0
LINE
8
BLACK
6
CONTINUOUS
10
0.4626788582677165
20
0.3834107480314961
11
0.4619149212598425
21
0.3857618897637795
0
LINE
8
BLACK
6
CONTINUOUS
10
0.4619149212598425
20
0.3857618897637795
11
0.4619149212598425
21
0.3960475984251968
0
LINE
8
BLACK
6
CONTINUOUS
10
0.4619149212598425
20
0.3960475984251968
11
0.427952716535433
21
0.3960475984251968
0
LINE
8
BLACK
6
CONTINUOUS
10
0.427952716535433
20
0.3960475984251968
11
0.4306481102362205
21
0.3933522440944882
0
LINE
8
BLACK
6
CONTINUOUS
10
0.4306481102362205
20
0.3933522440944882
11
0.4309424409448819
21
0.3927745669291339
0
LINE
8
BLACK
6
CONTINUOUS
10
0.4309424409448819
20
0.3927745669291339
11
0.4313974015748032
21
0.3923126771653543
0
LINE
8
BLACK
6
CONTINUOUS
10
0.4313974015748032
20
0.3923126771653543
11
0.4337783464566929
21
0.387550748031496
0
LINE
8
BLACK
6
CONTINUOUS
10
0.4337783464566929
20
0.387550748031496
11
0.4341464960629921
21
0.3851061811023622
0
LINE
8
BLACK
6
CONTINUOUS
10
0.4341464960629921
20
0.3851061811023622
11
0.4330074803149606
21
0.3829120866141732
0
LINE
8
BLACK
6
CONTINUOUS
10
0.4330074803149606
20
0.3829120866141732
11
0.4307963385826771
21
0.3818065354330709
0
LINE
8
BLACK
6
CONTINUOUS
10
0.4307963385826771
20
0.3818065354330709
11
0.4283576377952756
21
0.3822117716535433
0
LINE
8
BLACK
6
CONTINUOUS
10
0.4283576377952756
20
0.3822117716535433
11
0.4266229133858268
21
0.3839730708661417
0
LINE
8
BLACK
6
CONTINUOUS
10
0.4266229133858268
20
0.3839730708661417
11
0.4245322834645669
21
0.3881543307086614
0
LINE
8
BLACK
6
CONTINUOUS
10
0.4245322834645669
20
0.3881543307086614
11
0.4205094094488189
21
0.3921772047244094
0
LINE
8
BLACK
6
CONTINUOUS
10
0.4205094094488189
20
0.3921772047244094
11
0.4136961023622047
21
0.3967194094488189
0
LINE
8
BLACK
6
CONTINUOUS
10
0.4136961023622047
20
0.3967194094488189
11
0.4136438582677165
21
0.3967854724409449
0
LINE
8
BLACK
6
CONTINUOUS
10
0.4136438582677165
20
0.3967854724409449
11
0.4135637795275591
21
0.3968115354330708
0
LINE
8
BLACK
6
CONTINUOUS
10
0.4135637795275591
20
0.3968115354330708
11
0.4128823228346457
21
0.3977494488188976
0
LINE
8
BLACK
6
CONTINUOUS
10
0.4128823228346457
20
0.3977494488188976
11
0.4121636220472441
21
0.3986592125984252
0
LINE
8
BLACK
6
CONTINUOUS
10
0.4121636220472441
20
0.3986592125984252
11
0.4121601968503937
21
0.3987433464566929
0
LINE
8
BLACK
6
CONTINUOUS
10
0.4121601968503937
20
0.3987433464566929
11
0.4121107086614173
21
0.3988115354330709
0
LINE
8
BLACK
6
CONTINUOUS
10
0.4121107086614173
20
0.3988115354330709
11
0.4121107086614173
21
0.3999708661417323
0
LINE
8
BLACK
6
CONTINUOUS
10
0.4121107086614173
20
0.3999708661417323
11
0.4120639763779527
21
0.4011293307086614
0
LINE
8
BLACK
6
CONTINUOUS
10
0.4120639763779527
20
0.4011293307086614
11
0.4121107086614173
21
0.4011994094488189
0
LINE
8
BLACK
6
CONTINUOUS
10
0.4121107086614173
20
0.4011994094488189
11
0.4121107086614173
21
0.4012836614173228
0
LINE
8
BLACK
6
CONTINUOUS
10
0.4121107086614173
20
0.4012836614173228
11
0.4127922440944882
21
0.4022217322834646
0
LINE
8
BLACK
6
CONTINUOUS
10
0.4127922440944882
20
0.4022217322834646
11
0.4134352755905512
21
0.4031862598425197
0
LINE
8
BLACK
6
CONTINUOUS
10
0.4134352755905512
20
0.4031862598425197
11
0.4135142125984252
21
0.4032154724409449
0
LINE
8
BLACK
6
CONTINUOUS
10
0.4135142125984252
20
0.4032154724409449
11
0.4135637795275591
21
0.4032836614173228
0
LINE
8
BLACK
6
CONTINUOUS
10
0.4135637795275591
20
0.4032836614173228
11
0.4146667322834646
21
0.4036420078740157
0
LINE
8
BLACK
6
CONTINUOUS
10
0.4146667322834646
20
0.4036420078740157
11
0.4157537007874016
21
0.4040443307086614
0
LINE
8
BLACK
6
CONTINUOUS
10
0.4157537007874016
20
0.4040443307086614
11
0.4158347637795275
21
0.4040215354330708
0
LINE
8
BLACK
6
CONTINUOUS
10
0.4158347637795275
20
0.4040215354330708
11
0.4159149212598425
21
0.4040475984251968
0
LINE
8
BLACK
6
CONTINUOUS
10
0.4159149212598425
20
0.4040475984251968
11
0.4619149212598425
21
0.4040475984251968
0
LINE
8
BLACK
6
CONTINUOUS
10
0.4619149212598425
20
0.4040475984251968
11
0.4619149212598425
21
0.4143333464566929
0
LINE
8
BLACK
6
CONTINUOUS
10
0.4619149212598425
20
0.4143333464566929
11
0.4626788582677165
21
0.4166844881889764
0
LINE
8
BLACK
6
CONTINUOUS
10
0.4626788582677165
20
0.4166844881889764
11
0.4646788582677165
21
0.4181375590551181
0
LINE
8
BLACK
6
CONTINUOUS
10
0.4646788582677165
20
0.4181375590551181
11
0.4671509842519685
21
0.4181375590551181
0
LINE
8
BLACK
6
CONTINUOUS
10
0.4671509842519685
20
0.4181375590551181
11
0.4691509842519685
21
0.4166844881889764
0
LINE
8
BLACK
6
CONTINUOUS
10
0.6637804330708661
20
0.4235606692913386
11
0.6651103937007874
21
0.4232885433070866
0
LINE
8
BLACK
6
CONTINUOUS
10
0.6651103937007874
20
0.4232885433070866
11
0.6707347244094488
21
0.4204763779527559
0
LINE
8
BLACK
6
CONTINUOUS
10
0.6707347244094488
20
0.4204763779527559
11
0.6710048818897638
21
0.4202367716535433
0
LINE
8
BLACK
6
CONTINUOUS
10
0.6710048818897638
20
0.4202367716535433
11
0.6713475984251969
21
0.4201225590551181
0
LINE
8
BLACK
6
CONTINUOUS
10
0.6713475984251969
20
0.4201225590551181
11
0.6721344881889764
21
0.4192351181102362
0
LINE
8
BLACK
6
CONTINUOUS
10
0.6721344881889764
20
0.4192351181102362
11
0.6730219291338583
21
0.4184482283464567
0
LINE
8
BLACK
6
CONTINUOUS
10
0.6730219291338583
20
0.4184482283464567
11
0.6731361417322834
21
0.4181055118110236
0
LINE
8
BLACK
6
CONTINUOUS
10
0.6731361417322834
20
0.4181055118110236
11
0.673375748031496
21
0.4178353543307087
0
LINE
8
BLACK
6
CONTINUOUS
10
0.673375748031496
20
0.4178353543307087
11
0.676187874015748
21
0.4122110236220473
0
LINE
8
BLACK
6
CONTINUOUS
10
0.676187874015748
20
0.4122110236220473
11
0.6764599606299212
21
0.4108812598425197
0
LINE
8
BLACK
6
CONTINUOUS
10
0.6764599606299212
20
0.4108812598425197
11
0.6768113385826772
21
0.4095700393700787
0
LINE
8
BLACK
6
CONTINUOUS
10
0.6768113385826772
20
0.4095700393700787
11
0.6768113385826772
21
0.3983214566929134
0
LINE
8
BLACK
6
CONTINUOUS
10
0.6768113385826772
20
0.3983214566929134
11
0.6764599606299212
21
0.3970101968503937
0
LINE
8
BLACK
6
CONTINUOUS
10
0.6764599606299212
20
0.3970101968503937
11
0.676187874015748
21
0.3956804724409449
0
LINE
8
BLACK
6
CONTINUOUS
10
0.676187874015748
20
0.3956804724409449
11
0.673375748031496
21
0.3900561417322835
0
LINE
8
BLACK
6
CONTINUOUS
10
0.673375748031496
20
0.3900561417322835
11
0.6713475984251969
21
0.387768937007874
0
LINE
8
BLACK
6
CONTINUOUS
10
0.6713475984251969
20
0.387768937007874
11
0.6684475590551181
21
0.3868022440944882
0
LINE
8
BLACK
6
CONTINUOUS
10
0.6684475590551181
20
0.3868022440944882
11
0.6654526771653543
21
0.3874151181102362
0
LINE
8
BLACK
6
CONTINUOUS
10
0.6654526771653543
20
0.3874151181102362
11
0.6631654724409448
21
0.3894432677165354
0
LINE
8
BLACK
6
CONTINUOUS
10
0.6631654724409448
20
0.3894432677165354
11
0.662198779527559
21
0.3923433070866142
0
LINE
8
BLACK
6
CONTINUOUS
10
0.662198779527559
20
0.3923433070866142
11
0.6628116535433071
21
0.395338188976378
0
LINE
8
BLACK
6
CONTINUOUS
10
0.6628116535433071
20
0.395338188976378
11
0.6650003149606299
21
0.3997155118110236
0
LINE
8
BLACK
6
CONTINUOUS
10
0.6650003149606299
20
0.3997155118110236
11
0.6650003149606299
21
0.4081759448818897
0
LINE
8
BLACK
6
CONTINUOUS
10
0.6650003149606299
20
0.4081759448818897
11
0.663691968503937
21
0.4107925984251968
0
LINE
8
BLACK
6
CONTINUOUS
10
0.663691968503937
20
0.4107925984251968
11
0.6610752755905511
21
0.4121009842519685
0
LINE
8
BLACK
6
CONTINUOUS
10
0.6610752755905511
20
0.4121009842519685
11
0.6610513385826772
21
0.4121009842519685
0
LINE
8
BLACK
6
CONTINUOUS
10
0.6610513385826772
20
0.4121009842519685
11
0.6584346456692913
21
0.4107926377952756
0
LINE
8
BLACK
6
CONTINUOUS
10
0.6584346456692913
20
0.4107926377952756
11
0.6571262992125985
21
0.408175905511811
0
LINE
8
BLACK
6
CONTINUOUS
10
0.6571262992125985
20
0.408175905511811
11
0.6571262992125985
21
0.4011336220472441
0
LINE
8
BLACK
6
CONTINUOUS
10
0.6571262992125985
20
0.4011336220472441
11
0.6567750393700788
21
0.3998227165354331
0
LINE
8
BLACK
6
CONTINUOUS
10
0.6567750393700788
20
0.3998227165354331
11
0.656502874015748
21
0.3984926377952756
0
LINE
8
BLACK
6
CONTINUOUS
10
0.656502874015748
20
0.3984926377952756
11
0.6536907086614173
21
0.3928683070866142
0
LINE
8
BLACK
6
CONTINUOUS
10
0.6536907086614173
20
0.3928683070866142
11
0.6534511023622047
21
0.3925981102362205
0
LINE
8
BLACK
6
CONTINUOUS
10
0.6534511023622047
20
0.3925981102362205
11
0.6533368897637795
21
0.3922553937007874
0
LINE
8
BLACK
6
CONTINUOUS
10
0.6533368897637795
20
0.3922553937007874
11
0.6524492913385826
21
0.3914683070866142
0
LINE
8
BLACK
6
CONTINUOUS
10
0.6524492913385826
20
0.3914683070866142
11
0.6516625590551181
21
0.3905811023622047
0
LINE
8
BLACK
6
CONTINUOUS
10
0.6516625590551181
20
0.3905811023622047
11
0.6513199212598425
21
0.3904668897637795
0
LINE
8
BLACK
6
CONTINUOUS
10
0.6513199212598425
20
0.3904668897637795
11
0.6510496850393701
21
0.3902272440944882
0
LINE
8
BLACK
6
CONTINUOUS
10
0.6510496850393701
20
0.3902272440944882
11
0.6454253149606299
21
0.3874151181102362
0
LINE
8
BLACK
6
CONTINUOUS
10
0.6454253149606299
20
0.3874151181102362
11
0.6440955511811024
21
0.3871429921259842
0
LINE
8
BLACK
6
CONTINUOUS
10
0.6440955511811024
20
0.3871429921259842
11
0.6427843307086614
21
0.3867916535433071
0
LINE
8
BLACK
6
CONTINUOUS
10
0.6427843307086614
20
0.3867916535433071
11
0.6399722047244094
21
0.3867916535433071
0
LINE
8
BLACK
6
CONTINUOUS
10
0.6399722047244094
20
0.3867916535433071
11
0.6386609448818897
21
0.3871429921259842
0
LINE
8
BLACK
6
CONTINUOUS
10
0.6386609448818897
20
0.3871429921259842
11
0.637331220472441
21
0.3874151181102362
0
LINE
8
BLACK
6
CONTINUOUS
10
0.637331220472441
20
0.3874151181102362
11
0.6317068897637795
21
0.3902272440944882
0
LINE
8
BLACK
6
CONTINUOUS
10
0.6317068897637795
20
0.3902272440944882
11
0.6314366929133858
21
0.390466811023622
0
LINE
8
BLACK
6
CONTINUOUS
10
0.6314366929133858
20
0.390466811023622
11
0.6310940157480315
21
0.390581062992126
0
LINE
8
BLACK
6
CONTINUOUS
10
0.6310940157480315
20
0.390581062992126
11
0.6303070866141732
21
0.3914684645669291
0
LINE
8
BLACK
6
CONTINUOUS
10
0.6303070866141732
20
0.3914684645669291
11
0.6294196850393701
21
0.3922553937007874
0
LINE
8
BLACK
6
CONTINUOUS
10
0.6294196850393701
20
0.3922553937007874
11
0.6293054330708662
21
0.3925980708661417
0
LINE
8
BLACK
6
CONTINUOUS
10
0.6293054330708662
20
0.3925980708661417
11
0.6290658661417323
21
0.3928682677165354
0
LINE
8
BLACK
6
CONTINUOUS
10
0.6290658661417323
20
0.3928682677165354
11
0.6262537007874016
21
0.3984925984251969
0
LINE
8
BLACK
6
CONTINUOUS
10
0.6262537007874016
20
0.3984925984251969
11
0.6259815354330709
21
0.3998225196850393
0
LINE
8
BLACK
6
CONTINUOUS
10
0.6259815354330709
20
0.3998225196850393
11
0.6256302362204724
21
0.4011336220472441
0
LINE
8
BLACK
6
CONTINUOUS
10
0.6256302362204724
20
0.4011336220472441
11
0.6256302362204724
21
0.4095700393700787
0
LINE
8
BLACK
6
CONTINUOUS
10
0.6256302362204724
20
0.4095700393700787
11
0.6259815354330709
21
0.4108811023622047
0
LINE
8
BLACK
6
CONTINUOUS
10
0.6259815354330709
20
0.4108811023622047
11
0.6262537007874016
21
0.412211062992126
0
LINE
8
BLACK
6
CONTINUOUS
10
0.6262537007874016
20
0.412211062992126
11
0.6290658661417323
21
0.4178353543307087
0
LINE
8
BLACK
6
CONTINUOUS
10
0.6290658661417323
20
0.4178353543307087
11
0.6310940551181102
21
0.4201225590551181
0
LINE
8
BLACK
6
CONTINUOUS
10
0.6310940551181102
20
0.4201225590551181
11
0.633994094488189
21
0.4210892519685039
0
LINE
8
BLACK
6
CONTINUOUS
10
0.633994094488189
20
0.4210892519685039
11
0.636988937007874
21
0.4204763779527559
0
LINE
8
BLACK
6
CONTINUOUS
10
0.636988937007874
20
0.4204763779527559
11
0.6392761417322834
21
0.4184481889763779
0
LINE
8
BLACK
6
CONTINUOUS
10
0.6392761417322834
20
0.4184481889763779
11
0.6402428346456692
21
0.4155481496062992
0
LINE
8
BLACK
6
CONTINUOUS
10
0.6402428346456692
20
0.4155481496062992
11
0.6396299606299213
21
0.4125532677165354
0
LINE
8
BLACK
6
CONTINUOUS
10
0.6396299606299213
20
0.4125532677165354
11
0.6374412598425196
21
0.408175905511811
0
LINE
8
BLACK
6
CONTINUOUS
10
0.6374412598425196
20
0.408175905511811
11
0.6374412598425196
21
0.4025277165354331
0
LINE
8
BLACK
6
CONTINUOUS
10
0.6374412598425196
20
0.4025277165354331
11
0.6387496062992126
21
0.3999109842519685
0
LINE
8
BLACK
6
CONTINUOUS
10
0.6387496062992126
20
0.3999109842519685
11
0.6413662992125984
21
0.3986026771653543
0
LINE
8
BLACK
6
CONTINUOUS
10
0.6413662992125984
20
0.3986026771653543
11
0.6413902755905512
21
0.3986026771653543
0
LINE
8
BLACK
6
CONTINUOUS
10
0.6413902755905512
20
0.3986026771653543
11
0.644006968503937
21
0.3999110236220472
0
LINE
8
BLACK
6
CONTINUOUS
10
0.644006968503937
20
0.3999110236220472
11
0.6453152755905511
21
0.4025276771653543
0
LINE
8
BLACK
6
CONTINUOUS
10
0.6453152755905511
20
0.4025276771653543
11
0.6453152755905511
21
0.4095700393700787
0
LINE
8
BLACK
6
CONTINUOUS
10
0.6453152755905511
20
0.4095700393700787
11
0.6456665748031496
21
0.4108811023622047
0
LINE
8
BLACK
6
CONTINUOUS
10
0.6456665748031496
20
0.4108811023622047
11
0.6459387401574803
21
0.412211062992126
0
LINE
8
BLACK
6
CONTINUOUS
10
0.6459387401574803
20
0.412211062992126
11
0.648750905511811
21
0.4178353543307087
0
LINE
8
BLACK
6
CONTINUOUS
10
0.648750905511811
20
0.4178353543307087
11
0.6489905118110236
21
0.4181055511811024
0
LINE
8
BLACK
6
CONTINUOUS
10
0.6489905118110236
20
0.4181055511811024
11
0.6491047244094488
21
0.4184481889763779
0
LINE
8
BLACK
6
CONTINUOUS
10
0.6491047244094488
20
0.4184481889763779
11
0.6499921259842519
21
0.4192351181102362
0
LINE
8
BLACK
6
CONTINUOUS
10
0.6499921259842519
20
0.4192351181102362
11
0.6507790944881889
21
0.4201225590551181
0
LINE
8
BLACK
6
CONTINUOUS
10
0.6507790944881889
20
0.4201225590551181
11
0.6511216929133858
21
0.4202367322834645
0
LINE
8
BLACK
6
CONTINUOUS
10
0.6511216929133858
20
0.4202367322834645
11
0.6513919291338582
21
0.4204763779527559
0
LINE
8
BLACK
6
CONTINUOUS
10
0.6513919291338582
20
0.4204763779527559
11
0.6570161811023622
21
0.4232885433070866
0
LINE
8
BLACK
6
CONTINUOUS
10
0.6570161811023622
20
0.4232885433070866
11
0.6583461811023622
21
0.4235607086614173
0
LINE
8
BLACK
6
CONTINUOUS
10
0.6583461811023622
20
0.4235607086614173
11
0.6596572440944882
21
0.4239120078740157
0
LINE
8
BLACK
6
CONTINUOUS
10
0.6596572440944882
20
0.4239120078740157
11
0.6624693700787402
21
0.4239120078740157
0
LINE
8
BLACK
6
CONTINUOUS
10
0.6624693700787402
20
0.4239120078740157
11
0.6637804330708661
21
0.4235606692913386
0
LINE
8
BLACK
6
CONTINUOUS
10
0.6609683858267716
20
0.4769914960629921
11
0.6622982677165354
21
0.4767193700787402
0
LINE
8
BLACK
6
CONTINUOUS
10
0.6622982677165354
20
0.4767193700787402
11
0.6679225590551181
21
0.4739072440944882
0
LINE
8
BLACK
6
CONTINUOUS
10
0.6679225590551181
20
0.4739072440944882
11
0.668633937007874
21
0.4732763779527559
0
LINE
8
BLACK
6
CONTINUOUS
10
0.668633937007874
20
0.4732763779527559
11
0.6694573622047244
21
0.4728010236220472
0
LINE
8
BLACK
6
CONTINUOUS
10
0.6694573622047244
20
0.4728010236220472
11
0.6722695275590551
21
0.4699888582677165
0
LINE
8
BLACK
6
CONTINUOUS
10
0.6722695275590551
20
0.4699888582677165
11
0.6727448818897638
21
0.4691654330708661
0
LINE
8
BLACK
6
CONTINUOUS
10
0.6727448818897638
20
0.4691654330708661
11
0.673375748031496
21
0.4684540551181102
0
LINE
8
BLACK
6
CONTINUOUS
10
0.673375748031496
20
0.4684540551181102
11
0.676187874015748
21
0.4628297244094488
0
LINE
8
BLACK
6
CONTINUOUS
10
0.676187874015748
20
0.4628297244094488
11
0.6764599606299212
21
0.4614999606299213
0
LINE
8
BLACK
6
CONTINUOUS
10
0.6764599606299212
20
0.4614999606299213
11
0.6768113385826772
21
0.4601887401574803
0
LINE
8
BLACK
6
CONTINUOUS
10
0.6768113385826772
20
0.4601887401574803
11
0.6768113385826772
21
0.4517522834645669
0
LINE
8
BLACK
6
CONTINUOUS
10
0.6768113385826772
20
0.4517522834645669
11
0.6764599606299212
21
0.4504410236220472
0
LINE
8
BLACK
6
CONTINUOUS
10
0.6764599606299212
20
0.4504410236220472
11
0.676187874015748
21
0.4491112992125984
0
LINE
8
BLACK
6
CONTINUOUS
10
0.676187874015748
20
0.4491112992125984
11
0.673375748031496
21
0.443486968503937
0
LINE
8
BLACK
6
CONTINUOUS
10
0.673375748031496
20
0.443486968503937
11
0.6727448818897638
21
0.4427755511811023
0
LINE
8
BLACK
6
CONTINUOUS
10
0.6727448818897638
20
0.4427755511811023
11
0.6722695275590551
21
0.4419521653543307
0
LINE
8
BLACK
6
CONTINUOUS
10
0.6722695275590551
20
0.4419521653543307
11
0.6694573622047244
21
0.43914
0
LINE
8
BLACK
6
CONTINUOUS
10
0.6694573622047244
20
0.43914
11
0.668633937007874
21
0.4386646062992126
0
LINE
8
BLACK
6
CONTINUOUS
10
0.668633937007874
20
0.4386646062992126
11
0.6679225590551181
21
0.4380337795275591
0
LINE
8
BLACK
6
CONTINUOUS
10
0.6679225590551181
20
0.4380337795275591
11
0.6622982677165354
21
0.4352216535433071
0
LINE
8
BLACK
6
CONTINUOUS
10
0.6622982677165354
20
0.4352216535433071
11
0.6609683858267716
21
0.4349494881889764
0
LINE
8
BLACK
6
CONTINUOUS
10
0.6609683858267716
20
0.4349494881889764
11
0.6596572440944882
21
0.4345981889763779
0
LINE
8
BLACK
6
CONTINUOUS
10
0.6596572440944882
20
0.4345981889763779
11
0.6427843307086614
21
0.4345981889763779
0
LINE
8
BLACK
6
CONTINUOUS
10
0.6427843307086614
20
0.4345981889763779
11
0.6414730708661417
21
0.4349495275590551
0
LINE
8
BLACK
6
CONTINUOUS
10
0.6414730708661417
20
0.4349495275590551
11
0.6401433464566929
21
0.4352216535433071
0
LINE
8
BLACK
6
CONTINUOUS
10
0.6401433464566929
20
0.4352216535433071
11
0.6345190157480315
21
0.4380337795275591
0
LINE
8
BLACK
6
CONTINUOUS
10
0.6345190157480315
20
0.4380337795275591
11
0.6338075984251968
21
0.4386646062992126
0
LINE
8
BLACK
6
CONTINUOUS
10
0.6338075984251968
20
0.4386646062992126
11
0.6329841732283464
21
0.4391400393700787
0
LINE
8
BLACK
6
CONTINUOUS
10
0.6329841732283464
20
0.4391400393700787
11
0.6301720472440945
21
0.4419522047244094
0
LINE
8
BLACK
6
CONTINUOUS
10
0.6301720472440945
20
0.4419522047244094
11
0.6296966535433071
21
0.4427755905511811
0
LINE
8
BLACK
6
CONTINUOUS
10
0.6296966535433071
20
0.4427755905511811
11
0.6290658661417323
21
0.443486968503937
0
LINE
8
BLACK
6
CONTINUOUS
10
0.6290658661417323
20
0.443486968503937
11
0.6262537007874016
21
0.4491112598425197
0
LINE
8
BLACK
6
CONTINUOUS
10
0.6262537007874016
20
0.4491112598425197
11
0.6259815354330709
21
0.4504411811023622
0
LINE
8
BLACK
6
CONTINUOUS
10
0.6259815354330709
20
0.4504411811023622
11
0.6256302362204724
21
0.4517522834645669
0
LINE
8
BLACK
6
CONTINUOUS
10
0.6256302362204724
20
0.4517522834645669
11
0.6256302362204724
21
0.4601887401574803
0
LINE
8
BLACK
6
CONTINUOUS
10
0.6256302362204724
20
0.4601887401574803
11
0.6259815354330709
21
0.4614998031496063
0
LINE
8
BLACK
6
CONTINUOUS
10
0.6259815354330709
20
0.4614998031496063
11
0.6262537007874016
21
0.4628297637795276
0
LINE
8
BLACK
6
CONTINUOUS
10
0.6262537007874016
20
0.4628297637795276
11
0.6290658661417323
21
0.4684540551181102
0
LINE
8
BLACK
6
CONTINUOUS
10
0.6290658661417323
20
0.4684540551181102
11
0.6296966535433071
21
0.4691653937007874
0
LINE
8
BLACK
6
CONTINUOUS
10
0.6296966535433071
20
0.4691653937007874
11
0.6301720472440945
21
0.4699888188976378
0
LINE
8
BLACK
6
CONTINUOUS
10
0.6301720472440945
20
0.4699888188976378
11
0.6329841732283464
21
0.4728009842519685
0
LINE
8
BLACK
6
CONTINUOUS
10
0.6329841732283464
20
0.4728009842519685
11
0.6338075984251968
21
0.4732763779527559
0
LINE
8
BLACK
6
CONTINUOUS
10
0.6338075984251968
20
0.4732763779527559
11
0.6345190157480315
21
0.4739072440944882
0
LINE
8
BLACK
6
CONTINUOUS
10
0.6345190157480315
20
0.4739072440944882
11
0.6401433464566929
21
0.4767193700787402
0
LINE
8
BLACK
6
CONTINUOUS
10
0.6401433464566929
20
0.4767193700787402
11
0.6414730708661417
21
0.4769914566929134
0
LINE
8
BLACK
6
CONTINUOUS
10
0.6414730708661417
20
0.4769914566929134
11
0.6427843307086614
21
0.4773428346456693
0
LINE
8
BLACK
6
CONTINUOUS
10
0.6427843307086614
20
0.4773428346456693
11
0.6596572440944882
21
0.4773428346456693
0
LINE
8
BLACK
6
CONTINUOUS
10
0.6596572440944882
20
0.4773428346456693
11
0.6609683858267716
21
0.4769914960629921
0
LINE
8
BLACK
6
CONTINUOUS
10
0.6406582283464567
20
0.4637717322834646
11
0.6392013779527559
21
0.4623148818897638
0
LINE
8
BLACK
6
CONTINUOUS
10
0.6392013779527559
20
0.4623148818897638
11
0.6374412598425196
21
0.4587946062992126
0
LINE
8
BLACK
6
CONTINUOUS
10
0.6374412598425196
20
0.4587946062992126
11
0.6374412598425196
21
0.4531463779527559
0
LINE
8
BLACK
6
CONTINUOUS
10
0.6374412598425196
20
0.4531463779527559
11
0.6392013779527559
21
0.4496261023622047
0
LINE
8
BLACK
6
CONTINUOUS
10
0.6392013779527559
20
0.4496261023622047
11
0.6406582283464567
21
0.4481692519685039
0
LINE
8
BLACK
6
CONTINUOUS
10
0.6406582283464567
20
0.4481692519685039
11
0.6441784251968504
21
0.4464092125984252
0
LINE
8
BLACK
6
CONTINUOUS
10
0.6441784251968504
20
0.4464092125984252
11
0.6582631496062992
21
0.4464092125984252
0
LINE
8
BLACK
6
CONTINUOUS
10
0.6582631496062992
20
0.4464092125984252
11
0.6617833070866141
21
0.4481692519685039
0
LINE
8
BLACK
6
CONTINUOUS
10
0.6617833070866141
20
0.4481692519685039
11
0.6632401968503937
21
0.4496261417322834
0
LINE
8
BLACK
6
CONTINUOUS
10
0.6632401968503937
20
0.4496261417322834
11
0.6650003149606299
21
0.4531463385826772
0
LINE
8
BLACK
6
CONTINUOUS
10
0.6650003149606299
20
0.4531463385826772
11
0.6650003149606299
21
0.4587946456692913
0
LINE
8
BLACK
6
CONTINUOUS
10
0.6650003149606299
20
0.4587946456692913
11
0.6632401968503937
21
0.462314842519685
0
LINE
8
BLACK
6
CONTINUOUS
10
0.6632401968503937
20
0.462314842519685
11
0.6617833070866141
21
0.4637717322834646
0
LINE
8
BLACK
6
CONTINUOUS
10
0.6617833070866141
20
0.4637717322834646
11
0.6582631496062992
21
0.465531811023622
0
LINE
8
BLACK
6
CONTINUOUS
10
0.6582631496062992
20
0.465531811023622
11
0.6441784251968504
21
0.465531811023622
0
LINE
8
BLACK
6
CONTINUOUS
10
0.6441784251968504
20
0.465531811023622
11
0.6406582283464567
21
0.4637717322834646
0
LINE
8
BLACK
6
CONTINUOUS
10
0.1825
20
0.4875
11
0.1175
21
0.4875
0
LINE
8
BLACK
6
CONTINUOUS
10
0.1175
20
0.4875
11
0.1175
21
0.5525
0
LINE
8
BLACK
6
CONTINUOUS
10
0.1175
20
0.5525
11
0.1825
21
0.5525
0
LINE
8
BLACK
6
CONTINUOUS
10
0.1825
20
0.5525
11
0.1825
21
0.4875
0
LINE
8
BLACK
6
CONTINUOUS
10
0.2825
20
0.4875
11
0.2175
21
0.4875
0
LINE
8
BLACK
6
CONTINUOUS
10
0.2175
20
0.4875
11
0.2175
21
0.5525
0
LINE
8
BLACK
6
CONTINUOUS
10
0.2175
20
0.5525
11
0.2825
21
0.5525
0
LINE
8
BLACK
6
CONTINUOUS
10
0.2825
20
0.5525
11
0.2825
21
0.4875
0
LINE
8
BLACK
6
CONTINUOUS
10
0.1825
20
0.5875
11
0.1175
21
0.5875
0
LINE
8
BLACK
6
CONTINUOUS
10
0.1175
20
0.5875
11
0.1175
21
0.6525
0
LINE
8
BLACK
6
CONTINUOUS
10
0.1175
20
0.6525
11
0.1825
21
0.6525
0
LINE
8
BLACK
6
CONTINUOUS
10
0.1825
20
0.6525
11
0.1825
21
0.5875
0
LINE
8
BLACK
6
CONTINUOUS
10
0.2825
20
0.5875
11
0.2175
21
0.5875
0
LINE
8
BLACK
6
CONTINUOUS
10
0.2175
20
0.5875
11
0.2175
21
0.6525
0
LINE
8
BLACK
6
CONTINUOUS
10
0.2175
20
0.6525
11
0.2825
21
0.6525
0
LINE
8
BLACK
6
CONTINUOUS
10
0.2825
20
0.6525
11
0.2825
21
0.5875
0
LINE
8
BLACK
6
CONTINUOUS
10
0.1825
20
0.6875
11
0.1175
21
0.6875
0
LINE
8
BLACK
6
CONTINUOUS
10
0.1175
20
0.6875
11
0.1175
21
0.7524999999999999
0
LINE
8
BLACK
6
CONTINUOUS
10
0.1175
20
0.7524999999999999
11
0.1825
21
0.7524999999999999
0
LINE
8
BLACK
6
CONTINUOUS
10
0.1825
20
0.7524999999999999
11
0.1825
21
0.6875
0
LINE
8
BLACK
6
CONTINUOUS
10
0.2825
20
0.6875
11
0.2175
21
0.6875
0
LINE
8
BLACK
6
CONTINUOUS
10
0.2175
20
0.6875
11
0.2175
21
0.7524999999999999
0
LINE
8
BLACK
6
CONTINUOUS
10
0.2175
20
0.7524999999999999
11
0.2825
21
0.7524999999999999
0
LINE
8
BLACK
6
CONTINUOUS
10
0.2825
20
0.7524999999999999
11
0.2825
21
0.6875
0
LINE
8
BLACK
6
CONTINUOUS
10
0.3014086614173228
20
0.7747974803149607
11
0.3017157874015748
21
0.7746000787401575
0
LINE
8
BLACK
6
CONTINUOUS
10
0.3017157874015748
20
0.7746000787401575
11
0.3020770866141732
21
0.7745481496062991
0
LINE
8
BLACK
6
CONTINUOUS
10
0.3020770866141732
20
0.7745481496062991
11
0.3028823228346457
21
0.7738503543307086
0
LINE
8
BLACK
6
CONTINUOUS
10
0.3028823228346457
20
0.7738503543307086
11
0.3037787401574803
21
0.7732742913385826
0
LINE
8
BLACK
6
CONTINUOUS
10
0.3037787401574803
20
0.7732742913385826
11
0.3039303543307086
21
0.7729422047244094
0
LINE
8
BLACK
6
CONTINUOUS
10
0.3039303543307086
20
0.7729422047244094
11
0.3042062598425197
21
0.7727031889763779
0
LINE
8
BLACK
6
CONTINUOUS
10
0.3042062598425197
20
0.7727031889763779
11
0.3045064566929134
21
0.7716807874015748
0
LINE
8
BLACK
6
CONTINUOUS
10
0.3045064566929134
20
0.7716807874015748
11
0.304949094488189
21
0.7707115748031496
0
LINE
8
BLACK
6
CONTINUOUS
10
0.304949094488189
20
0.7707115748031496
11
0.3048971259842519
21
0.7703502755905511
0
LINE
8
BLACK
6
CONTINUOUS
10
0.3048971259842519
20
0.7703502755905511
11
0.305
21
0.77
0
LINE
8
BLACK
6
CONTINUOUS
10
0.305
20
0.77
11
0.305
21
0.47
0
LINE
8
BLACK
6
CONTINUOUS
10
0.305
20
0.47
11
0.3047974803149606
21
0.4685913385826772
0
LINE
8
BLACK
6
CONTINUOUS
10
0.3047974803149606
20
0.4685913385826772
11
0.3046000787401575
21
0.4682841732283464
0
LINE
8
BLACK
6
CONTINUOUS
10
0.3046000787401575
20
0.4682841732283464
11
0.3045481496062992
21
0.4679229133858268
0
LINE
8
BLACK
6
CONTINUOUS
10
0.3045481496062992
20
0.4679229133858268
11
0.3038503543307087
21
0.4671176377952756
0
LINE
8
BLACK
6
CONTINUOUS
10
0.3038503543307087
20
0.4671176377952756
11
0.3032742913385827
21
0.4662212598425197
0
LINE
8
BLACK
6
CONTINUOUS
10
0.3032742913385827
20
0.4662212598425197
11
0.3029422047244095
21
0.4660696062992126
0
LINE
8
BLACK
6
CONTINUOUS
10
0.3029422047244095
20
0.4660696062992126
11
0.3027031889763779
21
0.4657937401574803
0
LINE
8
BLACK
6
CONTINUOUS
10
0.3027031889763779
20
0.4657937401574803
11
0.3016807874015748
21
0.4654935039370079
0
LINE
8
BLACK
6
CONTINUOUS
10
0.3016807874015748
20
0.4654935039370079
11
0.3007115748031496
21
0.465050905511811
0
LINE
8
BLACK
6
CONTINUOUS
10
0.3007115748031496
20
0.465050905511811
11
0.3003502755905512
21
0.4651028346456693
0
LINE
8
BLACK
6
CONTINUOUS
10
0.3003502755905512
20
0.4651028346456693
11
0.3
21
0.465
0
LINE
8
BLACK
6
CONTINUOUS
10
0.3
20
0.465
11
0.2
21
0.465
0
LINE
8
BLACK
6
CONTINUOUS
10
0.2
20
0.465
11
0.1
21
0.465
0
LINE
8
BLACK
6
CONTINUOUS
10
0.1
20
0.465
11
0.0985913385826772
21
0.4652025196850393
0
LINE
8
BLACK
6
CONTINUOUS
10
0.0985913385826772
20
0.4652025196850393
11
0.0982841732283465
21
0.4653998818897638
0
LINE
8
BLACK
6
CONTINUOUS
10
0.0982841732283465
20
0.4653998818897638
11
0.0979229133858268
21
0.4654518503937008
0
LINE
8
BLACK
6
CONTINUOUS
10
0.0979229133858268
20
0.4654518503937008
11
0.0971176377952756
21
0.4661496062992126
0
LINE
8
BLACK
6
CONTINUOUS
10
0.0971176377952756
20
0.4661496062992126
11
0.0962212598425197
21
0.4667257086614173
0
LINE
8
BLACK
6
CONTINUOUS
10
0.0962212598425197
20
0.4667257086614173
11
0.0960696062992126
21
0.4670577559055118
0
LINE
8
BLACK
6
CONTINUOUS
10
0.0960696062992126
20
0.4670577559055118
11
0.0957937401574803
21
0.467296811023622
0
LINE
8
BLACK
6
CONTINUOUS
10
0.0957937401574803
20
0.467296811023622
11
0.0954935039370079
21
0.4683191732283464
0
LINE
8
BLACK
6
CONTINUOUS
10
0.0954935039370079
20
0.4683191732283464
11
0.095050905511811
21
0.4692884251968504
0
LINE
8
BLACK
6
CONTINUOUS
10
0.095050905511811
20
0.4692884251968504
11
0.0951028346456693
21
0.46964968503937
0
LINE
8
BLACK
6
CONTINUOUS
10
0.0951028346456693
20
0.46964968503937
11
0.095
21
0.47
0
LINE
8
BLACK
6
CONTINUOUS
10
0.095
20
0.47
11
0.095
21
0.57
0
LINE
8
BLACK
6
CONTINUOUS
10
0.095
20
0.57
11
0.095
21
0.77
0
LINE
8
BLACK
6
CONTINUOUS
10
0.095
20
0.77
11
0.0952025196850394
21
0.7714086614173228
0
LINE
8
BLACK
6
CONTINUOUS
10
0.0952025196850394
20
0.7714086614173228
11
0.0953998818897638
21
0.7717157874015748
0
LINE
8
BLACK
6
CONTINUOUS
10
0.0953998818897638
20
0.7717157874015748
11
0.0954518503937008
21
0.7720770866141732
0
LINE
8
BLACK
6
CONTINUOUS
10
0.0954518503937008
20
0.7720770866141732
11
0.0961496062992126
21
0.7728823228346456
0
LINE
8
BLACK
6
CONTINUOUS
10
0.0961496062992126
20
0.7728823228346456
11
0.0967257086614173
21
0.7737787401574803
0
LINE
8
BLACK
6
CONTINUOUS
10
0.0967257086614173
20
0.7737787401574803
11
0.0970577559055118
21
0.7739303543307087
0
LINE
8
BLACK
6
CONTINUOUS
10
0.0970577559055118
20
0.7739303543307087
11
0.097296811023622
21
0.7742062598425197
0
LINE
8
BLACK
6
CONTINUOUS
10
0.097296811023622
20
0.7742062598425197
11
0.0983191732283464
21
0.7745064566929134
0
LINE
8
BLACK
6
CONTINUOUS
10
0.0983191732283464
20
0.7745064566929134
11
0.0992884251968504
21
0.7749490944881889
0
LINE
8
BLACK
6
CONTINUOUS
10
0.0992884251968504
20
0.7749490944881889
11
0.0996496850393701
21
0.774897125984252
0
LINE
8
BLACK
6
CONTINUOUS
10
0.0996496850393701
20
0.774897125984252
11
0.1
21
0.775
0
LINE
8
BLACK
6
CONTINUOUS
10
0.1
20
0.775
11
0.3
21
0.775
0
LINE
8
BLACK
6
CONTINUOUS
10
0.3
20
0.775
11
0.3014086614173228
21
0.7747974803149607
0
LINE
8
BLACK
6
CONTINUOUS
10
0.105
20
0.765
11
0.105
21
0.57
0
LINE
8
BLACK
6
CONTINUOUS
10
0.105
20
0.57
11
0.105
21
0.475
0
LINE
8
BLACK
6
CONTINUOUS
10
0.105
20
0.475
11
0.2
21
0.475
0
LINE
8
BLACK
6
CONTINUOUS
10
0.2
20
0.475
11
0.295
21
0.475
0
LINE
8
BLACK
6
CONTINUOUS
10
0.295
20
0.475
11
0.295
21
0.765
0
LINE
8
BLACK
6
CONTINUOUS
10
0.295
20
0.765
11
0.105
21
0.765
0
LINE
8
BLACK
6
CONTINUOUS
10
1.5757470472440944
20
0.5599034251968504
11
1.5770770078740157
21
0.5596312992125985
0
LINE
8
BLACK
6
CONTINUOUS
10
1.5770770078740157
20
0.5596312992125985
11
1.5827012992125984
21
0.5568191338582678
0
LINE
8
BLACK
6
CONTINUOUS
10
1.5827012992125984
20
0.5568191338582678
11
1.5834126377952755
21
0.5561883070866142
0
LINE
8
BLACK
6
CONTINUOUS
10
1.5834126377952755
20
0.5561883070866142
11
1.5842361023622047
21
0.5557129133858267
0
LINE
8
BLACK
6
CONTINUOUS
10
1.5842361023622047
20
0.5557129133858267
11
1.5898603937007874
21
0.5500886220472441
0
LINE
8
BLACK
6
CONTINUOUS
10
1.5898603937007874
20
0.5500886220472441
11
1.5898860236220471
21
0.5500441732283464
0
LINE
8
BLACK
6
CONTINUOUS
10
1.5898860236220471
20
0.5500441732283464
11
1.5899300393700786
21
0.5500177952755906
0
LINE
8
BLACK
6
CONTINUOUS
10
1.5899300393700786
20
0.5500177952755906
11
1.590648464566929
21
0.5487235826771654
0
LINE
8
BLACK
6
CONTINUOUS
10
1.590648464566929
20
0.5487235826771654
11
1.5913888582677165
21
0.5474412598425197
0
LINE
8
BLACK
6
CONTINUOUS
10
1.5913888582677165
20
0.5474412598425197
11
1.5913888582677165
21
0.5473899212598425
0
LINE
8
BLACK
6
CONTINUOUS
10
1.5913888582677165
20
0.5473899212598425
11
1.5914137401574804
21
0.5473451181102362
0
LINE
8
BLACK
6
CONTINUOUS
10
1.5914137401574804
20
0.5473451181102362
11
1.5942259055118111
21
0.5360965354330709
0
LINE
8
BLACK
6
CONTINUOUS
10
1.5942259055118111
20
0.5360965354330709
11
1.594213622047244
21
0.5353679921259843
0
LINE
8
BLACK
6
CONTINUOUS
10
1.594213622047244
20
0.5353679921259843
11
1.5944022440944881
21
0.5346642125984252
0
LINE
8
BLACK
6
CONTINUOUS
10
1.5944022440944881
20
0.5346642125984252
11
1.5944022440944881
21
0.5149791732283464
0
LINE
8
BLACK
6
CONTINUOUS
10
1.5944022440944881
20
0.5149791732283464
11
1.594213622047244
21
0.5142753543307087
0
LINE
8
BLACK
6
CONTINUOUS
10
1.594213622047244
20
0.5142753543307087
11
1.5942259055118111
21
0.5135468503937007
0
LINE
8
BLACK
6
CONTINUOUS
10
1.5942259055118111
20
0.5135468503937007
11
1.5914137401574804
21
0.5022982677165354
0
LINE
8
BLACK
6
CONTINUOUS
10
1.5914137401574804
20
0.5022982677165354
11
1.5913888582677165
21
0.5022534251968503
0
LINE
8
BLACK
6
CONTINUOUS
10
1.5913888582677165
20
0.5022534251968503
11
1.5913888582677165
21
0.502202125984252
0
LINE
8
BLACK
6
CONTINUOUS
10
1.5913888582677165
20
0.502202125984252
11
1.590648464566929
21
0.5009197637795275
0
LINE
8
BLACK
6
CONTINUOUS
10
1.590648464566929
20
0.5009197637795275
11
1.5899300393700786
21
0.4996255905511811
0
LINE
8
BLACK
6
CONTINUOUS
10
1.5899300393700786
20
0.4996255905511811
11
1.5898860236220471
21
0.4995991732283465
0
LINE
8
BLACK
6
CONTINUOUS
10
1.5898860236220471
20
0.4995991732283465
11
1.5898603937007874
21
0.4995547637795276
0
LINE
8
BLACK
6
CONTINUOUS
10
1.5898603937007874
20
0.4995547637795276
11
1.5842361023622047
21
0.4939304724409448
0
LINE
8
BLACK
6
CONTINUOUS
10
1.5842361023622047
20
0.4939304724409448
11
1.5834126377952755
21
0.4934550393700787
0
LINE
8
BLACK
6
CONTINUOUS
10
1.5834126377952755
20
0.4934550393700787
11
1.5827012992125984
21
0.4928242519685039
0
LINE
8
BLACK
6
CONTINUOUS
10
1.5827012992125984
20
0.4928242519685039
11
1.5770770078740157
21
0.4900120866141732
0
LINE
8
BLACK
6
CONTINUOUS
10
1.5770770078740157
20
0.4900120866141732
11
1.5757470472440944
21
0.4897399212598425
0
LINE
8
BLACK
6
CONTINUOUS
10
1.5757470472440944
20
0.4897399212598425
11
1.5744359842519684
21
0.4893886220472441
0
LINE
8
BLACK
6
CONTINUOUS
10
1.5744359842519684
20
0.4893886220472441
11
1.5631874015748031
21
0.4893886220472441
0
LINE
8
BLACK
6
CONTINUOUS
10
1.5631874015748031
20
0.4893886220472441
11
1.561876338582677
21
0.4897398818897638
0
LINE
8
BLACK
6
CONTINUOUS
10
1.561876338582677
20
0.4897398818897638
11
1.5605463385826772
21
0.4900120866141732
0
LINE
8
BLACK
6
CONTINUOUS
10
1.5605463385826772
20
0.4900120866141732
11
1.5549220866141731
21
0.4928242519685039
0
LINE
8
BLACK
6
CONTINUOUS
10
1.5549220866141731
20
0.4928242519685039
11
1.5542106692913384
21
0.4934550393700787
0
LINE
8
BLACK
6
CONTINUOUS
10
1.5542106692913384
20
0.4934550393700787
11
1.553387283464567
21
0.4939304724409448
0
LINE
8
BLACK
6
CONTINUOUS
10
1.553387283464567
20
0.4939304724409448
11
1.5477629527559056
21
0.4995547637795276
0
LINE
8
BLACK
6
CONTINUOUS
10
1.5477629527559056
20
0.4995547637795276
11
1.5477372834645668
21
0.4995991732283465
0
LINE
8
BLACK
6
CONTINUOUS
10
1.5477372834645668
20
0.4995991732283465
11
1.5476933070866141
21
0.4996255905511811
0
LINE
8
BLACK
6
CONTINUOUS
10
1.5476933070866141
20
0.4996255905511811
11
1.5469751181102362
21
0.5009192913385827
0
LINE
8
BLACK
6
CONTINUOUS
10
1.5469751181102362
20
0.5009192913385827
11
1.5462344881889762
21
0.502202125984252
0
LINE
8
BLACK
6
CONTINUOUS
10
1.5462344881889762
20
0.502202125984252
11
1.5462344881889762
21
0.5022534645669291
0
LINE
8
BLACK
6
CONTINUOUS
10
1.5462344881889762
20
0.5022534645669291
11
1.5462096062992126
21
0.5022983070866142
0
LINE
8
BLACK
6
CONTINUOUS
10
1.5462096062992126
20
0.5022983070866142
11
1.5433974803149606
21
0.5135468897637795
0
LINE
8
BLACK
6
CONTINUOUS
10
1.5433974803149606
20
0.5135468897637795
11
1.5434097244094487
21
0.5142753149606299
0
LINE
8
BLACK
6
CONTINUOUS
10
1.5434097244094487
20
0.5142753149606299
11
1.5432211417322834
21
0.5149791732283464
0
LINE
8
BLACK
6
CONTINUOUS
10
1.5432211417322834
20
0.5149791732283464
11
1.5432211417322834
21
0.5346642125984252
0
LINE
8
BLACK
6
CONTINUOUS
10
1.5432211417322834
20
0.5346642125984252
11
1.5434097244094487
21
0.5353680314960629
0
LINE
8
BLACK
6
CONTINUOUS
10
1.5434097244094487
20
0.5353680314960629
11
1.5433974803149606
21
0.5360964960629921
0
LINE
8
BLACK
6
CONTINUOUS
10
1.5433974803149606
20
0.5360964960629921
11
1.5462096062992126
21
0.5473450787401575
0
LINE
8
BLACK
6
CONTINUOUS
10
1.5462096062992126
20
0.5473450787401575
11
1.5462344881889762
21
0.5473898818897638
0
LINE
8
BLACK
6
CONTINUOUS
10
1.5462344881889762
20
0.5473898818897638
11
1.5462344881889762
21
0.5474412598425197
0
LINE
8
BLACK
6
CONTINUOUS
10
1.5462344881889762
20
0.5474412598425197
11
1.5469751181102362
21
0.5487240551181102
0
LINE
8
BLACK
6
CONTINUOUS
10
1.5469751181102362
20
0.5487240551181102
11
1.5476933070866141
21
0.5500177952755906
0
LINE
8
BLACK
6
CONTINUOUS
10
1.5476933070866141
20
0.5500177952755906
11
1.5477372834645668
21
0.5500441732283464
0
LINE
8
BLACK
6
CONTINUOUS
10
1.5477372834645668
20
0.5500441732283464
11
1.5477629527559056
21
0.5500886220472441
0
LINE
8
BLACK
6
CONTINUOUS
10
1.5477629527559056
20
0.5500886220472441
11
1.553387283464567
21
0.5557129133858267
0
LINE
8
BLACK
6
CONTINUOUS
10
1.553387283464567
20
0.5557129133858267
11
1.5542106692913384
21
0.5561883070866142
0
LINE
8
BLACK
6
CONTINUOUS
10
1.5542106692913384
20
0.5561883070866142
11
1.5549220866141731
21
0.5568191338582678
0
LINE
8
BLACK
6
CONTINUOUS
10
1.5549220866141731
20
0.5568191338582678
11
1.5605463385826772
21
0.5596312992125985
0
LINE
8
BLACK
6
CONTINUOUS
10
1.5605463385826772
20
0.5596312992125985
11
1.561876338582677
21
0.5599034645669291
0
LINE
8
BLACK
6
CONTINUOUS
10
1.561876338582677
20
0.5599034645669291
11
1.5631874015748031
21
0.5602547637795275
0
LINE
8
BLACK
6
CONTINUOUS
10
1.5631874015748031
20
0.5602547637795275
11
1.5744359842519684
21
0.5602547637795275
0
LINE
8
BLACK
6
CONTINUOUS
10
1.5744359842519684
20
0.5602547637795275
11
1.5757470472440944
21
0.5599034251968504
0
LINE
8
BLACK
6
CONTINUOUS
10
1.5610612598425198
20
0.5466836220472441
11
1.5572712204724408
21
0.5428935433070866
0
LINE
8
BLACK
6
CONTINUOUS
10
1.5572712204724408
20
0.5428935433070866
11
1.5550321653543306
21
0.5339372834645669
0
LINE
8
BLACK
6
CONTINUOUS
10
1.5550321653543306
20
0.5339372834645669
11
1.5550321653543306
21
0.515706062992126
0
LINE
8
BLACK
6
CONTINUOUS
10
1.5550321653543306
20
0.515706062992126
11
1.5572712204724408
21
0.5067498031496063
0
LINE
8
BLACK
6
CONTINUOUS
10
1.5572712204724408
20
0.5067498031496063
11
1.5610612598425198
21
0.5029597244094488
0
LINE
8
BLACK
6
CONTINUOUS
10
1.5610612598425198
20
0.5029597244094488
11
1.564581496062992
21
0.5011996456692913
0
LINE
8
BLACK
6
CONTINUOUS
10
1.564581496062992
20
0.5011996456692913
11
1.5730418897637795
21
0.5011996456692913
0
LINE
8
BLACK
6
CONTINUOUS
10
1.5730418897637795
20
0.5011996456692913
11
1.5765620866141732
21
0.5029597637795276
0
LINE
8
BLACK
6
CONTINUOUS
10
1.5765620866141732
20
0.5029597637795276
11
1.5803520866141731
21
0.5067497637795275
0
LINE
8
BLACK
6
CONTINUOUS
10
1.5803520866141731
20
0.5067497637795275
11
1.5825912204724408
21
0.5157061023622047
0
LINE
8
BLACK
6
CONTINUOUS
10
1.5825912204724408
20
0.5157061023622047
11
1.5825912204724408
21
0.5339372440944882
0
LINE
8
BLACK
6
CONTINUOUS
10
1.5825912204724408
20
0.5339372440944882
11
1.5803520866141731
21
0.5428935826771654
0
LINE
8
BLACK
6
CONTINUOUS
10
1.5803520866141731
20
0.5428935826771654
11
1.5765620866141732
21
0.5466835826771653
0
LINE
8
BLACK
6
CONTINUOUS
10
1.5765620866141732
20
0.5466835826771653
11
1.5730418897637795
21
0.5484437401574803
0
LINE
8
BLACK
6
CONTINUOUS
10
1.5730418897637795
20
0.5484437401574803
11
1.564581496062992
21
0.5484437401574803
0
LINE
8
BLACK
6
CONTINUOUS
10
1.564581496062992
20
0.5484437401574803
11
1.5610612598425198
21
0.5466836220472441
0
LINE
8
BLACK
6
CONTINUOUS
10
1.642068188976378
20
0.5397785433070866
11
1.6442297637795276
21
0.537616968503937
0
LINE
8
BLACK
6
CONTINUOUS
10
1.6442297637795276
20
0.537616968503937
11
1.6450209448818898
21
0.5346642125984252
0
LINE
8
BLACK
6
CONTINUOUS
10
1.6450209448818898
20
0.5346642125984252
11
1.6450209448818898
21
0.4952941338582677
0
LINE
8
BLACK
6
CONTINUOUS
10
1.6450209448818898
20
0.4952941338582677
11
1.6442297637795276
21
0.4923413779527559
0
LINE
8
BLACK
6
CONTINUOUS
10
1.6442297637795276
20
0.4923413779527559
11
1.642068188976378
21
0.4901798031496063
0
LINE
8
BLACK
6
CONTINUOUS
10
1.642068188976378
20
0.4901798031496063
11
1.6391154330708662
21
0.4893886220472441
0
LINE
8
BLACK
6
CONTINUOUS
10
1.6391154330708662
20
0.4893886220472441
11
1.6361626771653544
21
0.4901798031496063
0
LINE
8
BLACK
6
CONTINUOUS
10
1.6361626771653544
20
0.4901798031496063
11
1.6353268897637796
21
0.4910155511811023
0
LINE
8
BLACK
6
CONTINUOUS
10
1.6353268897637796
20
0.4910155511811023
11
1.6333199999999999
21
0.4900120866141732
0
LINE
8
BLACK
6
CONTINUOUS
10
1.6333199999999999
20
0.4900120866141732
11
1.6319900393700788
21
0.4897399212598425
0
LINE
8
BLACK
6
CONTINUOUS
10
1.6319900393700788
20
0.4897399212598425
11
1.6306789763779528
21
0.4893886220472441
0
LINE
8
BLACK
6
CONTINUOUS
10
1.6306789763779528
20
0.4893886220472441
11
1.6222425196850394
21
0.4893886220472441
0
LINE
8
BLACK
6
CONTINUOUS
10
1.6222425196850394
20
0.4893886220472441
11
1.6209314566929134
21
0.4897398818897638
0
LINE
8
BLACK
6
CONTINUOUS
10
1.6209314566929134
20
0.4897398818897638
11
1.6196014566929133
21
0.4900120866141732
0
LINE
8
BLACK
6
CONTINUOUS
10
1.6196014566929133
20
0.4900120866141732
11
1.6139772047244094
21
0.4928242519685039
0
LINE
8
BLACK
6
CONTINUOUS
10
1.6139772047244094
20
0.4928242519685039
11
1.6137069685039369
21
0.4930638582677165
0
LINE
8
BLACK
6
CONTINUOUS
10
1.6137069685039369
20
0.4930638582677165
11
1.6133643700787401
21
0.4931780708661417
0
LINE
8
BLACK
6
CONTINUOUS
10
1.6133643700787401
20
0.4931780708661417
11
1.6125774015748031
21
0.4940654724409449
0
LINE
8
BLACK
6
CONTINUOUS
10
1.6125774015748031
20
0.4940654724409449
11
1.6116900000000001
21
0.4948524409448819
0
LINE
8
BLACK
6
CONTINUOUS
10
1.6116900000000001
20
0.4948524409448819
11
1.6115757874015748
21
0.4951950393700787
0
LINE
8
BLACK
6
CONTINUOUS
10
1.6115757874015748
20
0.4951950393700787
11
1.6113361811023621
21
0.4954652755905511
0
LINE
8
BLACK
6
CONTINUOUS
10
1.6113361811023621
20
0.4954652755905511
11
1.6085240157480314
21
0.5010895669291339
0
LINE
8
BLACK
6
CONTINUOUS
10
1.6085240157480314
20
0.5010895669291339
11
1.6082518503937007
21
0.5024194881889764
0
LINE
8
BLACK
6
CONTINUOUS
10
1.6082518503937007
20
0.5024194881889764
11
1.6079005511811024
21
0.5037305905511811
0
LINE
8
BLACK
6
CONTINUOUS
10
1.6079005511811024
20
0.5037305905511811
11
1.6079005511811024
21
0.5346642125984252
0
LINE
8
BLACK
6
CONTINUOUS
10
1.6079005511811024
20
0.5346642125984252
11
1.6086917322834646
21
0.537616968503937
0
LINE
8
BLACK
6
CONTINUOUS
10
1.6086917322834646
20
0.537616968503937
11
1.6108533070866142
21
0.5397785433070866
0
LINE
8
BLACK
6
CONTINUOUS
10
1.6108533070866142
20
0.5397785433070866
11
1.613806062992126
21
0.5405697244094488
0
LINE
8
BLACK
6
CONTINUOUS
10
1.613806062992126
20
0.5405697244094488
11
1.6167588188976378
21
0.5397785433070866
0
LINE
8
BLACK
6
CONTINUOUS
10
1.6167588188976378
20
0.5397785433070866
11
1.6189203937007874
21
0.537616968503937
0
LINE
8
BLACK
6
CONTINUOUS
10
1.6189203937007874
20
0.537616968503937
11
1.6197115748031496
21
0.5346642125984252
0
LINE
8
BLACK
6
CONTINUOUS
10
1.6197115748031496
20
0.5346642125984252
11
1.6197115748031496
21
0.50512468503937
0
LINE
8
BLACK
6
CONTINUOUS
10
1.6197115748031496
20
0.50512468503937
11
1.6210199212598424
21
0.5025079527559055
0
LINE
8
BLACK
6
CONTINUOUS
10
1.6210199212598424
20
0.5025079527559055
11
1.6236366141732284
21
0.5011996456692913
0
LINE
8
BLACK
6
CONTINUOUS
10
1.6236366141732284
20
0.5011996456692913
11
1.6292848818897638
21
0.5011996456692913
0
LINE
8
BLACK
6
CONTINUOUS
10
1.6292848818897638
20
0.5011996456692913
11
1.6328051181102361
21
0.5029597637795276
0
LINE
8
BLACK
6
CONTINUOUS
10
1.6328051181102361
20
0.5029597637795276
11
1.6332099212598425
21
0.5033645669291339
0
LINE
8
BLACK
6
CONTINUOUS
10
1.6332099212598425
20
0.5033645669291339
11
1.6332099212598425
21
0.5346642125984252
0
LINE
8
BLACK
6
CONTINUOUS
10
1.6332099212598425
20
0.5346642125984252
11
1.6340011023622047
21
0.537616968503937
0
LINE
8
BLACK
6
CONTINUOUS
10
1.6340011023622047
20
0.537616968503937
11
1.6361626771653544
21
0.5397785433070866
0
LINE
8
BLACK
6
CONTINUOUS
10
1.6361626771653544
20
0.5397785433070866
11
1.6391154330708662
21
0.5405697244094488
0
LINE
8
BLACK
6
CONTINUOUS
10
1.6391154330708662
20
0.5405697244094488
11
1.642068188976378
21
0.5397785433070866
0
LINE
8
BLACK
6
CONTINUOUS
10
1.6701896456692913
20
0.5594635826771653
11
1.6723512204724409
21
0.5573020078740157
0
LINE
8
BLACK
6
CONTINUOUS
10
1.6723512204724409
20
0.5573020078740157
11
1.6731424015748031
21
0.5543492519685039
0
LINE
8
BLACK
6
CONTINUOUS
10
1.6731424015748031
20
0.5543492519685039
11
1.6731424015748031
21
0.5405697244094488
0
LINE
8
BLACK
6
CONTINUOUS
10
1.6731424015748031
20
0.5405697244094488
11
1.6812976377952755
21
0.5405697244094488
0
LINE
8
BLACK
6
CONTINUOUS
10
1.6812976377952755
20
0.5405697244094488
11
1.6842503937007873
21
0.5397785433070866
0
LINE
8
BLACK
6
CONTINUOUS
10
1.6842503937007873
20
0.5397785433070866
11
1.6864119685039369
21
0.537616968503937
0
LINE
8
BLACK
6
CONTINUOUS
10
1.6864119685039369
20
0.537616968503937
11
1.6872031496062991
21
0.5346642125984252
0
LINE
8
BLACK
6
CONTINUOUS
10
1.6872031496062991
20
0.5346642125984252
11
1.6864119685039369
21
0.5317114566929134
0
LINE
8
BLACK
6
CONTINUOUS
10
1.6864119685039369
20
0.5317114566929134
11
1.6842503937007873
21
0.5295498818897638
0
LINE
8
BLACK
6
CONTINUOUS
10
1.6842503937007873
20
0.5295498818897638
11
1.6812976377952755
21
0.5287587007874016
0
LINE
8
BLACK
6
CONTINUOUS
10
1.6812976377952755
20
0.5287587007874016
11
1.6731424015748031
21
0.5287587007874016
0
LINE
8
BLACK
6
CONTINUOUS
10
1.6731424015748031
20
0.5287587007874016
11
1.6731424015748031
21
0.50512468503937
0
LINE
8
BLACK
6
CONTINUOUS
10
1.6731424015748031
20
0.50512468503937
11
1.6744507480314961
21
0.5025079527559055
0
LINE
8
BLACK
6
CONTINUOUS
10
1.6744507480314961
20
0.5025079527559055
11
1.6770674409448818
21
0.5011996456692913
0
LINE
8
BLACK
6
CONTINUOUS
10
1.6770674409448818
20
0.5011996456692913
11
1.6812976377952755
21
0.5011996456692913
0
LINE
8
BLACK
6
CONTINUOUS
10
1.6812976377952755
20
0.5011996456692913
11
1.6842503937007873
21
0.5004084645669291
0
LINE
8
BLACK
6
CONTINUOUS
10
1.6842503937007873
20
0.5004084645669291
11
1.6864119685039369
21
0.4982468897637795
0
LINE
8
BLACK
6
CONTINUOUS
10
1.6864119685039369
20
0.4982468897637795
11
1.6872031496062991
21
0.4952941338582677
0
LINE
8
BLACK
6
CONTINUOUS
10
1.6872031496062991
20
0.4952941338582677
11
1.6864119685039369
21
0.4923413779527559
0
LINE
8
BLACK
6
CONTINUOUS
10
1.6864119685039369
20
0.4923413779527559
11
1.6842503937007873
21
0.4901798031496063
0
LINE
8
BLACK
6
CONTINUOUS
10
1.6842503937007873
20
0.4901798031496063
11
1.6812976377952755
21
0.4893886220472441
0
LINE
8
BLACK
6
CONTINUOUS
10
1.6812976377952755
20
0.4893886220472441
11
1.6756733464566929
21
0.4893886220472441
0
LINE
8
BLACK
6
CONTINUOUS
10
1.6756733464566929
20
0.4893886220472441
11
1.6743622834645668
21
0.4897398818897638
0
LINE
8
BLACK
6
CONTINUOUS
10
1.6743622834645668
20
0.4897398818897638
11
1.6730322834645668
21
0.4900120866141732
0
LINE
8
BLACK
6
CONTINUOUS
10
1.6730322834645668
20
0.4900120866141732
11
1.6674080314960629
21
0.4928242519685039
0
LINE
8
BLACK
6
CONTINUOUS
10
1.6674080314960629
20
0.4928242519685039
11
1.6671377952755906
21
0.4930638582677165
0
LINE
8
BLACK
6
CONTINUOUS
10
1.6671377952755906
20
0.4930638582677165
11
1.6667951968503936
21
0.4931780708661417
0
LINE
8
BLACK
6
CONTINUOUS
10
1.6667951968503936
20
0.4931780708661417
11
1.6660082283464566
21
0.4940654724409449
0
LINE
8
BLACK
6
CONTINUOUS
10
1.6660082283464566
20
0.4940654724409449
11
1.6651208267716535
21
0.4948524409448819
0
LINE
8
BLACK
6
CONTINUOUS
10
1.6651208267716535
20
0.4948524409448819
11
1.6650066141732283
21
0.4951950393700787
0
LINE
8
BLACK
6
CONTINUOUS
10
1.6650066141732283
20
0.4951950393700787
11
1.6647670078740158
21
0.4954652755905511
0
LINE
8
BLACK
6
CONTINUOUS
10
1.6647670078740158
20
0.4954652755905511
11
1.6619548425196851
21
0.5010895669291339
0
LINE
8
BLACK
6
CONTINUOUS
10
1.6619548425196851
20
0.5010895669291339
11
1.6616826771653543
21
0.5024194881889764
0
LINE
8
BLACK
6
CONTINUOUS
10
1.6616826771653543
20
0.5024194881889764
11
1.6613313779527559
21
0.5037305905511811
0
LINE
8
BLACK
6
CONTINUOUS
10
1.6613313779527559
20
0.5037305905511811
11
1.6613313779527559
21
0.5287587007874016
0
LINE
8
BLACK
6
CONTINUOUS
10
1.6613313779527559
20
0.5287587007874016
11
1.6588004724409449
21
0.5287587007874016
0
LINE
8
BLACK
6
CONTINUOUS
10
1.6588004724409449
20
0.5287587007874016
11
1.6558477165354331
21
0.5295498818897638
0
LINE
8
BLACK
6
CONTINUOUS
10
1.6558477165354331
20
0.5295498818897638
11
1.6536861417322835
21
0.5317114566929134
0
LINE
8
BLACK
6
CONTINUOUS
10
1.6536861417322835
20
0.5317114566929134
11
1.6528949606299213
21
0.5346642125984252
0
LINE
8
BLACK
6
CONTINUOUS
10
1.6528949606299213
20
0.5346642125984252
11
1.6536861417322835
21
0.537616968503937
0
LINE
8
BLACK
6
CONTINUOUS
10
1.6536861417322835
20
0.537616968503937
11
1.6558477165354331
21
0.5397785433070866
0
LINE
8
BLACK
6
CONTINUOUS
10
1.6558477165354331
20
0.5397785433070866
11
1.6588004724409449
21
0.5405697244094488
0
LINE
8
BLACK
6
CONTINUOUS
10
1.6588004724409449
20
0.5405697244094488
11
1.6613313779527559
21
0.5405697244094488
0
LINE
8
BLACK
6
CONTINUOUS
10
1.6613313779527559
20
0.5405697244094488
11
1.6613313779527559
21
0.5543492519685039
0
LINE
8
BLACK
6
CONTINUOUS
10
1.6613313779527559
20
0.5543492519685039
11
1.6621225590551181
21
0.5573020078740157
0
LINE
8
BLACK
6
CONTINUOUS
10
1.6621225590551181
20
0.5573020078740157
11
1.6642841338582677
21
0.5594635826771653
0
LINE
8
BLACK
6
CONTINUOUS
10
1.6642841338582677
20
0.5594635826771653
11
1.6672368897637795
21
0.5602547637795275
0
LINE
8
BLACK
6
CONTINUOUS
10
1.6672368897637795
20
0.5602547637795275
11
1.6701896456692913
21
0.5594635826771653
0
LINE
8
BLACK
6
CONTINUOUS
10
0.6344885039370078
20
0.5187338976377953
11
0.6366500787401574
21
0.5165723228346456
0
LINE
8
BLACK
6
CONTINUOUS
10
0.6366500787401574
20
0.5165723228346456
11
0.6374412598425196
21
0.5136195669291338
0
LINE
8
BLACK
6
CONTINUOUS
10
0.6374412598425196
20
0.5136195669291338
11
0.6374412598425196
21
0.5093893700787402
0
LINE
8
BLACK
6
CONTINUOUS
10
0.6374412598425196
20
0.5093893700787402
11
0.6392013779527559
21
0.505869094488189
0
LINE
8
BLACK
6
CONTINUOUS
10
0.6392013779527559
20
0.505869094488189
11
0.6406582283464567
21
0.5044122440944881
0
LINE
8
BLACK
6
CONTINUOUS
10
0.6406582283464567
20
0.5044122440944881
11
0.6441784251968504
21
0.5026521653543307
0
LINE
8
BLACK
6
CONTINUOUS
10
0.6441784251968504
20
0.5026521653543307
11
0.6709058267716536
21
0.5026521653543307
0
LINE
8
BLACK
6
CONTINUOUS
10
0.6709058267716536
20
0.5026521653543307
11
0.6738585826771654
21
0.5018609842519685
0
LINE
8
BLACK
6
CONTINUOUS
10
0.6738585826771654
20
0.5018609842519685
11
0.676020157480315
21
0.4996994094488189
0
LINE
8
BLACK
6
CONTINUOUS
10
0.676020157480315
20
0.4996994094488189
11
0.6768113385826772
21
0.496746653543307
0
LINE
8
BLACK
6
CONTINUOUS
10
0.6768113385826772
20
0.496746653543307
11
0.676020157480315
21
0.4937938976377952
0
LINE
8
BLACK
6
CONTINUOUS
10
0.676020157480315
20
0.4937938976377952
11
0.6738585826771654
21
0.4916323228346456
0
LINE
8
BLACK
6
CONTINUOUS
10
0.6738585826771654
20
0.4916323228346456
11
0.6709058267716536
21
0.4908411417322834
0
LINE
8
BLACK
6
CONTINUOUS
10
0.6709058267716536
20
0.4908411417322834
11
0.631535748031496
21
0.4908411417322834
0
LINE
8
BLACK
6
CONTINUOUS
10
0.631535748031496
20
0.4908411417322834
11
0.6285829921259842
21
0.4916323228346456
0
LINE
8
BLACK
6
CONTINUOUS
10
0.6285829921259842
20
0.4916323228346456
11
0.6264214173228346
21
0.4937938976377952
0
LINE
8
BLACK
6
CONTINUOUS
10
0.6264214173228346
20
0.4937938976377952
11
0.6256302362204724
21
0.496746653543307
0
LINE
8
BLACK
6
CONTINUOUS
10
0.6256302362204724
20
0.496746653543307
11
0.6264214173228346
21
0.4996994094488189
0
LINE
8
BLACK
6
CONTINUOUS
10
0.6264214173228346
20
0.4996994094488189
11
0.6281945275590551
21
0.5014725196850394
0
LINE
8
BLACK
6
CONTINUOUS
10
0.6281945275590551
20
0.5014725196850394
11
0.6262537007874016
21
0.5053542519685039
0
LINE
8
BLACK
6
CONTINUOUS
10
0.6262537007874016
20
0.5053542519685039
11
0.6259815354330709
21
0.5066841732283465
0
LINE
8
BLACK
6
CONTINUOUS
10
0.6259815354330709
20
0.5066841732283465
11
0.6256302362204724
21
0.5079952755905511
0
LINE
8
BLACK
6
CONTINUOUS
10
0.6256302362204724
20
0.5079952755905511
11
0.6256302362204724
21
0.5136195669291338
0
LINE
8
BLACK
6
CONTINUOUS
10
0.6256302362204724
20
0.5136195669291338
11
0.6264214173228346
21
0.5165723228346456
0
LINE
8
BLACK
6
CONTINUOUS
10
0.6264214173228346
20
0.5165723228346456
11
0.6285829921259842
21
0.5187338976377953
0
LINE
8
BLACK
6
CONTINUOUS
10
0.6285829921259842
20
0.5187338976377953
11
0.631535748031496
21
0.5195250787401575
0
LINE
8
BLACK
6
CONTINUOUS
10
0.631535748031496
20
0.5195250787401575
11
0.6344885039370078
21
0.5187338976377953
0
LINE
8
BLACK
6
CONTINUOUS
10
0.3717683858267716
20
0.5514322047244095
11
0.3730982677165354
21
0.5511600787401575
0
LINE
8
BLACK
6
CONTINUOUS
10
0.3730982677165354
20
0.5511600787401575
11
0.3787225590551181
21
0.5483479527559055
0
LINE
8
BLACK
6
CONTINUOUS
10
0.3787225590551181
20
0.5483479527559055
11
0.379433937007874
21
0.5477170866141732
0
LINE
8
BLACK
6
CONTINUOUS
10
0.379433937007874
20
0.5477170866141732
11
0.3802573622047244
21
0.5472417322834645
0
LINE
8
BLACK
6
CONTINUOUS
10
0.3802573622047244
20
0.5472417322834645
11
0.3830695275590551
21
0.5444295669291338
0
LINE
8
BLACK
6
CONTINUOUS
10
0.3830695275590551
20
0.5444295669291338
11
0.3835448818897638
21
0.5436061417322835
0
LINE
8
BLACK
6
CONTINUOUS
10
0.3835448818897638
20
0.5436061417322835
11
0.3841757480314961
21
0.5428947637795275
0
LINE
8
BLACK
6
CONTINUOUS
10
0.3841757480314961
20
0.5428947637795275
11
0.386987874015748
21
0.5372704330708661
0
LINE
8
BLACK
6
CONTINUOUS
10
0.386987874015748
20
0.5372704330708661
11
0.3872599606299212
21
0.5359406692913385
0
LINE
8
BLACK
6
CONTINUOUS
10
0.3872599606299212
20
0.5359406692913385
11
0.3876113385826772
21
0.5346294488188976
0
LINE
8
BLACK
6
CONTINUOUS
10
0.3876113385826772
20
0.5346294488188976
11
0.3876113385826772
21
0.5233808661417323
0
LINE
8
BLACK
6
CONTINUOUS
10
0.3876113385826772
20
0.5233808661417323
11
0.3872599606299212
21
0.5220696062992126
0
LINE
8
BLACK
6
CONTINUOUS
10
0.3872599606299212
20
0.5220696062992126
11
0.386987874015748
21
0.5207398818897637
0
LINE
8
BLACK
6
CONTINUOUS
10
0.386987874015748
20
0.5207398818897637
11
0.3841757480314961
21
0.5151155511811023
0
LINE
8
BLACK
6
CONTINUOUS
10
0.3841757480314961
20
0.5151155511811023
11
0.3835448818897638
21
0.5144041338582677
0
LINE
8
BLACK
6
CONTINUOUS
10
0.3835448818897638
20
0.5144041338582677
11
0.3830695275590551
21
0.513580748031496
0
LINE
8
BLACK
6
CONTINUOUS
10
0.3830695275590551
20
0.513580748031496
11
0.3802573622047244
21
0.5107685826771653
0
LINE
8
BLACK
6
CONTINUOUS
10
0.3802573622047244
20
0.5107685826771653
11
0.3794338976377953
21
0.5102931496062992
0
LINE
8
BLACK
6
CONTINUOUS
10
0.3794338976377953
20
0.5102931496062992
11
0.3787225590551181
21
0.5096623622047244
0
LINE
8
BLACK
6
CONTINUOUS
10
0.3787225590551181
20
0.5096623622047244
11
0.3730982677165354
21
0.5068501968503937
0
LINE
8
BLACK
6
CONTINUOUS
10
0.3730982677165354
20
0.5068501968503937
11
0.3717683070866142
21
0.506578031496063
0
LINE
8
BLACK
6
CONTINUOUS
10
0.3717683070866142
20
0.506578031496063
11
0.3704572440944882
21
0.5062267322834646
0
LINE
8
BLACK
6
CONTINUOUS
10
0.3704572440944882
20
0.5062267322834646
11
0.3226507086614173
21
0.5062267322834646
0
LINE
8
BLACK
6
CONTINUOUS
10
0.3226507086614173
20
0.5062267322834646
11
0.3196979527559055
21
0.5070179133858268
0
LINE
8
BLACK
6
CONTINUOUS
10
0.3196979527559055
20
0.5070179133858268
11
0.3175363779527559
21
0.5091794881889764
0
LINE
8
BLACK
6
CONTINUOUS
10
0.3175363779527559
20
0.5091794881889764
11
0.3167451968503937
21
0.5121322440944882
0
LINE
8
BLACK
6
CONTINUOUS
10
0.3167451968503937
20
0.5121322440944882
11
0.3175363779527559
21
0.515085
0
LINE
8
BLACK
6
CONTINUOUS
10
0.3175363779527559
20
0.515085
11
0.3196979527559055
21
0.5172465748031496
0
LINE
8
BLACK
6
CONTINUOUS
10
0.3196979527559055
20
0.5172465748031496
11
0.3226507086614173
21
0.5180377559055118
0
LINE
8
BLACK
6
CONTINUOUS
10
0.3226507086614173
20
0.5180377559055118
11
0.3690631496062992
21
0.5180377559055118
0
LINE
8
BLACK
6
CONTINUOUS
10
0.3690631496062992
20
0.5180377559055118
11
0.3725833464566929
21
0.5197978740157481
0
LINE
8
BLACK
6
CONTINUOUS
10
0.3725833464566929
20
0.5197978740157481
11
0.3740401968503937
21
0.5212547244094488
0
LINE
8
BLACK
6
CONTINUOUS
10
0.3740401968503937
20
0.5212547244094488
11
0.3758003149606299
21
0.5247749212598425
0
LINE
8
BLACK
6
CONTINUOUS
10
0.3758003149606299
20
0.5247749212598425
11
0.3758003149606299
21
0.5332353543307087
0
LINE
8
BLACK
6
CONTINUOUS
10
0.3758003149606299
20
0.5332353543307087
11
0.3740401968503937
21
0.5367555511811023
0
LINE
8
BLACK
6
CONTINUOUS
10
0.3740401968503937
20
0.5367555511811023
11
0.3725833070866142
21
0.5382124409448819
0
LINE
8
BLACK
6
CONTINUOUS
10
0.3725833070866142
20
0.5382124409448819
11
0.3690631496062992
21
0.5399725196850393
0
LINE
8
BLACK
6
CONTINUOUS
10
0.3690631496062992
20
0.5399725196850393
11
0.3226507086614173
21
0.5399725196850393
0
LINE
8
BLACK
6
CONTINUOUS
10
0.3226507086614173
20
0.5399725196850393
11
0.3196979527559055
21
0.5407637007874015
0
LINE
8
BLACK
6
CONTINUOUS
10
0.3196979527559055
20
0.5407637007874015
11
0.3175363779527559
21
0.5429252755905511
0
LINE
8
BLACK
6
CONTINUOUS
10
0.3175363779527559
20
0.5429252755905511
11
0.3167451968503937
21
0.545878031496063
0
LINE
8
BLACK
6
CONTINUOUS
10
0.3167451968503937
20
0.545878031496063
11
0.3175363779527559
21
0.5488307874015748
0
LINE
8
BLACK
6
CONTINUOUS
10
0.3175363779527559
20
0.5488307874015748
11
0.3196979527559055
21
0.5509923622047244
0
LINE
8
BLACK
6
CONTINUOUS
10
0.3196979527559055
20
0.5509923622047244
11
0.3226507086614173
21
0.5517835433070866
0
LINE
8
BLACK
6
CONTINUOUS
10
0.3226507086614173
20
0.5517835433070866
11
0.3704572440944882
21
0.5517835433070866
0
LINE
8
BLACK
6
CONTINUOUS
10
0.3704572440944882
20
0.5517835433070866
11
0.3717683858267716
21
0.5514322047244095
0
LINE
8
BLACK
6
CONTINUOUS
10
0.3717683858267716
20
0.6076751968503937
11
0.3730982677165354
21
0.6074030708661418
0
LINE
8
BLACK
6
CONTINUOUS
10
0.3730982677165354
20
0.6074030708661418
11
0.3787225590551181
21
0.6045909448818898
0
LINE
8
BLACK
6
CONTINUOUS
10
0.3787225590551181
20
0.6045909448818898
11
0.379433937007874
21
0.6039600787401574
0
LINE
8
BLACK
6
CONTINUOUS
10
0.379433937007874
20
0.6039600787401574
11
0.3802573622047244
21
0.6034847244094488
0
LINE
8
BLACK
6
CONTINUOUS
10
0.3802573622047244
20
0.6034847244094488
11
0.3830695275590551
21
0.6006725590551181
0
LINE
8
BLACK
6
CONTINUOUS
10
0.3830695275590551
20
0.6006725590551181
11
0.3835448818897638
21
0.5998491338582677
0
LINE
8
BLACK
6
CONTINUOUS
10
0.3835448818897638
20
0.5998491338582677
11
0.3841757480314961
21
0.5991377559055118
0
LINE
8
BLACK
6
CONTINUOUS
10
0.3841757480314961
20
0.5991377559055118
11
0.386987874015748
21
0.5935134251968504
0
LINE
8
BLACK
6
CONTINUOUS
10
0.386987874015748
20
0.5935134251968504
11
0.3872599606299212
21
0.5921836614173228
0
LINE
8
BLACK
6
CONTINUOUS
10
0.3872599606299212
20
0.5921836614173228
11
0.3876113385826772
21
0.5908724409448819
0
LINE
8
BLACK
6
CONTINUOUS
10
0.3876113385826772
20
0.5908724409448819
11
0.3876113385826772
21
0.5796238582677166
0
LINE
8
BLACK
6
CONTINUOUS
10
0.3876113385826772
20
0.5796238582677166
11
0.3872600787401575
21
0.5783129527559056
0
LINE
8
BLACK
6
CONTINUOUS
10
0.3872600787401575
20
0.5783129527559056
11
0.3869879133858268
21
0.576982874015748
0
LINE
8
BLACK
6
CONTINUOUS
10
0.3869879133858268
20
0.576982874015748
11
0.3868733464566929
21
0.5767537401574803
0
LINE
8
BLACK
6
CONTINUOUS
10
0.3868733464566929
20
0.5767537401574803
11
0.3876113385826772
21
0.5739995275590551
0
LINE
8
BLACK
6
CONTINUOUS
10
0.3876113385826772
20
0.5739995275590551
11
0.386820157480315
21
0.5710467716535433
0
LINE
8
BLACK
6
CONTINUOUS
10
0.386820157480315
20
0.5710467716535433
11
0.3846585826771654
21
0.5688851968503937
0
LINE
8
BLACK
6
CONTINUOUS
10
0.3846585826771654
20
0.5688851968503937
11
0.3817058267716535
21
0.5680940157480315
0
LINE
8
BLACK
6
CONTINUOUS
10
0.3817058267716535
20
0.5680940157480315
11
0.3226507086614173
21
0.5680940157480315
0
LINE
8
BLACK
6
CONTINUOUS
10
0.3226507086614173
20
0.5680940157480315
11
0.3196979527559055
21
0.5688851968503937
0
LINE
8
BLACK
6
CONTINUOUS
10
0.3196979527559055
20
0.5688851968503937
11
0.3175363779527559
21
0.5710467716535433
0
LINE
8
BLACK
6
CONTINUOUS
10
0.3175363779527559
20
0.5710467716535433
11
0.3167451968503937
21
0.5739995275590551
0
LINE
8
BLACK
6
CONTINUOUS
10
0.3167451968503937
20
0.5739995275590551
11
0.3175363779527559
21
0.576952283464567
0
LINE
8
BLACK
6
CONTINUOUS
10
0.3175363779527559
20
0.576952283464567
11
0.3196979527559055
21
0.5791138582677166
0
LINE
8
BLACK
6
CONTINUOUS
10
0.3196979527559055
20
0.5791138582677166
11
0.3226507086614173
21
0.5799050393700788
0
LINE
8
BLACK
6
CONTINUOUS
10
0.3226507086614173
20
0.5799050393700788
11
0.3364302362204724
21
0.5799050393700788
0
LINE
8
BLACK
6
CONTINUOUS
10
0.3364302362204724
20
0.5799050393700788
11
0.3364302362204724
21
0.5908724409448819
0
LINE
8
BLACK
6
CONTINUOUS
10
0.3364302362204724
20
0.5908724409448819
11
0.3367815354330709
21
0.5921835039370079
0
LINE
8
BLACK
6
CONTINUOUS
10
0.3367815354330709
20
0.5921835039370079
11
0.3370537007874015
21
0.5935134645669291
0
LINE
8
BLACK
6
CONTINUOUS
10
0.3370537007874015
20
0.5935134645669291
11
0.3398658661417323
21
0.5991377559055118
0
LINE
8
BLACK
6
CONTINUOUS
10
0.3398658661417323
20
0.5991377559055118
11
0.3404966535433071
21
0.599849094488189
0
LINE
8
BLACK
6
CONTINUOUS
10
0.3404966535433071
20
0.599849094488189
11
0.3409720472440945
21
0.6006725196850393
0
LINE
8
BLACK
6
CONTINUOUS
10
0.3409720472440945
20
0.6006725196850393
11
0.3437841732283464
21
0.60348468503937
0
LINE
8
BLACK
6
CONTINUOUS
10
0.3437841732283464
20
0.60348468503937
11
0.3446075984251968
21
0.6039600787401574
0
LINE
8
BLACK
6
CONTINUOUS
10
0.3446075984251968
20
0.6039600787401574
11
0.3453190157480315
21
0.6045909448818898
0
LINE
8
BLACK
6
CONTINUOUS
10
0.3453190157480315
20
0.6045909448818898
11
0.3509433464566929
21
0.6074030708661418
0
LINE
8
BLACK
6
CONTINUOUS
10
0.3509433464566929
20
0.6074030708661418
11
0.3522730708661417
21
0.607675157480315
0
LINE
8
BLACK
6
CONTINUOUS
10
0.3522730708661417
20
0.607675157480315
11
0.3535843307086614
21
0.6080265354330708
0
LINE
8
BLACK
6
CONTINUOUS
10
0.3535843307086614
20
0.6080265354330708
11
0.3704572440944882
21
0.6080265354330708
0
LINE
8
BLACK
6
CONTINUOUS
10
0.3704572440944882
20
0.6080265354330708
11
0.3717683858267716
21
0.6076751968503937
0
LINE
8
BLACK
6
CONTINUOUS
10
0.3514582283464567
20
0.5944554330708661
11
0.3500013779527559
21
0.5929985826771653
0
LINE
8
BLACK
6
CONTINUOUS
10
0.3500013779527559
20
0.5929985826771653
11
0.3482412598425197
21
0.5894783070866142
0
LINE
8
BLACK
6
CONTINUOUS
10
0.3482412598425197
20
0.5894783070866142
11
0.3482412598425197
21
0.5810179527559055
0
LINE
8
BLACK
6
CONTINUOUS
10
0.3482412598425197
20
0.5810179527559055
11
0.3487977165354331
21
0.5799050393700788
0
LINE
8
BLACK
6
CONTINUOUS
10
0.3487977165354331
20
0.5799050393700788
11
0.3752438976377953
21
0.5799050393700788
0
LINE
8
BLACK
6
CONTINUOUS
10
0.3752438976377953
20
0.5799050393700788
11
0.3758003149606299
21
0.5810179133858268
0
LINE
8
BLACK
6
CONTINUOUS
10
0.3758003149606299
20
0.5810179133858268
11
0.3758003149606299
21
0.5894783464566929
0
LINE
8
BLACK
6
CONTINUOUS
10
0.3758003149606299
20
0.5894783464566929
11
0.3740401968503937
21
0.5929985433070866
0
LINE
8
BLACK
6
CONTINUOUS
10
0.3740401968503937
20
0.5929985433070866
11
0.3725833070866142
21
0.5944554330708661
0
LINE
8
BLACK
6
CONTINUOUS
10
0.3725833070866142
20
0.5944554330708661
11
0.3690631496062992
21
0.5962155118110236
0
LINE
8
BLACK
6
CONTINUOUS
10
0.3690631496062992
20
0.5962155118110236
11
0.3549784251968504
21
0.5962155118110236
0
LINE
8
BLACK
6
CONTINUOUS
10
0.3549784251968504
20
0.5962155118110236
11
0.3514582283464567
21
0.5944554330708661
0
LINE
8
BLACK
6
CONTINUOUS
10
1.5604924015748032
20
0.6577034251968504
11
1.5618223622047245
21
0.6574312992125985
0
LINE
8
BLACK
6
CONTINUOUS
10
1.5618223622047245
20
0.6574312992125985
11
1.5674466535433071
21
0.6546191338582678
0
LINE
8
BLACK
6
CONTINUOUS
10
1.5674466535433071
20
0.6546191338582678
11
1.5697338582677165
21
0.6525909448818897
0
LINE
8
BLACK
6
CONTINUOUS
10
1.5697338582677165
20
0.6525909448818897
11
1.5707005511811023
21
0.649690905511811
0
LINE
8
BLACK
6
CONTINUOUS
10
1.5707005511811023
20
0.649690905511811
11
1.5700876771653542
21
0.646696062992126
0
LINE
8
BLACK
6
CONTINUOUS
10
1.5700876771653542
20
0.646696062992126
11
1.5680594881889764
21
0.6444088582677165
0
LINE
8
BLACK
6
CONTINUOUS
10
1.5680594881889764
20
0.6444088582677165
11
1.5651594488188976
21
0.6434421653543307
0
LINE
8
BLACK
6
CONTINUOUS
10
1.5651594488188976
20
0.6434421653543307
11
1.5621645669291337
21
0.6440550393700787
0
LINE
8
BLACK
6
CONTINUOUS
10
1.5621645669291337
20
0.6440550393700787
11
1.5577872440944882
21
0.6462437401574803
0
LINE
8
BLACK
6
CONTINUOUS
10
1.5577872440944882
20
0.6462437401574803
11
1.5517032677165354
21
0.6462437401574803
0
LINE
8
BLACK
6
CONTINUOUS
10
1.5517032677165354
20
0.6462437401574803
11
1.5454984645669292
21
0.6441754724409449
0
LINE
8
BLACK
6
CONTINUOUS
10
1.5454984645669292
20
0.6441754724409449
11
1.5415375984251969
21
0.6402146062992126
0
LINE
8
BLACK
6
CONTINUOUS
10
1.5415375984251969
20
0.6402146062992126
11
1.5394438582677166
21
0.6360272047244094
0
LINE
8
BLACK
6
CONTINUOUS
10
1.5394438582677166
20
0.6360272047244094
11
1.5369653543307087
21
0.6261129921259843
0
LINE
8
BLACK
6
CONTINUOUS
10
1.5369653543307087
20
0.6261129921259843
11
1.5369653543307087
21
0.6191303543307086
0
LINE
8
BLACK
6
CONTINUOUS
10
1.5369653543307087
20
0.6191303543307086
11
1.5394438582677166
21
0.6092161417322834
0
LINE
8
BLACK
6
CONTINUOUS
10
1.5394438582677166
20
0.6092161417322834
11
1.5415375984251969
21
0.6050287401574803
0
LINE
8
BLACK
6
CONTINUOUS
10
1.5415375984251969
20
0.6050287401574803
11
1.5454984645669292
21
0.601067874015748
0
LINE
8
BLACK
6
CONTINUOUS
10
1.5454984645669292
20
0.601067874015748
11
1.5517032677165354
21
0.5989996456692913
0
LINE
8
BLACK
6
CONTINUOUS
10
1.5517032677165354
20
0.5989996456692913
11
1.555410905511811
21
0.5989996456692913
0
LINE
8
BLACK
6
CONTINUOUS
10
1.555410905511811
20
0.5989996456692913
11
1.5616155511811023
21
0.601067874015748
0
LINE
8
BLACK
6
CONTINUOUS
10
1.5616155511811023
20
0.601067874015748
11
1.5617122440944882
21
0.6011645669291339
0
LINE
8
BLACK
6
CONTINUOUS
10
1.5617122440944882
20
0.6011645669291339
11
1.5617122440944882
21
0.6124979527559055
0
LINE
8
BLACK
6
CONTINUOUS
10
1.5617122440944882
20
0.6124979527559055
11
1.5563691732283464
21
0.6124979527559055
0
LINE
8
BLACK
6
CONTINUOUS
10
1.5563691732283464
20
0.6124979527559055
11
1.5534164173228346
21
0.6132891338582677
0
LINE
8
BLACK
6
CONTINUOUS
10
1.5534164173228346
20
0.6132891338582677
11
1.551254842519685
21
0.6154507086614173
0
LINE
8
BLACK
6
CONTINUOUS
10
1.551254842519685
20
0.6154507086614173
11
1.5504636614173228
21
0.6184034645669291
0
LINE
8
BLACK
6
CONTINUOUS
10
1.5504636614173228
20
0.6184034645669291
11
1.551254842519685
21
0.6213562204724409
0
LINE
8
BLACK
6
CONTINUOUS
10
1.551254842519685
20
0.6213562204724409
11
1.5534164173228346
21
0.6235177952755906
0
LINE
8
BLACK
6
CONTINUOUS
10
1.5534164173228346
20
0.6235177952755906
11
1.5563691732283464
21
0.6243089763779528
0
LINE
8
BLACK
6
CONTINUOUS
10
1.5563691732283464
20
0.6243089763779528
11
1.5676177559055118
21
0.6243089763779528
0
LINE
8
BLACK
6
CONTINUOUS
10
1.5676177559055118
20
0.6243089763779528
11
1.5705705118110236
21
0.6235177952755906
0
LINE
8
BLACK
6
CONTINUOUS
10
1.5705705118110236
20
0.6235177952755906
11
1.5727320866141732
21
0.6213562204724409
0
LINE
8
BLACK
6
CONTINUOUS
10
1.5727320866141732
20
0.6213562204724409
11
1.5735232677165354
21
0.6184034645669291
0
LINE
8
BLACK
6
CONTINUOUS
10
1.5735232677165354
20
0.6184034645669291
11
1.5735232677165354
21
0.5987184251968504
0
LINE
8
BLACK
6
CONTINUOUS
10
1.5735232677165354
20
0.5987184251968504
11
1.5733220472440945
21
0.5979674409448819
0
LINE
8
BLACK
6
CONTINUOUS
10
1.5733220472440945
20
0.5979674409448819
11
1.5733220472440945
21
0.5971899606299212
0
LINE
8
BLACK
6
CONTINUOUS
10
1.5733220472440945
20
0.5971899606299212
11
1.5729333070866141
21
0.5965166141732283
0
LINE
8
BLACK
6
CONTINUOUS
10
1.5729333070866141
20
0.5965166141732283
11
1.5727320866141732
21
0.5957656692913386
0
LINE
8
BLACK
6
CONTINUOUS
10
1.5727320866141732
20
0.5957656692913386
11
1.5721822834645669
21
0.5952158661417323
0
LINE
8
BLACK
6
CONTINUOUS
10
1.5721822834645669
20
0.5952158661417323
11
1.5717935826771654
21
0.5945425984251969
0
LINE
8
BLACK
6
CONTINUOUS
10
1.5717935826771654
20
0.5945425984251969
11
1.5689814566929134
21
0.5917304724409449
0
LINE
8
BLACK
6
CONTINUOUS
10
1.5689814566929134
20
0.5917304724409449
11
1.5678059842519685
21
0.591051811023622
0
LINE
8
BLACK
6
CONTINUOUS
10
1.5678059842519685
20
0.591051811023622
11
1.5666731102362204
21
0.5903038188976378
0
LINE
8
BLACK
6
CONTINUOUS
10
1.5666731102362204
20
0.5903038188976378
11
1.558236653543307
21
0.5874916929133858
0
LINE
8
BLACK
6
CONTINUOUS
10
1.558236653543307
20
0.5874916929133858
11
1.5572875984251968
21
0.58743468503937
0
LINE
8
BLACK
6
CONTINUOUS
10
1.5572875984251968
20
0.58743468503937
11
1.5563691732283464
21
0.5871886220472441
0
LINE
8
BLACK
6
CONTINUOUS
10
1.5563691732283464
20
0.5871886220472441
11
1.5507448818897638
21
0.5871886220472441
0
LINE
8
BLACK
6
CONTINUOUS
10
1.5507448818897638
20
0.5871886220472441
11
1.5498264173228347
21
0.58743468503937
0
LINE
8
BLACK
6
CONTINUOUS
10
1.5498264173228347
20
0.58743468503937
11
1.5488773622047243
21
0.5874916929133858
0
LINE
8
BLACK
6
CONTINUOUS
10
1.5488773622047243
20
0.5874916929133858
11
1.5404409448818897
21
0.5903038582677165
0
LINE
8
BLACK
6
CONTINUOUS
10
1.5404409448818897
20
0.5903038582677165
11
1.5393081496062992
21
0.5910517322834645
0
LINE
8
BLACK
6
CONTINUOUS
10
1.5393081496062992
20
0.5910517322834645
11
1.5381325984251968
21
0.5917304724409449
0
LINE
8
BLACK
6
CONTINUOUS
10
1.5381325984251968
20
0.5917304724409449
11
1.5325083070866141
21
0.5973547637795276
0
LINE
8
BLACK
6
CONTINUOUS
10
1.5325083070866141
20
0.5973547637795276
11
1.5320328740157481
21
0.598178188976378
0
LINE
8
BLACK
6
CONTINUOUS
10
1.5320328740157481
20
0.598178188976378
11
1.5314020866141731
21
0.5988895669291339
0
LINE
8
BLACK
6
CONTINUOUS
10
1.5314020866141731
20
0.5988895669291339
11
1.5285899212598424
21
0.6045138582677165
0
LINE
8
BLACK
6
CONTINUOUS
10
1.5285899212598424
20
0.6045138582677165
11
1.5284591732283463
21
0.6051525984251969
0
LINE
8
BLACK
6
CONTINUOUS
10
1.5284591732283463
20
0.6051525984251969
11
1.5281427952755906
21
0.6057225984251968
0
LINE
8
BLACK
6
CONTINUOUS
10
1.5281427952755906
20
0.6057225984251968
11
1.5253306692913386
21
0.6169711811023622
0
LINE
8
BLACK
6
CONTINUOUS
10
1.5253306692913386
20
0.6169711811023622
11
1.5253429133858267
21
0.6176996062992126
0
LINE
8
BLACK
6
CONTINUOUS
10
1.5253429133858267
20
0.6176996062992126
11
1.5251543307086615
21
0.6184034645669291
0
LINE
8
BLACK
6
CONTINUOUS
10
1.5251543307086615
20
0.6184034645669291
11
1.5251543307086615
21
0.6268399212598426
0
LINE
8
BLACK
6
CONTINUOUS
10
1.5251543307086615
20
0.6268399212598426
11
1.5253429133858267
21
0.6275437401574803
0
LINE
8
BLACK
6
CONTINUOUS
10
1.5253429133858267
20
0.6275437401574803
11
1.5253306692913386
21
0.6282722047244095
0
LINE
8
BLACK
6
CONTINUOUS
10
1.5253306692913386
20
0.6282722047244095
11
1.5281427952755906
21
0.6395207874015748
0
LINE
8
BLACK
6
CONTINUOUS
10
1.5281427952755906
20
0.6395207874015748
11
1.5284591732283463
21
0.640090748031496
0
LINE
8
BLACK
6
CONTINUOUS
10
1.5284591732283463
20
0.640090748031496
11
1.5285899212598424
21
0.6407295275590551
0
LINE
8
BLACK
6
CONTINUOUS
10
1.5285899212598424
20
0.6407295275590551
11
1.5314020866141731
21
0.6463538188976378
0
LINE
8
BLACK
6
CONTINUOUS
10
1.5314020866141731
20
0.6463538188976378
11
1.5320328740157481
21
0.6470651574803149
0
LINE
8
BLACK
6
CONTINUOUS
10
1.5320328740157481
20
0.6470651574803149
11
1.5325083070866141
21
0.6478886220472441
0
LINE
8
BLACK
6
CONTINUOUS
10
1.5325083070866141
20
0.6478886220472441
11
1.5381325984251968
21
0.6535129133858267
0
LINE
8
BLACK
6
CONTINUOUS
10
1.5381325984251968
20
0.6535129133858267
11
1.5393081496062992
21
0.6541916141732284
0
LINE
8
BLACK
6
CONTINUOUS
10
1.5393081496062992
20
0.6541916141732284
11
1.5404409448818897
21
0.6549395275590552
0
LINE
8
BLACK
6
CONTINUOUS
10
1.5404409448818897
20
0.6549395275590552
11
1.5488773622047243
21
0.6577516929133859
0
LINE
8
BLACK
6
CONTINUOUS
10
1.5488773622047243
20
0.6577516929133859
11
1.5498264173228347
21
0.6578086614173229
0
LINE
8
BLACK
6
CONTINUOUS
10
1.5498264173228347
20
0.6578086614173229
11
1.5507448818897638
21
0.6580547637795275
0
LINE
8
BLACK
6
CONTINUOUS
10
1.5507448818897638
20
0.6580547637795275
11
1.5591813385826772
21
0.6580547637795275
0
LINE
8
BLACK
6
CONTINUOUS
10
1.5591813385826772
20
0.6580547637795275
11
1.5604924015748032
21
0.6577034251968504
0
LINE
8
BLACK
6
CONTINUOUS
10
1.6296256299212597
20
0.6572635826771653
11
1.6317872047244093
21
0.6551020078740157
0
LINE
8
BLACK
6
CONTINUOUS
10
1.6317872047244093
20
0.6551020078740157
11
1.6325783858267715
21
0.6521492519685039
0
LINE
8
BLACK
6
CONTINUOUS
10
1.6325783858267715
20
0.6521492519685039
11
1.6325783858267715
21
0.5930941338582677
0
LINE
8
BLACK
6
CONTINUOUS
10
1.6325783858267715
20
0.5930941338582677
11
1.6325748425196851
21
0.5930810236220472
0
LINE
8
BLACK
6
CONTINUOUS
10
1.6325748425196851
20
0.5930810236220472
11
1.632578346456693
21
0.5930678346456693
0
LINE
8
BLACK
6
CONTINUOUS
10
1.632578346456693
20
0.5930678346456693
11
1.6321785433070866
21
0.5916020078740157
0
LINE
8
BLACK
6
CONTINUOUS
10
1.6321785433070866
20
0.5916020078740157
11
1.6317872047244093
21
0.5901413779527559
0
LINE
8
BLACK
6
CONTINUOUS
10
1.6317872047244093
20
0.5901413779527559
11
1.6317775984251968
21
0.5901317716535432
0
LINE
8
BLACK
6
CONTINUOUS
10
1.6317775984251968
20
0.5901317716535432
11
1.6317740157480314
21
0.5901186220472441
0
LINE
8
BLACK
6
CONTINUOUS
10
1.6317740157480314
20
0.5901186220472441
11
1.6306950787401575
21
0.5890492519685039
0
LINE
8
BLACK
6
CONTINUOUS
10
1.6306950787401575
20
0.5890492519685039
11
1.6296256299212597
21
0.5879798031496063
0
LINE
8
BLACK
6
CONTINUOUS
10
1.6296256299212597
20
0.5879798031496063
11
1.6296124803149605
21
0.5879762598425197
0
LINE
8
BLACK
6
CONTINUOUS
10
1.6296124803149605
20
0.5879762598425197
11
1.6296028346456692
21
0.5879666929133858
0
LINE
8
BLACK
6
CONTINUOUS
10
1.6296028346456692
20
0.5879666929133858
11
1.6281334645669292
21
0.5875799606299212
0
LINE
8
BLACK
6
CONTINUOUS
10
1.6281334645669292
20
0.5875799606299212
11
1.6266728740157479
21
0.5871886220472441
0
LINE
8
BLACK
6
CONTINUOUS
10
1.6266728740157479
20
0.5871886220472441
11
1.6266597637795275
21
0.587192125984252
0
LINE
8
BLACK
6
CONTINUOUS
10
1.6266597637795275
20
0.587192125984252
11
1.6266465748031496
21
0.5871886614173228
0
LINE
8
BLACK
6
CONTINUOUS
10
1.6266465748031496
20
0.5871886614173228
11
1.6251807480314959
21
0.5875884251968504
0
LINE
8
BLACK
6
CONTINUOUS
10
1.6251807480314959
20
0.5875884251968504
11
1.6237201181102361
21
0.5879798031496063
0
LINE
8
BLACK
6
CONTINUOUS
10
1.6237201181102361
20
0.5879798031496063
11
1.6237105118110235
21
0.5879893700787402
0
LINE
8
BLACK
6
CONTINUOUS
10
1.6237105118110235
20
0.5879893700787402
11
1.6236973622047244
21
0.5879929921259842
0
LINE
8
BLACK
6
CONTINUOUS
10
1.6236973622047244
20
0.5879929921259842
11
1.6226301968503936
21
0.5890696850393701
0
LINE
8
BLACK
6
CONTINUOUS
10
1.6226301968503936
20
0.5890696850393701
11
1.6215585433070865
21
0.5901413779527559
0
LINE
8
BLACK
6
CONTINUOUS
10
1.6215585433070865
20
0.5901413779527559
11
1.6215549999999999
21
0.5901545275590551
0
LINE
8
BLACK
6
CONTINUOUS
10
1.6215549999999999
20
0.5901545275590551
11
1.6215454724409448
21
0.5901641732283465
0
LINE
8
BLACK
6
CONTINUOUS
10
1.6215454724409448
20
0.5901641732283465
11
1.5988325984251968
21
0.6299116929133858
0
LINE
8
BLACK
6
CONTINUOUS
10
1.5988325984251968
20
0.6299116929133858
11
1.5988325984251968
21
0.5930941338582677
0
LINE
8
BLACK
6
CONTINUOUS
10
1.5988325984251968
20
0.5930941338582677
11
1.5980414173228346
21
0.5901413779527559
0
LINE
8
BLACK
6
CONTINUOUS
10
1.5980414173228346
20
0.5901413779527559
11
1.595879842519685
21
0.5879798031496063
0
LINE
8
BLACK
6
CONTINUOUS
10
1.595879842519685
20
0.5879798031496063
11
1.5929270866141731
21
0.5871886220472441
0
LINE
8
BLACK
6
CONTINUOUS
10
1.5929270866141731
20
0.5871886220472441
11
1.5899743307086613
21
0.5879798031496063
0
LINE
8
BLACK
6
CONTINUOUS
10
1.5899743307086613
20
0.5879798031496063
11
1.5878127559055117
21
0.5901413779527559
0
LINE
8
BLACK
6
CONTINUOUS
10
1.5878127559055117
20
0.5901413779527559
11
1.5870215748031495
21
0.5930941338582677
0
LINE
8
BLACK
6
CONTINUOUS
10
1.5870215748031495
20
0.5930941338582677
11
1.5870215748031495
21
0.6521492519685039
0
LINE
8
BLACK
6
CONTINUOUS
10
1.5870215748031495
20
0.6521492519685039
11
1.5870250787401574
21
0.6521623228346457
0
LINE
8
BLACK
6
CONTINUOUS
10
1.5870250787401574
20
0.6521623228346457
11
1.5870216141732283
21
0.6521755511811024
0
LINE
8
BLACK
6
CONTINUOUS
10
1.5870216141732283
20
0.6521755511811024
11
1.587421377952756
21
0.6536413385826771
0
LINE
8
BLACK
6
CONTINUOUS
10
1.587421377952756
20
0.6536413385826771
11
1.5878127559055117
21
0.6551020078740157
0
LINE
8
BLACK
6
CONTINUOUS
10
1.5878127559055117
20
0.6551020078740157
11
1.5878223228346455
21
0.6551115748031496
0
LINE
8
BLACK
6
CONTINUOUS
10
1.5878223228346455
20
0.6551115748031496
11
1.5878259448818897
21
0.6551247637795276
0
LINE
8
BLACK
6
CONTINUOUS
10
1.5878259448818897
20
0.6551247637795276
11
1.5889026377952755
21
0.6561918897637795
0
LINE
8
BLACK
6
CONTINUOUS
10
1.5889026377952755
20
0.6561918897637795
11
1.5899743307086613
21
0.6572635826771653
0
LINE
8
BLACK
6
CONTINUOUS
10
1.5899743307086613
20
0.6572635826771653
11
1.5899874803149605
21
0.6572670866141732
0
LINE
8
BLACK
6
CONTINUOUS
10
1.5899874803149605
20
0.6572670866141732
11
1.589997125984252
21
0.6572766535433071
0
LINE
8
BLACK
6
CONTINUOUS
10
1.589997125984252
20
0.6572766535433071
11
1.5914622834645669
21
0.6576622440944881
0
LINE
8
BLACK
6
CONTINUOUS
10
1.5914622834645669
20
0.6576622440944881
11
1.5929270866141731
21
0.6580547637795275
0
LINE
8
BLACK
6
CONTINUOUS
10
1.5929270866141731
20
0.6580547637795275
11
1.592940157480315
21
0.6580512204724409
0
LINE
8
BLACK
6
CONTINUOUS
10
1.592940157480315
20
0.6580512204724409
11
1.5929533858267717
21
0.6580547244094488
0
LINE
8
BLACK
6
CONTINUOUS
10
1.5929533858267717
20
0.6580547244094488
11
1.5944191732283464
21
0.6576549212598425
0
LINE
8
BLACK
6
CONTINUOUS
10
1.5944191732283464
20
0.6576549212598425
11
1.595879842519685
21
0.6572635826771653
0
LINE
8
BLACK
6
CONTINUOUS
10
1.595879842519685
20
0.6572635826771653
11
1.595889409448819
21
0.6572539763779527
0
LINE
8
BLACK
6
CONTINUOUS
10
1.595889409448819
20
0.6572539763779527
11
1.5959025984251969
21
0.6572503937007874
0
LINE
8
BLACK
6
CONTINUOUS
10
1.5959025984251969
20
0.6572503937007874
11
1.5969697244094487
21
0.6561736614173228
0
LINE
8
BLACK
6
CONTINUOUS
10
1.5969697244094487
20
0.6561736614173228
11
1.5980414173228346
21
0.6551020078740157
0
LINE
8
BLACK
6
CONTINUOUS
10
1.5980414173228346
20
0.6551020078740157
11
1.5980449212598424
21
0.6550888188976378
0
LINE
8
BLACK
6
CONTINUOUS
10
1.5980449212598424
20
0.6550888188976378
11
1.5980544881889764
21
0.6550792125984252
0
LINE
8
BLACK
6
CONTINUOUS
10
1.5980544881889764
20
0.6550792125984252
11
1.6207673622047243
21
0.6153317322834646
0
LINE
8
BLACK
6
CONTINUOUS
10
1.6207673622047243
20
0.6153317322834646
11
1.6207673622047243
21
0.6521492519685039
0
LINE
8
BLACK
6
CONTINUOUS
10
1.6207673622047243
20
0.6521492519685039
11
1.6215585433070865
21
0.6551020078740157
0
LINE
8
BLACK
6
CONTINUOUS
10
1.6215585433070865
20
0.6551020078740157
11
1.6237201181102361
21
0.6572635826771653
0
LINE
8
BLACK
6
CONTINUOUS
10
1.6237201181102361
20
0.6572635826771653
11
1.6266728740157479
21
0.6580547637795275
0
LINE
8
BLACK
6
CONTINUOUS
10
1.6266728740157479
20
0.6580547637795275
11
1.6296256299212597
21
0.6572635826771653
0
LINE
8
BLACK
6
CONTINUOUS
10
1.6697735433070866
20
0.6578086614173229
11
1.6707225984251968
21
0.6577516929133859
0
LINE
8
BLACK
6
CONTINUOUS
10
1.6707225984251968
20
0.6577516929133859
11
1.6791590551181101
21
0.6549395669291338
0
LINE
8
BLACK
6
CONTINUOUS
10
1.6791590551181101
20
0.6549395669291338
11
1.6802919291338583
21
0.6541915354330708
0
LINE
8
BLACK
6
CONTINUOUS
10
1.6802919291338583
20
0.6541915354330708
11
1.681467401574803
21
0.6535129133858267
0
LINE
8
BLACK
6
CONTINUOUS
10
1.681467401574803
20
0.6535129133858267
11
1.6870916929133859
21
0.6478886220472441
0
LINE
8
BLACK
6
CONTINUOUS
10
1.6870916929133859
20
0.6478886220472441
11
1.6875670866141732
21
0.6470651574803149
0
LINE
8
BLACK
6
CONTINUOUS
10
1.6875670866141732
20
0.6470651574803149
11
1.6881979133858267
21
0.6463538188976378
0
LINE
8
BLACK
6
CONTINUOUS
10
1.6881979133858267
20
0.6463538188976378
11
1.6910100787401574
21
0.6407295669291339
0
LINE
8
BLACK
6
CONTINUOUS
10
1.6910100787401574
20
0.6407295669291339
11
1.6911407874015747
21
0.6400907086614173
0
LINE
8
BLACK
6
CONTINUOUS
10
1.6911407874015747
20
0.6400907086614173
11
1.6914572047244094
21
0.6395207874015748
0
LINE
8
BLACK
6
CONTINUOUS
10
1.6914572047244094
20
0.6395207874015748
11
1.6942693307086614
21
0.6282722047244095
0
LINE
8
BLACK
6
CONTINUOUS
10
1.6942693307086614
20
0.6282722047244095
11
1.6942570472440945
21
0.6275437401574803
0
LINE
8
BLACK
6
CONTINUOUS
10
1.6942570472440945
20
0.6275437401574803
11
1.6944456692913386
21
0.6268399212598426
0
LINE
8
BLACK
6
CONTINUOUS
10
1.6944456692913386
20
0.6268399212598426
11
1.6944456692913386
21
0.6184034645669291
0
LINE
8
BLACK
6
CONTINUOUS
10
1.6944456692913386
20
0.6184034645669291
11
1.6942570472440945
21
0.6176996062992126
0
LINE
8
BLACK
6
CONTINUOUS
10
1.6942570472440945
20
0.6176996062992126
11
1.6942693307086614
21
0.6169711811023622
0
LINE
8
BLACK
6
CONTINUOUS
10
1.6942693307086614
20
0.6169711811023622
11
1.6914572047244094
21
0.6057225984251968
0
LINE
8
BLACK
6
CONTINUOUS
10
1.6914572047244094
20
0.6057225984251968
11
1.6911407874015747
21
0.6051526377952756
0
LINE
8
BLACK
6
CONTINUOUS
10
1.6911407874015747
20
0.6051526377952756
11
1.6910100787401574
21
0.6045138188976378
0
LINE
8
BLACK
6
CONTINUOUS
10
1.6910100787401574
20
0.6045138188976378
11
1.6881979133858267
21
0.5988895669291339
0
LINE
8
BLACK
6
CONTINUOUS
10
1.6881979133858267
20
0.5988895669291339
11
1.6875670866141732
21
0.598178188976378
0
LINE
8
BLACK
6
CONTINUOUS
10
1.6875670866141732
20
0.598178188976378
11
1.6870916929133859
21
0.5973547637795276
0
LINE
8
BLACK
6
CONTINUOUS
10
1.6870916929133859
20
0.5973547637795276
11
1.681467401574803
21
0.5917304724409449
0
LINE
8
BLACK
6
CONTINUOUS
10
1.681467401574803
20
0.5917304724409449
11
1.6802919291338583
21
0.591051811023622
0
LINE
8
BLACK
6
CONTINUOUS
10
1.6802919291338583
20
0.591051811023622
11
1.6791590551181101
21
0.5903038188976378
0
LINE
8
BLACK
6
CONTINUOUS
10
1.6791590551181101
20
0.5903038188976378
11
1.6707225984251968
21
0.5874916929133858
0
LINE
8
BLACK
6
CONTINUOUS
10
1.6707225984251968
20
0.5874916929133858
11
1.6697735433070866
21
0.58743468503937
0
LINE
8
BLACK
6
CONTINUOUS
10
1.6697735433070866
20
0.58743468503937
11
1.6688551181102362
21
0.5871886220472441
0
LINE
8
BLACK
6
CONTINUOUS
10
1.6688551181102362
20
0.5871886220472441
11
1.6547943700787402
21
0.5871886220472441
0
LINE
8
BLACK
6
CONTINUOUS
10
1.6547943700787402
20
0.5871886220472441
11
1.6518416141732284
21
0.5879798031496063
0
LINE
8
BLACK
6
CONTINUOUS
10
1.6518416141732284
20
0.5879798031496063
11
1.6496800393700788
21
0.5901413779527559
0
LINE
8
BLACK
6
CONTINUOUS
10
1.6496800393700788
20
0.5901413779527559
11
1.6488888582677166
21
0.5930941338582677
0
LINE
8
BLACK
6
CONTINUOUS
10
1.6488888582677166
20
0.5930941338582677
11
1.6488888582677166
21
0.6521492519685039
0
LINE
8
BLACK
6
CONTINUOUS
10
1.6488888582677166
20
0.6521492519685039
11
1.6496800393700788
21
0.6551020078740157
0
LINE
8
BLACK
6
CONTINUOUS
10
1.6496800393700788
20
0.6551020078740157
11
1.6518416141732284
21
0.6572635826771653
0
LINE
8
BLACK
6
CONTINUOUS
10
1.6518416141732284
20
0.6572635826771653
11
1.6547943700787402
21
0.6580547637795275
0
LINE
8
BLACK
6
CONTINUOUS
10
1.6547943700787402
20
0.6580547637795275
11
1.6688551181102362
21
0.6580547637795275
0
LINE
8
BLACK
6
CONTINUOUS
10
1.6688551181102362
20
0.6580547637795275
11
1.6697735433070866
21
0.6578086614173229
0
LINE
8
BLACK
6
CONTINUOUS
10
1.6606998818897638
20
0.5989996456692913
11
1.6678968503937008
21
0.5989996456692913
0
LINE
8
BLACK
6
CONTINUOUS
10
1.6678968503937008
20
0.5989996456692913
11
1.6741014960629921
21
0.601067874015748
0
LINE
8
BLACK
6
CONTINUOUS
10
1.6741014960629921
20
0.601067874015748
11
1.6780624015748031
21
0.6050287795275591
0
LINE
8
BLACK
6
CONTINUOUS
10
1.6780624015748031
20
0.6050287795275591
11
1.6801560629921259
21
0.6092161417322834
0
LINE
8
BLACK
6
CONTINUOUS
10
1.6801560629921259
20
0.6092161417322834
11
1.6826346456692913
21
0.6191303543307086
0
LINE
8
BLACK
6
CONTINUOUS
10
1.6826346456692913
20
0.6191303543307086
11
1.6826346456692913
21
0.6261129921259843
0
LINE
8
BLACK
6
CONTINUOUS
10
1.6826346456692913
20
0.6261129921259843
11
1.6801560629921259
21
0.6360272047244094
0
LINE
8
BLACK
6
CONTINUOUS
10
1.6801560629921259
20
0.6360272047244094
11
1.6780624015748031
21
0.6402145669291338
0
LINE
8
BLACK
6
CONTINUOUS
10
1.6780624015748031
20
0.6402145669291338
11
1.6741014960629921
21
0.6441754724409449
0
LINE
8
BLACK
6
CONTINUOUS
10
1.6741014960629921
20
0.6441754724409449
11
1.6678968503937008
21
0.6462437401574803
0
LINE
8
BLACK
6
CONTINUOUS
10
1.6678968503937008
20
0.6462437401574803
11
1.6606998818897638
21
0.6462437401574803
0
LINE
8
BLACK
6
CONTINUOUS
10
1.6606998818897638
20
0.6462437401574803
11
1.6606998818897638
21
0.5989996456692913
0
LINE
8
BLACK
6
CONTINUOUS
10
1.0254064566929133
20
0.6775034251968504
11
1.0267364173228346
21
0.6772312992125984
0
LINE
8
BLACK
6
CONTINUOUS
10
1.0267364173228346
20
0.6772312992125984
11
1.0323607086614173
21
0.6744191338582677
0
LINE
8
BLACK
6
CONTINUOUS
10
1.0323607086614173
20
0.6744191338582677
11
1.0330720472440944
21
0.6737883070866142
0
LINE
8
BLACK
6
CONTINUOUS
10
1.0330720472440944
20
0.6737883070866142
11
1.0338954724409448
21
0.6733129527559055
0
LINE
8
BLACK
6
CONTINUOUS
10
1.0338954724409448
20
0.6733129527559055
11
1.0367076377952755
21
0.6705008267716536
0
LINE
8
BLACK
6
CONTINUOUS
10
1.0367076377952755
20
0.6705008267716536
11
1.0371830314960631
21
0.6696773622047244
0
LINE
8
BLACK
6
CONTINUOUS
10
1.0371830314960631
20
0.6696773622047244
11
1.0378138976377953
21
0.6689659842519685
0
LINE
8
BLACK
6
CONTINUOUS
10
1.0378138976377953
20
0.6689659842519685
11
1.0406260236220473
21
0.6633416535433071
0
LINE
8
BLACK
6
CONTINUOUS
10
1.0406260236220473
20
0.6633416535433071
11
1.0408981102362205
21
0.6620118897637796
0
LINE
8
BLACK
6
CONTINUOUS
10
1.0408981102362205
20
0.6620118897637796
11
1.0412494881889764
21
0.6607006692913385
0
LINE
8
BLACK
6
CONTINUOUS
10
1.0412494881889764
20
0.6607006692913385
11
1.0412494881889764
21
0.6522642125984252
0
LINE
8
BLACK
6
CONTINUOUS
10
1.0412494881889764
20
0.6522642125984252
11
1.0408981102362205
21
0.6509529527559055
0
LINE
8
BLACK
6
CONTINUOUS
10
1.0408981102362205
20
0.6509529527559055
11
1.0406260236220473
21
0.6496232283464567
0
LINE
8
BLACK
6
CONTINUOUS
10
1.0406260236220473
20
0.6496232283464567
11
1.0378138976377953
21
0.6439988976377953
0
LINE
8
BLACK
6
CONTINUOUS
10
1.0378138976377953
20
0.6439988976377953
11
1.0371830314960631
21
0.6432874803149606
0
LINE
8
BLACK
6
CONTINUOUS
10
1.0371830314960631
20
0.6432874803149606
11
1.0367076771653543
21
0.642464094488189
0
LINE
8
BLACK
6
CONTINUOUS
10
1.0367076771653543
20
0.642464094488189
11
1.0338955118110236
21
0.6396519291338583
0
LINE
8
BLACK
6
CONTINUOUS
10
1.0338955118110236
20
0.6396519291338583
11
1.0330720866141732
21
0.6391765354330708
0
LINE
8
BLACK
6
CONTINUOUS
10
1.0330720866141732
20
0.6391765354330708
11
1.0323607086614173
21
0.6385457086614174
0
LINE
8
BLACK
6
CONTINUOUS
10
1.0323607086614173
20
0.6385457086614174
11
1.0267364173228346
21
0.6357335826771653
0
LINE
8
BLACK
6
CONTINUOUS
10
1.0267364173228346
20
0.6357335826771653
11
1.0254065354330708
21
0.6354614173228347
0
LINE
8
BLACK
6
CONTINUOUS
10
1.0254065354330708
20
0.6354614173228347
11
1.0240953937007873
21
0.6351101181102362
0
LINE
8
BLACK
6
CONTINUOUS
10
1.0240953937007873
20
0.6351101181102362
11
1.0075037007874015
21
0.6351101181102362
0
LINE
8
BLACK
6
CONTINUOUS
10
1.0075037007874015
20
0.6351101181102362
11
1.0075037007874015
21
0.6128941338582677
0
LINE
8
BLACK
6
CONTINUOUS
10
1.0075037007874015
20
0.6128941338582677
11
1.0067125196850393
21
0.6099413779527559
0
LINE
8
BLACK
6
CONTINUOUS
10
1.0067125196850393
20
0.6099413779527559
11
1.0045509448818897
21
0.6077798031496063
0
LINE
8
BLACK
6
CONTINUOUS
10
1.0045509448818897
20
0.6077798031496063
11
1.0015981889763779
21
0.6069886220472441
0
LINE
8
BLACK
6
CONTINUOUS
10
1.0015981889763779
20
0.6069886220472441
11
0.9986454330708662
21
0.6077798031496063
0
LINE
8
BLACK
6
CONTINUOUS
10
0.9986454330708662
20
0.6077798031496063
11
0.9964838582677165
21
0.6099413779527559
0
LINE
8
BLACK
6
CONTINUOUS
10
0.9964838582677165
20
0.6099413779527559
11
0.9956926771653543
21
0.6128941338582677
0
LINE
8
BLACK
6
CONTINUOUS
10
0.9956926771653543
20
0.6128941338582677
11
0.9956926771653543
21
0.671949251968504
0
LINE
8
BLACK
6
CONTINUOUS
10
0.9956926771653543
20
0.671949251968504
11
0.9964838582677165
21
0.6749020078740158
0
LINE
8
BLACK
6
CONTINUOUS
10
0.9964838582677165
20
0.6749020078740158
11
0.9986454330708662
21
0.6770635826771654
0
LINE
8
BLACK
6
CONTINUOUS
10
0.9986454330708662
20
0.6770635826771654
11
1.0015981889763779
21
0.6778547637795276
0
LINE
8
BLACK
6
CONTINUOUS
10
1.0015981889763779
20
0.6778547637795276
11
1.0240953937007873
21
0.6778547637795276
0
LINE
8
BLACK
6
CONTINUOUS
10
1.0240953937007873
20
0.6778547637795276
11
1.0254064566929133
21
0.6775034251968504
0
LINE
8
BLACK
6
CONTINUOUS
10
1.0075037007874015
20
0.6469211417322834
11
1.0227012992125983
21
0.6469211417322834
0
LINE
8
BLACK
6
CONTINUOUS
10
1.0227012992125983
20
0.6469211417322834
11
1.0262214566929133
21
0.6486811811023622
0
LINE
8
BLACK
6
CONTINUOUS
10
1.0262214566929133
20
0.6486811811023622
11
1.027678346456693
21
0.6501380708661417
0
LINE
8
BLACK
6
CONTINUOUS
10
1.027678346456693
20
0.6501380708661417
11
1.029438464566929
21
0.6536582677165355
0
LINE
8
BLACK
6
CONTINUOUS
10
1.029438464566929
20
0.6536582677165355
11
1.029438464566929
21
0.6593065748031496
0
LINE
8
BLACK
6
CONTINUOUS
10
1.029438464566929
20
0.6593065748031496
11
1.0276783858267717
21
0.6628267322834646
0
LINE
8
BLACK
6
CONTINUOUS
10
1.0276783858267717
20
0.6628267322834646
11
1.0262215354330708
21
0.6642835826771654
0
LINE
8
BLACK
6
CONTINUOUS
10
1.0262215354330708
20
0.6642835826771654
11
1.0227012992125983
21
0.6660437401574802
0
LINE
8
BLACK
6
CONTINUOUS
10
1.0227012992125983
20
0.6660437401574802
11
1.0075037007874015
21
0.6660437401574802
0
LINE
8
BLACK
6
CONTINUOUS
10
1.0075037007874015
20
0.6660437401574802
11
1.0075037007874015
21
0.6469211417322834
0
LINE
8
BLACK
6
CONTINUOUS
10
1.084068937007874
20
0.6776086614173228
11
1.0850179921259842
21
0.6775516929133858
0
LINE
8
BLACK
6
CONTINUOUS
10
1.0850179921259842
20
0.6775516929133858
11
1.0934544488188975
21
0.6747395669291338
0
LINE
8
BLACK
6
CONTINUOUS
10
1.0934544488188975
20
0.6747395669291338
11
1.0945873228346457
21
0.6739915354330709
0
LINE
8
BLACK
6
CONTINUOUS
10
1.0945873228346457
20
0.6739915354330709
11
1.0957627952755906
21
0.6733129133858268
0
LINE
8
BLACK
6
CONTINUOUS
10
1.0957627952755906
20
0.6733129133858268
11
1.0985749212598426
21
0.6705007874015748
0
LINE
8
BLACK
6
CONTINUOUS
10
1.0985749212598426
20
0.6705007874015748
11
1.1001033858267717
21
0.6678534251968504
0
LINE
8
BLACK
6
CONTINUOUS
10
1.1001033858267717
20
0.6678534251968504
11
1.1001033858267717
21
0.6647964960629921
0
LINE
8
BLACK
6
CONTINUOUS
10
1.1001033858267717
20
0.6647964960629921
11
1.0985749212598426
21
0.6621491338582677
0
LINE
8
BLACK
6
CONTINUOUS
10
1.0985749212598426
20
0.6621491338582677
11
1.0959275590551181
21
0.6606206692913386
0
LINE
8
BLACK
6
CONTINUOUS
10
1.0959275590551181
20
0.6606206692913386
11
1.0928706299212598
21
0.6606206692913386
0
LINE
8
BLACK
6
CONTINUOUS
10
1.0928706299212598
20
0.6606206692913386
11
1.0902232677165353
21
0.6621491338582677
0
LINE
8
BLACK
6
CONTINUOUS
10
1.0902232677165353
20
0.6621491338582677
11
1.0883968897637795
21
0.6639754724409449
0
LINE
8
BLACK
6
CONTINUOUS
10
1.0883968897637795
20
0.6639754724409449
11
1.0821922440944882
21
0.6660437401574802
0
LINE
8
BLACK
6
CONTINUOUS
10
1.0821922440944882
20
0.6660437401574802
11
1.0784846062992126
21
0.6660437401574802
0
LINE
8
BLACK
6
CONTINUOUS
10
1.0784846062992126
20
0.6660437401574802
11
1.0722798031496064
21
0.6639754724409449
0
LINE
8
BLACK
6
CONTINUOUS
10
1.0722798031496064
20
0.6639754724409449
11
1.0683189370078741
21
0.6600146062992126
0
LINE
8
BLACK
6
CONTINUOUS
10
1.0683189370078741
20
0.6600146062992126
11
1.0662251968503937
21
0.6558272047244095
0
LINE
8
BLACK
6
CONTINUOUS
10
1.0662251968503937
20
0.6558272047244095
11
1.0637466929133859
21
0.6459129921259842
0
LINE
8
BLACK
6
CONTINUOUS
10
1.0637466929133859
20
0.6459129921259842
11
1.0637466929133859
21
0.6389303543307087
0
LINE
8
BLACK
6
CONTINUOUS
10
1.0637466929133859
20
0.6389303543307087
11
1.0662251968503937
21
0.6290161417322835
0
LINE
8
BLACK
6
CONTINUOUS
10
1.0662251968503937
20
0.6290161417322835
11
1.0683189370078741
21
0.6248287401574804
0
LINE
8
BLACK
6
CONTINUOUS
10
1.0683189370078741
20
0.6248287401574804
11
1.0722798031496064
21
0.6208678740157481
0
LINE
8
BLACK
6
CONTINUOUS
10
1.0722798031496064
20
0.6208678740157481
11
1.0784846062992126
21
0.6187996456692914
0
LINE
8
BLACK
6
CONTINUOUS
10
1.0784846062992126
20
0.6187996456692914
11
1.0821922440944882
21
0.6187996456692914
0
LINE
8
BLACK
6
CONTINUOUS
10
1.0821922440944882
20
0.6187996456692914
11
1.0883968897637795
21
0.6208678740157481
0
LINE
8
BLACK
6
CONTINUOUS
10
1.0883968897637795
20
0.6208678740157481
11
1.0902232677165353
21
0.6226942519685039
0
LINE
8
BLACK
6
CONTINUOUS
10
1.0902232677165353
20
0.6226942519685039
11
1.0928706299212598
21
0.624222716535433
0
LINE
8
BLACK
6
CONTINUOUS
10
1.0928706299212598
20
0.624222716535433
11
1.0959275590551181
21
0.624222716535433
0
LINE
8
BLACK
6
CONTINUOUS
10
1.0959275590551181
20
0.624222716535433
11
1.0985749212598426
21
0.6226942519685039
0
LINE
8
BLACK
6
CONTINUOUS
10
1.0985749212598426
20
0.6226942519685039
11
1.1001033858267717
21
0.6200468897637795
0
LINE
8
BLACK
6
CONTINUOUS
10
1.1001033858267717
20
0.6200468897637795
11
1.1001033858267717
21
0.6169899606299213
0
LINE
8
BLACK
6
CONTINUOUS
10
1.1001033858267717
20
0.6169899606299213
11
1.0985749212598426
21
0.6143425984251968
0
LINE
8
BLACK
6
CONTINUOUS
10
1.0985749212598426
20
0.6143425984251968
11
1.0957627952755906
21
0.6115304724409448
0
LINE
8
BLACK
6
CONTINUOUS
10
1.0957627952755906
20
0.6115304724409448
11
1.0945873228346457
21
0.6108518110236221
0
LINE
8
BLACK
6
CONTINUOUS
10
1.0945873228346457
20
0.6108518110236221
11
1.0934544488188975
21
0.6101038188976378
0
LINE
8
BLACK
6
CONTINUOUS
10
1.0934544488188975
20
0.6101038188976378
11
1.0850179921259842
21
0.6072916929133858
0
LINE
8
BLACK
6
CONTINUOUS
10
1.0850179921259842
20
0.6072916929133858
11
1.084068937007874
21
0.6072346850393701
0
LINE
8
BLACK
6
CONTINUOUS
10
1.084068937007874
20
0.6072346850393701
11
1.0831505118110236
21
0.6069886220472441
0
LINE
8
BLACK
6
CONTINUOUS
10
1.0831505118110236
20
0.6069886220472441
11
1.077526220472441
21
0.6069886220472441
0
LINE
8
BLACK
6
CONTINUOUS
10
1.077526220472441
20
0.6069886220472441
11
1.0766077559055118
21
0.6072346850393701
0
LINE
8
BLACK
6
CONTINUOUS
10
1.0766077559055118
20
0.6072346850393701
11
1.0756587007874014
21
0.6072916929133858
0
LINE
8
BLACK
6
CONTINUOUS
10
1.0756587007874014
20
0.6072916929133858
11
1.0672222834645668
21
0.6101038582677165
0
LINE
8
BLACK
6
CONTINUOUS
10
1.0672222834645668
20
0.6101038582677165
11
1.0660894881889764
21
0.6108517322834646
0
LINE
8
BLACK
6
CONTINUOUS
10
1.0660894881889764
20
0.6108517322834646
11
1.064913937007874
21
0.6115304724409448
0
LINE
8
BLACK
6
CONTINUOUS
10
1.064913937007874
20
0.6115304724409448
11
1.0592896456692913
21
0.6171547637795275
0
LINE
8
BLACK
6
CONTINUOUS
10
1.0592896456692913
20
0.6171547637795275
11
1.0588142125984252
21
0.6179781889763779
0
LINE
8
BLACK
6
CONTINUOUS
10
1.0588142125984252
20
0.6179781889763779
11
1.0581834251968503
21
0.6186895669291338
0
LINE
8
BLACK
6
CONTINUOUS
10
1.0581834251968503
20
0.6186895669291338
11
1.0553712598425196
21
0.6243138582677166
0
LINE
8
BLACK
6
CONTINUOUS
10
1.0553712598425196
20
0.6243138582677166
11
1.0552405118110235
21
0.6249525984251968
0
LINE
8
BLACK
6
CONTINUOUS
10
1.0552405118110235
20
0.6249525984251968
11
1.0549241338582678
21
0.6255225984251969
0
LINE
8
BLACK
6
CONTINUOUS
10
1.0549241338582678
20
0.6255225984251969
11
1.0521120078740158
21
0.6367711811023622
0
LINE
8
BLACK
6
CONTINUOUS
10
1.0521120078740158
20
0.6367711811023622
11
1.0521242519685039
21
0.6374996062992125
0
LINE
8
BLACK
6
CONTINUOUS
10
1.0521242519685039
20
0.6374996062992125
11
1.0519356692913386
21
0.6382034645669291
0
LINE
8
BLACK
6
CONTINUOUS
10
1.0519356692913386
20
0.6382034645669291
11
1.0519356692913386
21
0.6466399212598425
0
LINE
8
BLACK
6
CONTINUOUS
10
1.0519356692913386
20
0.6466399212598425
11
1.0521242519685039
21
0.6473437401574803
0
LINE
8
BLACK
6
CONTINUOUS
10
1.0521242519685039
20
0.6473437401574803
11
1.0521120078740158
21
0.6480722047244094
0
LINE
8
BLACK
6
CONTINUOUS
10
1.0521120078740158
20
0.6480722047244094
11
1.0549241338582678
21
0.6593207874015747
0
LINE
8
BLACK
6
CONTINUOUS
10
1.0549241338582678
20
0.6593207874015747
11
1.0552405118110235
21
0.6598907480314961
0
LINE
8
BLACK
6
CONTINUOUS
10
1.0552405118110235
20
0.6598907480314961
11
1.0553712598425196
21
0.6605295275590551
0
LINE
8
BLACK
6
CONTINUOUS
10
1.0553712598425196
20
0.6605295275590551
11
1.0581834251968503
21
0.6661538188976378
0
LINE
8
BLACK
6
CONTINUOUS
10
1.0581834251968503
20
0.6661538188976378
11
1.0588142125984252
21
0.6668651574803149
0
LINE
8
BLACK
6
CONTINUOUS
10
1.0588142125984252
20
0.6668651574803149
11
1.0592896456692913
21
0.6676886220472441
0
LINE
8
BLACK
6
CONTINUOUS
10
1.0592896456692913
20
0.6676886220472441
11
1.064913937007874
21
0.6733129133858268
0
LINE
8
BLACK
6
CONTINUOUS
10
1.064913937007874
20
0.6733129133858268
11
1.0660894881889764
21
0.6739916141732283
0
LINE
8
BLACK
6
CONTINUOUS
10
1.0660894881889764
20
0.6739916141732283
11
1.0672222834645668
21
0.6747395275590551
0
LINE
8
BLACK
6
CONTINUOUS
10
1.0672222834645668
20
0.6747395275590551
11
1.0756587007874014
21
0.6775516929133858
0
LINE
8
BLACK
6
CONTINUOUS
10
1.0756587007874014
20
0.6775516929133858
11
1.0766077559055118
21
0.6776086614173228
0
LINE
8
BLACK
6
CONTINUOUS
10
1.0766077559055118
20
0.6776086614173228
11
1.077526220472441
21
0.6778547637795276
0
LINE
8
BLACK
6
CONTINUOUS
10
1.077526220472441
20
0.6778547637795276
11
1.0831505118110236
21
0.6778547637795276
0
LINE
8
BLACK
6
CONTINUOUS
10
1.0831505118110236
20
0.6778547637795276
11
1.084068937007874
21
0.6776086614173228
0
LINE
8
BLACK
6
CONTINUOUS
10
1.1435166929133858
20
0.6775034251968504
11
1.1448466535433071
21
0.6772312992125984
0
LINE
8
BLACK
6
CONTINUOUS
10
1.1448466535433071
20
0.6772312992125984
11
1.1504709448818897
21
0.6744191338582677
0
LINE
8
BLACK
6
CONTINUOUS
10
1.1504709448818897
20
0.6744191338582677
11
1.1511822834645669
21
0.6737883070866142
0
LINE
8
BLACK
6
CONTINUOUS
10
1.1511822834645669
20
0.6737883070866142
11
1.1520057086614173
21
0.6733129527559055
0
LINE
8
BLACK
6
CONTINUOUS
10
1.1520057086614173
20
0.6733129527559055
11
1.154817874015748
21
0.6705008267716536
0
LINE
8
BLACK
6
CONTINUOUS
10
1.154817874015748
20
0.6705008267716536
11
1.1552932677165355
21
0.6696773622047244
0
LINE
8
BLACK
6
CONTINUOUS
10
1.1552932677165355
20
0.6696773622047244
11
1.1559241338582678
21
0.6689659842519685
0
LINE
8
BLACK
6
CONTINUOUS
10
1.1559241338582678
20
0.6689659842519685
11
1.1587362598425197
21
0.6633416535433071
0
LINE
8
BLACK
6
CONTINUOUS
10
1.1587362598425197
20
0.6633416535433071
11
1.1590083464566929
21
0.6620118897637796
0
LINE
8
BLACK
6
CONTINUOUS
10
1.1590083464566929
20
0.6620118897637796
11
1.1593597244094489
21
0.6607006692913385
0
LINE
8
BLACK
6
CONTINUOUS
10
1.1593597244094489
20
0.6607006692913385
11
1.1593597244094489
21
0.6522642125984252
0
LINE
8
BLACK
6
CONTINUOUS
10
1.1593597244094489
20
0.6522642125984252
11
1.1590083464566929
21
0.6509529527559055
0
LINE
8
BLACK
6
CONTINUOUS
10
1.1590083464566929
20
0.6509529527559055
11
1.1587362598425197
21
0.6496232283464567
0
LINE
8
BLACK
6
CONTINUOUS
10
1.1587362598425197
20
0.6496232283464567
11
1.1559241338582678
21
0.6439988976377953
0
LINE
8
BLACK
6
CONTINUOUS
10
1.1559241338582678
20
0.6439988976377953
11
1.1552932677165355
21
0.6432874803149606
0
LINE
8
BLACK
6
CONTINUOUS
10
1.1552932677165355
20
0.6432874803149606
11
1.1548179133858267
21
0.642464094488189
0
LINE
8
BLACK
6
CONTINUOUS
10
1.1548179133858267
20
0.642464094488189
11
1.152005748031496
21
0.6396519291338583
0
LINE
8
BLACK
6
CONTINUOUS
10
1.152005748031496
20
0.6396519291338583
11
1.1511823228346456
21
0.6391765354330708
0
LINE
8
BLACK
6
CONTINUOUS
10
1.1511823228346456
20
0.6391765354330708
11
1.1504709448818897
21
0.6385457086614174
0
LINE
8
BLACK
6
CONTINUOUS
10
1.1504709448818897
20
0.6385457086614174
11
1.1448466535433071
21
0.6357335826771653
0
LINE
8
BLACK
6
CONTINUOUS
10
1.1448466535433071
20
0.6357335826771653
11
1.144696653543307
21
0.635702874015748
0
LINE
8
BLACK
6
CONTINUOUS
10
1.144696653543307
20
0.635702874015748
11
1.1582922047244095
21
0.6162807086614173
0
LINE
8
BLACK
6
CONTINUOUS
10
1.1582922047244095
20
0.6162807086614173
11
1.1593373228346457
21
0.6134080314960629
0
LINE
8
BLACK
6
CONTINUOUS
10
1.1593373228346457
20
0.6134080314960629
11
1.158806062992126
21
0.6103975984251968
0
LINE
8
BLACK
6
CONTINUOUS
10
1.158806062992126
20
0.6103975984251968
11
1.1568407874015747
21
0.6080561417322835
0
LINE
8
BLACK
6
CONTINUOUS
10
1.1568407874015747
20
0.6080561417322835
11
1.1539681102362205
21
0.6070110236220473
0
LINE
8
BLACK
6
CONTINUOUS
10
1.1539681102362205
20
0.6070110236220473
11
1.1509576771653542
21
0.607542283464567
0
LINE
8
BLACK
6
CONTINUOUS
10
1.1509576771653542
20
0.607542283464567
11
1.1486162204724408
21
0.6095075590551181
0
LINE
8
BLACK
6
CONTINUOUS
10
1.1486162204724408
20
0.6095075590551181
11
1.1306944488188977
21
0.6351101181102362
0
LINE
8
BLACK
6
CONTINUOUS
10
1.1306944488188977
20
0.6351101181102362
11
1.1256139370078739
21
0.6351101181102362
0
LINE
8
BLACK
6
CONTINUOUS
10
1.1256139370078739
20
0.6351101181102362
11
1.1256139370078739
21
0.6128941338582677
0
LINE
8
BLACK
6
CONTINUOUS
10
1.1256139370078739
20
0.6128941338582677
11
1.1248227559055117
21
0.6099413779527559
0
LINE
8
BLACK
6
CONTINUOUS
10
1.1248227559055117
20
0.6099413779527559
11
1.1226611811023621
21
0.6077798031496063
0
LINE
8
BLACK
6
CONTINUOUS
10
1.1226611811023621
20
0.6077798031496063
11
1.1197084251968503
21
0.6069886220472441
0
LINE
8
BLACK
6
CONTINUOUS
10
1.1197084251968503
20
0.6069886220472441
11
1.1167556692913385
21
0.6077798031496063
0
LINE
8
BLACK
6
CONTINUOUS
10
1.1167556692913385
20
0.6077798031496063
11
1.1145940944881889
21
0.6099413779527559
0
LINE
8
BLACK
6
CONTINUOUS
10
1.1145940944881889
20
0.6099413779527559
11
1.1138029133858267
21
0.6128941338582677
0
LINE
8
BLACK
6
CONTINUOUS
10
1.1138029133858267
20
0.6128941338582677
11
1.1138029133858267
21
0.671949251968504
0
LINE
8
BLACK
6
CONTINUOUS
10
1.1138029133858267
20
0.671949251968504
11
1.1145940944881889
21
0.6749020078740158
0
LINE
8
BLACK
6
CONTINUOUS
10
1.1145940944881889
20
0.6749020078740158
11
1.1167556692913385
21
0.6770635826771654
0
LINE
8
BLACK
6
CONTINUOUS
10
1.1167556692913385
20
0.6770635826771654
11
1.1197084251968503
21
0.6778547637795276
0
LINE
8
BLACK
6
CONTINUOUS
10
1.1197084251968503
20
0.6778547637795276
11
1.1422056299212597
21
0.6778547637795276
0
LINE
8
BLACK
6
CONTINUOUS
10
1.1422056299212597
20
0.6778547637795276
11
1.1435166929133858
21
0.6775034251968504
0
LINE
8
BLACK
6
CONTINUOUS
10
1.1256139370078739
20
0.6469211417322834
11
1.1408115354330708
21
0.6469211417322834
0
LINE
8
BLACK
6
CONTINUOUS
10
1.1408115354330708
20
0.6469211417322834
11
1.1443316929133858
21
0.6486811811023622
0
LINE
8
BLACK
6
CONTINUOUS
10
1.1443316929133858
20
0.6486811811023622
11
1.1457885826771654
21
0.6501380708661417
0
LINE
8
BLACK
6
CONTINUOUS
10
1.1457885826771654
20
0.6501380708661417
11
1.1475487007874015
21
0.6536582677165355
0
LINE
8
BLACK
6
CONTINUOUS
10
1.1475487007874015
20
0.6536582677165355
11
1.1475487007874015
21
0.6593065748031496
0
LINE
8
BLACK
6
CONTINUOUS
10
1.1475487007874015
20
0.6593065748031496
11
1.145788622047244
21
0.6628267322834646
0
LINE
8
BLACK
6
CONTINUOUS
10
1.145788622047244
20
0.6628267322834646
11
1.1443317716535433
21
0.6642835826771654
0
LINE
8
BLACK
6
CONTINUOUS
10
1.1443317716535433
20
0.6642835826771654
11
1.1408115354330708
21
0.6660437401574802
0
LINE
8
BLACK
6
CONTINUOUS
10
1.1408115354330708
20
0.6660437401574802
11
1.1256139370078739
21
0.6660437401574802
0
LINE
8
BLACK
6
CONTINUOUS
10
1.1256139370078739
20
0.6660437401574802
11
1.1256139370078739
21
0.6469211417322834
0
LINE
8
BLACK
6
CONTINUOUS
10
1.1937427165354331
20
0.6776086614173228
11
1.1946917716535432
21
0.6775516929133858
0
LINE
8
BLACK
6
CONTINUOUS
10
1.1946917716535432
20
0.6775516929133858
11
1.2031282283464566
21
0.6747395669291338
0
LINE
8
BLACK
6
CONTINUOUS
10
1.2031282283464566
20
0.6747395669291338
11
1.2042611023622047
21
0.6739915354330709
0
LINE
8
BLACK
6
CONTINUOUS
10
1.2042611023622047
20
0.6739915354330709
11
1.2054365748031495
21
0.6733129133858268
0
LINE
8
BLACK
6
CONTINUOUS
10
1.2054365748031495
20
0.6733129133858268
11
1.2110608661417324
21
0.6676886220472441
0
LINE
8
BLACK
6
CONTINUOUS
10
1.2110608661417324
20
0.6676886220472441
11
1.2115362598425197
21
0.6668651574803149
0
LINE
8
BLACK
6
CONTINUOUS
10
1.2115362598425197
20
0.6668651574803149
11
1.2121670866141732
21
0.6661538188976378
0
LINE
8
BLACK
6
CONTINUOUS
10
1.2121670866141732
20
0.6661538188976378
11
1.2149792519685039
21
0.6605295669291339
0
LINE
8
BLACK
6
CONTINUOUS
10
1.2149792519685039
20
0.6605295669291339
11
1.2151099606299212
21
0.6598907086614173
0
LINE
8
BLACK
6
CONTINUOUS
10
1.2151099606299212
20
0.6598907086614173
11
1.2154263779527559
21
0.6593207874015747
0
LINE
8
BLACK
6
CONTINUOUS
10
1.2154263779527559
20
0.6593207874015747
11
1.2182385039370078
21
0.6480722047244094
0
LINE
8
BLACK
6
CONTINUOUS
10
1.2182385039370078
20
0.6480722047244094
11
1.218226220472441
21
0.6473437401574803
0
LINE
8
BLACK
6
CONTINUOUS
10
1.218226220472441
20
0.6473437401574803
11
1.218414842519685
21
0.6466399212598425
0
LINE
8
BLACK
6
CONTINUOUS
10
1.218414842519685
20
0.6466399212598425
11
1.218414842519685
21
0.6382034645669291
0
LINE
8
BLACK
6
CONTINUOUS
10
1.218414842519685
20
0.6382034645669291
11
1.218226220472441
21
0.6374996062992125
0
LINE
8
BLACK
6
CONTINUOUS
10
1.218226220472441
20
0.6374996062992125
11
1.2182385039370078
21
0.6367711811023622
0
LINE
8
BLACK
6
CONTINUOUS
10
1.2182385039370078
20
0.6367711811023622
11
1.2154263779527559
21
0.6255225984251969
0
LINE
8
BLACK
6
CONTINUOUS
10
1.2154263779527559
20
0.6255225984251969
11
1.2151099606299212
21
0.6249526377952755
0
LINE
8
BLACK
6
CONTINUOUS
10
1.2151099606299212
20
0.6249526377952755
11
1.2149792519685039
21
0.6243138188976378
0
LINE
8
BLACK
6
CONTINUOUS
10
1.2149792519685039
20
0.6243138188976378
11
1.2121670866141732
21
0.6186895669291338
0
LINE
8
BLACK
6
CONTINUOUS
10
1.2121670866141732
20
0.6186895669291338
11
1.2115362598425197
21
0.6179781889763779
0
LINE
8
BLACK
6
CONTINUOUS
10
1.2115362598425197
20
0.6179781889763779
11
1.2110608661417324
21
0.6171547637795275
0
LINE
8
BLACK
6
CONTINUOUS
10
1.2110608661417324
20
0.6171547637795275
11
1.2054365748031495
21
0.6115304724409448
0
LINE
8
BLACK
6
CONTINUOUS
10
1.2054365748031495
20
0.6115304724409448
11
1.2042611023622047
21
0.6108518110236221
0
LINE
8
BLACK
6
CONTINUOUS
10
1.2042611023622047
20
0.6108518110236221
11
1.2031282283464566
21
0.6101038188976378
0
LINE
8
BLACK
6
CONTINUOUS
10
1.2031282283464566
20
0.6101038188976378
11
1.1946917716535432
21
0.6072916929133858
0
LINE
8
BLACK
6
CONTINUOUS
10
1.1946917716535432
20
0.6072916929133858
11
1.1937427165354331
21
0.6072346850393701
0
LINE
8
BLACK
6
CONTINUOUS
10
1.1937427165354331
20
0.6072346850393701
11
1.1928242913385827
21
0.6069886220472441
0
LINE
8
BLACK
6
CONTINUOUS
10
1.1928242913385827
20
0.6069886220472441
11
1.1787635433070867
21
0.6069886220472441
0
LINE
8
BLACK
6
CONTINUOUS
10
1.1787635433070867
20
0.6069886220472441
11
1.1758107874015749
21
0.6077798031496063
0
LINE
8
BLACK
6
CONTINUOUS
10
1.1758107874015749
20
0.6077798031496063
11
1.1736492125984253
21
0.6099413779527559
0
LINE
8
BLACK
6
CONTINUOUS
10
1.1736492125984253
20
0.6099413779527559
11
1.172858031496063
21
0.6128941338582677
0
LINE
8
BLACK
6
CONTINUOUS
10
1.172858031496063
20
0.6128941338582677
11
1.172858031496063
21
0.671949251968504
0
LINE
8
BLACK
6
CONTINUOUS
10
1.172858031496063
20
0.671949251968504
11
1.1736492125984253
21
0.6749020078740158
0
LINE
8
BLACK
6
CONTINUOUS
10
1.1736492125984253
20
0.6749020078740158
11
1.1758107874015749
21
0.6770635826771654
0
LINE
8
BLACK
6
CONTINUOUS
10
1.1758107874015749
20
0.6770635826771654
11
1.1787635433070867
21
0.6778547637795276
0
LINE
8
BLACK
6
CONTINUOUS
10
1.1787635433070867
20
0.6778547637795276
11
1.1928242913385827
21
0.6778547637795276
0
LINE
8
BLACK
6
CONTINUOUS
10
1.1928242913385827
20
0.6778547637795276
11
1.1937427165354331
21
0.6776086614173228
0
LINE
8
BLACK
6
CONTINUOUS
10
1.1846690551181103
20
0.6187996456692914
11
1.1918660236220473
21
0.6187996456692914
0
LINE
8
BLACK
6
CONTINUOUS
10
1.1918660236220473
20
0.6187996456692914
11
1.1980706692913385
21
0.6208678740157481
0
LINE
8
BLACK
6
CONTINUOUS
10
1.1980706692913385
20
0.6208678740157481
11
1.2020315748031496
21
0.624828779527559
0
LINE
8
BLACK
6
CONTINUOUS
10
1.2020315748031496
20
0.624828779527559
11
1.2041252362204724
21
0.6290161417322835
0
LINE
8
BLACK
6
CONTINUOUS
10
1.2041252362204724
20
0.6290161417322835
11
1.2066038188976378
21
0.6389303543307087
0
LINE
8
BLACK
6
CONTINUOUS
10
1.2066038188976378
20
0.6389303543307087
11
1.2066038188976378
21
0.6459129921259842
0
LINE
8
BLACK
6
CONTINUOUS
10
1.2066038188976378
20
0.6459129921259842
11
1.2041252362204724
21
0.6558272047244095
0
LINE
8
BLACK
6
CONTINUOUS
10
1.2041252362204724
20
0.6558272047244095
11
1.2020315748031496
21
0.6600145669291339
0
LINE
8
BLACK
6
CONTINUOUS
10
1.2020315748031496
20
0.6600145669291339
11
1.1980706692913385
21
0.6639754724409449
0
LINE
8
BLACK
6
CONTINUOUS
10
1.1980706692913385
20
0.6639754724409449
11
1.1918660236220473
21
0.6660437401574802
0
LINE
8
BLACK
6
CONTINUOUS
10
1.1918660236220473
20
0.6660437401574802
11
1.1846690551181103
21
0.6660437401574802
0
LINE
8
BLACK
6
CONTINUOUS
10
1.1846690551181103
20
0.6660437401574802
11
1.1846690551181103
21
0.6187996456692914
0
LINE
8
BLACK
6
CONTINUOUS
10
1.2560026377952755
20
0.6775034251968504
11
1.2573325984251968
21
0.6772312992125984
0
LINE
8
BLACK
6
CONTINUOUS
10
1.2573325984251968
20
0.6772312992125984
11
1.2629568897637795
21
0.6744191338582677
0
LINE
8
BLACK
6
CONTINUOUS
10
1.2629568897637795
20
0.6744191338582677
11
1.2636682283464566
21
0.6737883070866142
0
LINE
8
BLACK
6
CONTINUOUS
10
1.2636682283464566
20
0.6737883070866142
11
1.2644916535433071
21
0.6733129527559055
0
LINE
8
BLACK
6
CONTINUOUS
10
1.2644916535433071
20
0.6733129527559055
11
1.2673038188976378
21
0.6705008267716536
0
LINE
8
BLACK
6
CONTINUOUS
10
1.2673038188976378
20
0.6705008267716536
11
1.2677792125984251
21
0.6696773622047244
0
LINE
8
BLACK
6
CONTINUOUS
10
1.2677792125984251
20
0.6696773622047244
11
1.2684100787401575
21
0.6689659842519685
0
LINE
8
BLACK
6
CONTINUOUS
10
1.2684100787401575
20
0.6689659842519685
11
1.2712222047244095
21
0.6633416535433071
0
LINE
8
BLACK
6
CONTINUOUS
10
1.2712222047244095
20
0.6633416535433071
11
1.271352874015748
21
0.6627029133858268
0
LINE
8
BLACK
6
CONTINUOUS
10
1.271352874015748
20
0.6627029133858268
11
1.2716693307086613
21
0.6621329527559054
0
LINE
8
BLACK
6
CONTINUOUS
10
1.2716693307086613
20
0.6621329527559054
11
1.274481496062992
21
0.6508843700787401
0
LINE
8
BLACK
6
CONTINUOUS
10
1.274481496062992
20
0.6508843700787401
11
1.2744692125984252
21
0.6501558267716535
0
LINE
8
BLACK
6
CONTINUOUS
10
1.2744692125984252
20
0.6501558267716535
11
1.2746578346456692
21
0.6494520472440944
0
LINE
8
BLACK
6
CONTINUOUS
10
1.2746578346456692
20
0.6494520472440944
11
1.2746578346456692
21
0.6353913385826772
0
LINE
8
BLACK
6
CONTINUOUS
10
1.2746578346456692
20
0.6353913385826772
11
1.2744692125984252
21
0.6346875196850393
0
LINE
8
BLACK
6
CONTINUOUS
10
1.2744692125984252
20
0.6346875196850393
11
1.274481496062992
21
0.6339590157480315
0
LINE
8
BLACK
6
CONTINUOUS
10
1.274481496062992
20
0.6339590157480315
11
1.2716693307086613
21
0.6227104330708662
0
LINE
8
BLACK
6
CONTINUOUS
10
1.2716693307086613
20
0.6227104330708662
11
1.271352874015748
21
0.6221404330708661
0
LINE
8
BLACK
6
CONTINUOUS
10
1.271352874015748
20
0.6221404330708661
11
1.2712222047244095
21
0.6215017322834645
0
LINE
8
BLACK
6
CONTINUOUS
10
1.2712222047244095
20
0.6215017322834645
11
1.2684100787401575
21
0.6158774015748031
0
LINE
8
BLACK
6
CONTINUOUS
10
1.2684100787401575
20
0.6158774015748031
11
1.2677792125984251
21
0.6151659842519684
0
LINE
8
BLACK
6
CONTINUOUS
10
1.2677792125984251
20
0.6151659842519684
11
1.2673038188976378
21
0.6143425590551181
0
LINE
8
BLACK
6
CONTINUOUS
10
1.2673038188976378
20
0.6143425590551181
11
1.2644916535433071
21
0.6115304330708661
0
LINE
8
BLACK
6
CONTINUOUS
10
1.2644916535433071
20
0.6115304330708661
11
1.2636682283464566
21
0.6110550393700788
0
LINE
8
BLACK
6
CONTINUOUS
10
1.2636682283464566
20
0.6110550393700788
11
1.2629568897637795
21
0.6104242519685039
0
LINE
8
BLACK
6
CONTINUOUS
10
1.2629568897637795
20
0.6104242519685039
11
1.2573325984251968
21
0.6076120866141732
0
LINE
8
BLACK
6
CONTINUOUS
10
1.2573325984251968
20
0.6076120866141732
11
1.2560026377952755
21
0.6073399212598425
0
LINE
8
BLACK
6
CONTINUOUS
10
1.2560026377952755
20
0.6073399212598425
11
1.2546915748031495
21
0.6069886220472441
0
LINE
8
BLACK
6
CONTINUOUS
10
1.2546915748031495
20
0.6069886220472441
11
1.2490672834645669
21
0.6069886220472441
0
LINE
8
BLACK
6
CONTINUOUS
10
1.2490672834645669
20
0.6069886220472441
11
1.2477562204724408
21
0.6073398818897637
0
LINE
8
BLACK
6
CONTINUOUS
10
1.2477562204724408
20
0.6073398818897637
11
1.246426220472441
21
0.6076120866141732
0
LINE
8
BLACK
6
CONTINUOUS
10
1.246426220472441
20
0.6076120866141732
11
1.2408019685039369
21
0.6104242519685039
0
LINE
8
BLACK
6
CONTINUOUS
10
1.2408019685039369
20
0.6104242519685039
11
1.240090590551181
21
0.6110550393700788
0
LINE
8
BLACK
6
CONTINUOUS
10
1.240090590551181
20
0.6110550393700788
11
1.2392672047244093
21
0.6115304330708661
0
LINE
8
BLACK
6
CONTINUOUS
10
1.2392672047244093
20
0.6115304330708661
11
1.2364550393700786
21
0.6143425590551181
0
LINE
8
BLACK
6
CONTINUOUS
10
1.2364550393700786
20
0.6143425590551181
11
1.2359795669291338
21
0.6151660236220472
0
LINE
8
BLACK
6
CONTINUOUS
10
1.2359795669291338
20
0.6151660236220472
11
1.2353487795275591
21
0.6158774015748031
0
LINE
8
BLACK
6
CONTINUOUS
10
1.2353487795275591
20
0.6158774015748031
11
1.2325366141732284
21
0.6215016929133859
0
LINE
8
BLACK
6
CONTINUOUS
10
1.2325366141732284
20
0.6215016929133859
11
1.2324058661417323
21
0.6221404330708661
0
LINE
8
BLACK
6
CONTINUOUS
10
1.2324058661417323
20
0.6221404330708661
11
1.2320894881889763
21
0.6227104330708662
0
LINE
8
BLACK
6
CONTINUOUS
10
1.2320894881889763
20
0.6227104330708662
11
1.2292773622047244
21
0.6339590551181102
0
LINE
8
BLACK
6
CONTINUOUS
10
1.2292773622047244
20
0.6339590551181102
11
1.2292896062992125
21
0.6346874803149606
0
LINE
8
BLACK
6
CONTINUOUS
10
1.2292896062992125
20
0.6346874803149606
11
1.2291010236220472
21
0.6353913385826772
0
LINE
8
BLACK
6
CONTINUOUS
10
1.2291010236220472
20
0.6353913385826772
11
1.2291010236220472
21
0.6494520472440944
0
LINE
8
BLACK
6
CONTINUOUS
10
1.2291010236220472
20
0.6494520472440944
11
1.2292896062992125
21
0.6501558661417323
0
LINE
8
BLACK
6
CONTINUOUS
10
1.2292896062992125
20
0.6501558661417323
11
1.2292773622047244
21
0.6508843307086614
0
LINE
8
BLACK
6
CONTINUOUS
10
1.2292773622047244
20
0.6508843307086614
11
1.2320894881889763
21
0.6621329527559054
0
LINE
8
BLACK
6
CONTINUOUS
10
1.2320894881889763
20
0.6621329527559054
11
1.2324058661417323
21
0.6627029133858268
0
LINE
8
BLACK
6
CONTINUOUS
10
1.2324058661417323
20
0.6627029133858268
11
1.2325366141732284
21
0.6633416929133858
0
LINE
8
BLACK
6
CONTINUOUS
10
1.2325366141732284
20
0.6633416929133858
11
1.2353487795275591
21
0.6689659842519685
0
LINE
8
BLACK
6
CONTINUOUS
10
1.2353487795275591
20
0.6689659842519685
11
1.2359795669291338
21
0.6696773228346456
0
LINE
8
BLACK
6
CONTINUOUS
10
1.2359795669291338
20
0.6696773228346456
11
1.2364550393700786
21
0.6705008267716536
0
LINE
8
BLACK
6
CONTINUOUS
10
1.2364550393700786
20
0.6705008267716536
11
1.2392672047244093
21
0.6733129527559055
0
LINE
8
BLACK
6
CONTINUOUS
10
1.2392672047244093
20
0.6733129527559055
11
1.240090590551181
21
0.6737883070866142
0
LINE
8
BLACK
6
CONTINUOUS
10
1.240090590551181
20
0.6737883070866142
11
1.2408019685039369
21
0.6744191338582677
0
LINE
8
BLACK
6
CONTINUOUS
10
1.2408019685039369
20
0.6744191338582677
11
1.246426220472441
21
0.6772312992125984
0
LINE
8
BLACK
6
CONTINUOUS
10
1.246426220472441
20
0.6772312992125984
11
1.2477562204724408
21
0.6775034645669291
0
LINE
8
BLACK
6
CONTINUOUS
10
1.2477562204724408
20
0.6775034645669291
11
1.2490672834645669
21
0.6778547637795276
0
LINE
8
BLACK
6
CONTINUOUS
10
1.2490672834645669
20
0.6778547637795276
11
1.2546915748031495
21
0.6778547637795276
0
LINE
8
BLACK
6
CONTINUOUS
10
1.2546915748031495
20
0.6778547637795276
11
1.2560026377952755
21
0.6775034251968504
0
LINE
8
BLACK
6
CONTINUOUS
10
1.2469411417322835
20
0.6642835826771654
11
1.2454842913385826
21
0.6628267716535433
0
LINE
8
BLACK
6
CONTINUOUS
10
1.2454842913385826
20
0.6628267716535433
11
1.2433905511811023
21
0.6586393700787402
0
LINE
8
BLACK
6
CONTINUOUS
10
1.2433905511811023
20
0.6586393700787402
11
1.2409120472440944
21
0.6487251181102363
0
LINE
8
BLACK
6
CONTINUOUS
10
1.2409120472440944
20
0.6487251181102363
11
1.2409120472440944
21
0.6361182283464567
0
LINE
8
BLACK
6
CONTINUOUS
10
1.2409120472440944
20
0.6361182283464567
11
1.2433905511811023
21
0.6262039763779528
0
LINE
8
BLACK
6
CONTINUOUS
10
1.2433905511811023
20
0.6262039763779528
11
1.2454842913385826
21
0.6220165748031496
0
LINE
8
BLACK
6
CONTINUOUS
10
1.2454842913385826
20
0.6220165748031496
11
1.2469411417322835
21
0.6205597637795276
0
LINE
8
BLACK
6
CONTINUOUS
10
1.2469411417322835
20
0.6205597637795276
11
1.2504613779527558
21
0.6187996456692914
0
LINE
8
BLACK
6
CONTINUOUS
10
1.2504613779527558
20
0.6187996456692914
11
1.2532974803149606
21
0.6187996456692914
0
LINE
8
BLACK
6
CONTINUOUS
10
1.2532974803149606
20
0.6187996456692914
11
1.2568177165354331
21
0.6205597637795276
0
LINE
8
BLACK
6
CONTINUOUS
10
1.2568177165354331
20
0.6205597637795276
11
1.2582745669291338
21
0.6220166141732283
0
LINE
8
BLACK
6
CONTINUOUS
10
1.2582745669291338
20
0.6220166141732283
11
1.260368188976378
21
0.626203937007874
0
LINE
8
BLACK
6
CONTINUOUS
10
1.260368188976378
20
0.626203937007874
11
1.262846811023622
21
0.6361182677165355
0
LINE
8
BLACK
6
CONTINUOUS
10
1.262846811023622
20
0.6361182677165355
11
1.262846811023622
21
0.6487250787401575
0
LINE
8
BLACK
6
CONTINUOUS
10
1.262846811023622
20
0.6487250787401575
11
1.260368188976378
21
0.6586394094488189
0
LINE
8
BLACK
6
CONTINUOUS
10
1.260368188976378
20
0.6586394094488189
11
1.2582745669291338
21
0.6628267322834646
0
LINE
8
BLACK
6
CONTINUOUS
10
1.2582745669291338
20
0.6628267322834646
11
1.2568177165354331
21
0.6642835826771654
0
LINE
8
BLACK
6
CONTINUOUS
10
1.2568177165354331
20
0.6642835826771654
11
1.2532974803149606
21
0.6660437401574802
0
LINE
8
BLACK
6
CONTINUOUS
10
1.2532974803149606
20
0.6660437401574802
11
1.2504613779527558
21
0.6660437401574802
0
LINE
8
BLACK
6
CONTINUOUS
10
1.2504613779527558
20
0.6660437401574802
11
1.2469411417322835
21
0.6642835826771654
0
LINE
8
BLACK
6
CONTINUOUS
10
1.3150577165354331
20
0.6775034251968504
11
1.3163876771653542
21
0.6772312992125984
0
LINE
8
BLACK
6
CONTINUOUS
10
1.3163876771653542
20
0.6772312992125984
11
1.3220120078740156
21
0.6744191338582677
0
LINE
8
BLACK
6
CONTINUOUS
10
1.3220120078740156
20
0.6744191338582677
11
1.3227233858267715
21
0.6737882677165354
0
LINE
8
BLACK
6
CONTINUOUS
10
1.3227233858267715
20
0.6737882677165354
11
1.3235468110236219
21
0.6733129133858268
0
LINE
8
BLACK
6
CONTINUOUS
10
1.3235468110236219
20
0.6733129133858268
11
1.3263589370078739
21
0.6705007874015748
0
LINE
8
BLACK
6
CONTINUOUS
10
1.3263589370078739
20
0.6705007874015748
11
1.3268343307086614
21
0.6696773228346456
0
LINE
8
BLACK
6
CONTINUOUS
10
1.3268343307086614
20
0.6696773228346456
11
1.3274651574803149
21
0.6689659842519685
0
LINE
8
BLACK
6
CONTINUOUS
10
1.3274651574803149
20
0.6689659842519685
11
1.3302773228346456
21
0.6633417322834646
0
LINE
8
BLACK
6
CONTINUOUS
10
1.3302773228346456
20
0.6633417322834646
11
1.3305494881889763
21
0.6620116929133858
0
LINE
8
BLACK
6
CONTINUOUS
10
1.3305494881889763
20
0.6620116929133858
11
1.3309007874015748
21
0.6607006692913385
0
LINE
8
BLACK
6
CONTINUOUS
10
1.3309007874015748
20
0.6607006692913385
11
1.3309007874015748
21
0.6550763779527559
0
LINE
8
BLACK
6
CONTINUOUS
10
1.3309007874015748
20
0.6550763779527559
11
1.3306546850393701
21
0.6541579133858267
0
LINE
8
BLACK
6
CONTINUOUS
10
1.3306546850393701
20
0.6541579133858267
11
1.330597716535433
21
0.6532088582677166
0
LINE
8
BLACK
6
CONTINUOUS
10
1.330597716535433
20
0.6532088582677166
11
1.3277855511811023
21
0.6447724409448818
0
LINE
8
BLACK
6
CONTINUOUS
10
1.3277855511811023
20
0.6447724409448818
11
1.3270376377952755
21
0.6436396456692913
0
LINE
8
BLACK
6
CONTINUOUS
10
1.3270376377952755
20
0.6436396456692913
11
1.3263589370078739
21
0.642464094488189
0
LINE
8
BLACK
6
CONTINUOUS
10
1.3263589370078739
20
0.642464094488189
11
1.3026944881889764
21
0.6187996456692914
0
LINE
8
BLACK
6
CONTINUOUS
10
1.3026944881889764
20
0.6187996456692914
11
1.3249952755905512
21
0.6187996456692914
0
LINE
8
BLACK
6
CONTINUOUS
10
1.3249952755905512
20
0.6187996456692914
11
1.327948031496063
21
0.6180084645669291
0
LINE
8
BLACK
6
CONTINUOUS
10
1.327948031496063
20
0.6180084645669291
11
1.3301096062992126
21
0.6158468897637795
0
LINE
8
BLACK
6
CONTINUOUS
10
1.3301096062992126
20
0.6158468897637795
11
1.3309007874015748
21
0.6128941338582677
0
LINE
8
BLACK
6
CONTINUOUS
10
1.3309007874015748
20
0.6128941338582677
11
1.3301096062992126
21
0.6099413779527559
0
LINE
8
BLACK
6
CONTINUOUS
10
1.3301096062992126
20
0.6099413779527559
11
1.327948031496063
21
0.6077798031496063
0
LINE
8
BLACK
6
CONTINUOUS
10
1.327948031496063
20
0.6077798031496063
11
1.3249952755905512
21
0.6069886220472441
0
LINE
8
BLACK
6
CONTINUOUS
10
1.3249952755905512
20
0.6069886220472441
11
1.2884373228346457
21
0.6069886220472441
0
LINE
8
BLACK
6
CONTINUOUS
10
1.2884373228346457
20
0.6069886220472441
11
1.2876863385826771
21
0.607189842519685
0
LINE
8
BLACK
6
CONTINUOUS
10
1.2876863385826771
20
0.607189842519685
11
1.2869088582677166
21
0.607189842519685
0
LINE
8
BLACK
6
CONTINUOUS
10
1.2869088582677166
20
0.607189842519685
11
1.2862355118110236
21
0.6075785433070866
0
LINE
8
BLACK
6
CONTINUOUS
10
1.2862355118110236
20
0.6075785433070866
11
1.2854845669291339
21
0.6077798031496063
0
LINE
8
BLACK
6
CONTINUOUS
10
1.2854845669291339
20
0.6077798031496063
11
1.2849347637795274
21
0.6083295669291339
0
LINE
8
BLACK
6
CONTINUOUS
10
1.2849347637795274
20
0.6083295669291339
11
1.2842614960629921
21
0.6087183070866141
0
LINE
8
BLACK
6
CONTINUOUS
10
1.2842614960629921
20
0.6087183070866141
11
1.2838727559055119
21
0.6093915748031495
0
LINE
8
BLACK
6
CONTINUOUS
10
1.2838727559055119
20
0.6093915748031495
11
1.2833229921259843
21
0.6099413779527559
0
LINE
8
BLACK
6
CONTINUOUS
10
1.2833229921259843
20
0.6099413779527559
11
1.2831217322834645
21
0.6106923228346457
0
LINE
8
BLACK
6
CONTINUOUS
10
1.2831217322834645
20
0.6106923228346457
11
1.282733031496063
21
0.6113656692913386
0
LINE
8
BLACK
6
CONTINUOUS
10
1.282733031496063
20
0.6113656692913386
11
1.282733031496063
21
0.6121431496062992
0
LINE
8
BLACK
6
CONTINUOUS
10
1.282733031496063
20
0.6121431496062992
11
1.2825318110236221
21
0.6128941338582677
0
LINE
8
BLACK
6
CONTINUOUS
10
1.2825318110236221
20
0.6128941338582677
11
1.282733031496063
21
0.6136450787401575
0
LINE
8
BLACK
6
CONTINUOUS
10
1.282733031496063
20
0.6136450787401575
11
1.282733031496063
21
0.6144225984251969
0
LINE
8
BLACK
6
CONTINUOUS
10
1.282733031496063
20
0.6144225984251969
11
1.2831217322834645
21
0.615095905511811
0
LINE
8
BLACK
6
CONTINUOUS
10
1.2831217322834645
20
0.615095905511811
11
1.2833229921259843
21
0.6158468897637795
0
LINE
8
BLACK
6
CONTINUOUS
10
1.2833229921259843
20
0.6158468897637795
11
1.2838727559055119
21
0.6163966535433071
0
LINE
8
BLACK
6
CONTINUOUS
10
1.2838727559055119
20
0.6163966535433071
11
1.2842614960629921
21
0.6170699606299213
0
LINE
8
BLACK
6
CONTINUOUS
10
1.2842614960629921
20
0.6170699606299213
11
1.317021496062992
21
0.6498299606299213
0
LINE
8
BLACK
6
CONTINUOUS
10
1.317021496062992
20
0.6498299606299213
11
1.3190897637795276
21
0.6560347244094488
0
LINE
8
BLACK
6
CONTINUOUS
10
1.3190897637795276
20
0.6560347244094488
11
1.3190897637795276
21
0.6593065354330708
0
LINE
8
BLACK
6
CONTINUOUS
10
1.3190897637795276
20
0.6593065354330708
11
1.3173296456692913
21
0.6628267322834646
0
LINE
8
BLACK
6
CONTINUOUS
10
1.3173296456692913
20
0.6628267322834646
11
1.3158727952755904
21
0.6642836220472441
0
LINE
8
BLACK
6
CONTINUOUS
10
1.3158727952755904
20
0.6642836220472441
11
1.3123525590551182
21
0.6660437401574802
0
LINE
8
BLACK
6
CONTINUOUS
10
1.3123525590551182
20
0.6660437401574802
11
1.3010800393700788
21
0.6660437401574802
0
LINE
8
BLACK
6
CONTINUOUS
10
1.3010800393700788
20
0.6660437401574802
11
1.2975598031496063
21
0.6642836220472441
0
LINE
8
BLACK
6
CONTINUOUS
10
1.2975598031496063
20
0.6642836220472441
11
1.2954253149606298
21
0.6621491338582677
0
LINE
8
BLACK
6
CONTINUOUS
10
1.2954253149606298
20
0.6621491338582677
11
1.2927779527559056
21
0.6606206692913386
0
LINE
8
BLACK
6
CONTINUOUS
10
1.2927779527559056
20
0.6606206692913386
11
1.2897210236220473
21
0.6606206692913386
0
LINE
8
BLACK
6
CONTINUOUS
10
1.2897210236220473
20
0.6606206692913386
11
1.2870736614173228
21
0.6621491338582677
0
LINE
8
BLACK
6
CONTINUOUS
10
1.2870736614173228
20
0.6621491338582677
11
1.2855451968503937
21
0.6647964960629921
0
LINE
8
BLACK
6
CONTINUOUS
10
1.2855451968503937
20
0.6647964960629921
11
1.2855451968503937
21
0.6678534251968504
0
LINE
8
BLACK
6
CONTINUOUS
10
1.2855451968503937
20
0.6678534251968504
11
1.2870736614173228
21
0.6705007874015748
0
LINE
8
BLACK
6
CONTINUOUS
10
1.2870736614173228
20
0.6705007874015748
11
1.2898857874015748
21
0.6733129133858268
0
LINE
8
BLACK
6
CONTINUOUS
10
1.2898857874015748
20
0.6733129133858268
11
1.2907091732283464
21
0.6737882677165354
0
LINE
8
BLACK
6
CONTINUOUS
10
1.2907091732283464
20
0.6737882677165354
11
1.2914205905511811
21
0.6744191338582677
0
LINE
8
BLACK
6
CONTINUOUS
10
1.2914205905511811
20
0.6744191338582677
11
1.2970449212598425
21
0.6772312992125984
0
LINE
8
BLACK
6
CONTINUOUS
10
1.2970449212598425
20
0.6772312992125984
11
1.298374842519685
21
0.6775034251968504
0
LINE
8
BLACK
6
CONTINUOUS
10
1.298374842519685
20
0.6775034251968504
11
1.2996859448818898
21
0.6778547637795276
0
LINE
8
BLACK
6
CONTINUOUS
10
1.2996859448818898
20
0.6778547637795276
11
1.3137466535433071
21
0.6778547637795276
0
LINE
8
BLACK
6
CONTINUOUS
10
1.3137466535433071
20
0.6778547637795276
11
1.3150577165354331
21
0.6775034251968504
0
LINE
8
BLACK
6
CONTINUOUS
10
1.3630601181102362
20
0.6775733464566929
11
1.3634206692913386
21
0.6775517322834645
0
LINE
8
BLACK
6
CONTINUOUS
10
1.3634206692913386
20
0.6775517322834645
11
1.364410590551181
21
0.6768981102362205
0
LINE
8
BLACK
6
CONTINUOUS
10
1.364410590551181
20
0.6768981102362205
11
1.3654713385826771
21
0.6763677559055118
0
LINE
8
BLACK
6
CONTINUOUS
10
1.3654713385826771
20
0.6763677559055118
11
1.3656702755905512
21
0.6760664173228347
0
LINE
8
BLACK
6
CONTINUOUS
10
1.3656702755905512
20
0.6760664173228347
11
1.3659717322834646
21
0.6758674015748032
0
LINE
8
BLACK
6
CONTINUOUS
10
1.3659717322834646
20
0.6758674015748032
11
1.3665022440944881
21
0.6748062992125984
0
LINE
8
BLACK
6
CONTINUOUS
10
1.3665022440944881
20
0.6748062992125984
11
1.3671556299212597
21
0.6738167322834645
0
LINE
8
BLACK
6
CONTINUOUS
10
1.3671556299212597
20
0.6738167322834645
11
1.3868407086614174
21
0.6147616141732284
0
LINE
8
BLACK
6
CONTINUOUS
10
1.3868407086614174
20
0.6147616141732284
11
1.3870238582677166
21
0.6117101968503937
0
LINE
8
BLACK
6
CONTINUOUS
10
1.3870238582677166
20
0.6117101968503937
11
1.3856567716535433
21
0.6089759842519685
0
LINE
8
BLACK
6
CONTINUOUS
10
1.3856567716535433
20
0.6089759842519685
11
1.3831057086614174
21
0.6072916535433071
0
LINE
8
BLACK
6
CONTINUOUS
10
1.3831057086614174
20
0.6072916535433071
11
1.3800542913385827
21
0.6071085039370079
0
LINE
8
BLACK
6
CONTINUOUS
10
1.3800542913385827
20
0.6071085039370079
11
1.3773200787401574
21
0.6084755905511811
0
LINE
8
BLACK
6
CONTINUOUS
10
1.3773200787401574
20
0.6084755905511811
11
1.3756357874015748
21
0.6110266535433071
0
LINE
8
BLACK
6
CONTINUOUS
10
1.3756357874015748
20
0.6110266535433071
11
1.3713575196850394
21
0.6238614960629921
0
LINE
8
BLACK
6
CONTINUOUS
10
1.3713575196850394
20
0.6238614960629921
11
1.3517488976377952
21
0.6238614960629921
0
LINE
8
BLACK
6
CONTINUOUS
10
1.3517488976377952
20
0.6238614960629921
11
1.347470590551181
21
0.6110266535433071
0
LINE
8
BLACK
6
CONTINUOUS
10
1.347470590551181
20
0.6110266535433071
11
1.3457862992125984
21
0.6084756299212598
0
LINE
8
BLACK
6
CONTINUOUS
10
1.3457862992125984
20
0.6084756299212598
11
1.3430520866141733
21
0.6071085039370079
0
LINE
8
BLACK
6
CONTINUOUS
10
1.3430520866141733
20
0.6071085039370079
11
1.3400006692913387
21
0.6072916929133858
0
LINE
8
BLACK
6
CONTINUOUS
10
1.3400006692913387
20
0.6072916929133858
11
1.3374496456692913
21
0.6089759842519685
0
LINE
8
BLACK
6
CONTINUOUS
10
1.3374496456692913
20
0.6089759842519685
11
1.3360825196850394
21
0.6117101968503937
0
LINE
8
BLACK
6
CONTINUOUS
10
1.3360825196850394
20
0.6117101968503937
11
1.3362657086614174
21
0.6147616141732284
0
LINE
8
BLACK
6
CONTINUOUS
10
1.3362657086614174
20
0.6147616141732284
11
1.3559507480314961
21
0.6738167322834645
0
LINE
8
BLACK
6
CONTINUOUS
10
1.3559507480314961
20
0.6738167322834645
11
1.3566042125984252
21
0.6748064960629921
0
LINE
8
BLACK
6
CONTINUOUS
10
1.3566042125984252
20
0.6748064960629921
11
1.35713468503937
21
0.6758674015748032
0
LINE
8
BLACK
6
CONTINUOUS
10
1.35713468503937
20
0.6758674015748032
11
1.3574359842519685
21
0.6760663385826772
0
LINE
8
BLACK
6
CONTINUOUS
10
1.3574359842519685
20
0.6760663385826772
11
1.3576350393700787
21
0.6763677952755905
0
LINE
8
BLACK
6
CONTINUOUS
10
1.3576350393700787
20
0.6763677952755905
11
1.3586961023622046
21
0.6768983070866141
0
LINE
8
BLACK
6
CONTINUOUS
10
1.3586961023622046
20
0.6768983070866141
11
1.3596857086614174
21
0.6775516929133858
0
LINE
8
BLACK
6
CONTINUOUS
10
1.3596857086614174
20
0.6775516929133858
11
1.3600461417322833
21
0.6775733070866141
0
LINE
8
BLACK
6
CONTINUOUS
10
1.3600461417322833
20
0.6775733070866141
11
1.360369251968504
21
0.6777348818897637
0
LINE
8
BLACK
6
CONTINUOUS
10
1.360369251968504
20
0.6777348818897637
11
1.3615533070866142
21
0.6776637795275591
0
LINE
8
BLACK
6
CONTINUOUS
10
1.3615533070866142
20
0.6776637795275591
11
1.362737125984252
21
0.6777348818897637
0
LINE
8
BLACK
6
CONTINUOUS
10
1.362737125984252
20
0.6777348818897637
11
1.3630601181102362
21
0.6775733464566929
0
LINE
8
BLACK
6
CONTINUOUS
10
1.3556859055118109
20
0.6356725196850394
11
1.3674205118110236
21
0.6356725196850394
0
LINE
8
BLACK
6
CONTINUOUS
10
1.3674205118110236
20
0.6356725196850394
11
1.3615531889763779
21
0.6532743700787401
0
LINE
8
BLACK
6
CONTINUOUS
10
1.3615531889763779
20
0.6532743700787401
11
1.3556859055118109
21
0.6356725196850394
0
LINE
8
BLACK
6
CONTINUOUS
10
0.328519842519685
20
0.6350642913385827
11
0.3296387007874015
21
0.6344183464566929
0
LINE
8
BLACK
6
CONTINUOUS
10
0.3296387007874015
20
0.6344183464566929
11
0.3296387007874015
21
0.6344183070866142
0
LINE
8
BLACK
6
CONTINUOUS
10
0.3296387007874015
20
0.6344183070866142
11
0.3296387401574803
21
0.6344183070866142
0
LINE
8
BLACK
6
CONTINUOUS
10
0.3296387401574803
20
0.6344183070866142
11
0.3324508267716536
21
0.6316061811023622
0
LINE
8
BLACK
6
CONTINUOUS
10
0.3324508267716536
20
0.6316061811023622
11
0.3328395275590551
21
0.630932874015748
0
LINE
8
BLACK
6
CONTINUOUS
10
0.3328395275590551
20
0.630932874015748
11
0.3333893307086614
21
0.6303831102362205
0
LINE
8
BLACK
6
CONTINUOUS
10
0.3333893307086614
20
0.6303831102362205
11
0.3335905511811024
21
0.629632125984252
0
LINE
8
BLACK
6
CONTINUOUS
10
0.3335905511811024
20
0.629632125984252
11
0.3339792913385827
21
0.6289588188976378
0
LINE
8
BLACK
6
CONTINUOUS
10
0.3339792913385827
20
0.6289588188976378
11
0.3339792913385827
21
0.6289587795275591
0
LINE
8
BLACK
6
CONTINUOUS
10
0.3339792913385827
20
0.6289587795275591
11
0.3339792913385827
21
0.6281812992125985
0
LINE
8
BLACK
6
CONTINUOUS
10
0.3339792913385827
20
0.6281812992125985
11
0.3341805118110236
21
0.6274303543307086
0
LINE
8
BLACK
6
CONTINUOUS
10
0.3341805118110236
20
0.6274303543307086
11
0.3339792913385827
21
0.6266793700787402
0
LINE
8
BLACK
6
CONTINUOUS
10
0.3339792913385827
20
0.6266793700787402
11
0.3339792913385827
21
0.6259018503937007
0
LINE
8
BLACK
6
CONTINUOUS
10
0.3339792913385827
20
0.6259018503937007
11
0.3335905118110236
21
0.6252285039370079
0
LINE
8
BLACK
6
CONTINUOUS
10
0.3335905118110236
20
0.6252285039370079
11
0.3333893307086614
21
0.6244775984251968
0
LINE
8
BLACK
6
CONTINUOUS
10
0.3333893307086614
20
0.6244775984251968
11
0.3328395275590551
21
0.6239277952755905
0
LINE
8
BLACK
6
CONTINUOUS
10
0.3328395275590551
20
0.6239277952755905
11
0.3324508267716536
21
0.6232545275590551
0
LINE
8
BLACK
6
CONTINUOUS
10
0.3324508267716536
20
0.6232545275590551
11
0.3296387007874015
21
0.6204424015748031
0
LINE
8
BLACK
6
CONTINUOUS
10
0.3296387007874015
20
0.6204424015748031
11
0.3296386220472441
21
0.6204423622047244
0
LINE
8
BLACK
6
CONTINUOUS
10
0.3296386220472441
20
0.6204423622047244
11
0.3269913779527559
21
0.618913937007874
0
LINE
8
BLACK
6
CONTINUOUS
10
0.3269913779527559
20
0.618913937007874
11
0.3239344488188977
21
0.618913937007874
0
LINE
8
BLACK
6
CONTINUOUS
10
0.3239344488188977
20
0.618913937007874
11
0.3239344094488189
21
0.618913937007874
0
LINE
8
BLACK
6
CONTINUOUS
10
0.3239344094488189
20
0.618913937007874
11
0.3224059842519685
21
0.6197963779527559
0
LINE
8
BLACK
6
CONTINUOUS
10
0.3224059842519685
20
0.6197963779527559
11
0.3212870866141732
21
0.6204423622047244
0
LINE
8
BLACK
6
CONTINUOUS
10
0.3212870866141732
20
0.6204423622047244
11
0.3184749212598425
21
0.6232544881889763
0
LINE
8
BLACK
6
CONTINUOUS
10
0.3184749212598425
20
0.6232544881889763
11
0.3184748425196851
21
0.6232545669291338
0
LINE
8
BLACK
6
CONTINUOUS
10
0.3184748425196851
20
0.6232545669291338
11
0.3180861417322834
21
0.6239277952755905
0
LINE
8
BLACK
6
CONTINUOUS
10
0.3180861417322834
20
0.6239277952755905
11
0.3175363779527559
21
0.6244775984251968
0
LINE
8
BLACK
6
CONTINUOUS
10
0.3175363779527559
20
0.6244775984251968
11
0.3173351574803149
21
0.6252285039370079
0
LINE
8
BLACK
6
CONTINUOUS
10
0.3173351574803149
20
0.6252285039370079
11
0.3169464173228346
21
0.6259018503937007
0
LINE
8
BLACK
6
CONTINUOUS
10
0.3169464173228346
20
0.6259018503937007
11
0.3169464173228346
21
0.6266793700787402
0
LINE
8
BLACK
6
CONTINUOUS
10
0.3169464173228346
20
0.6266793700787402
11
0.3167451968503937
21
0.6274303543307086
0
LINE
8
BLACK
6
CONTINUOUS
10
0.3167451968503937
20
0.6274303543307086
11
0.3169464173228346
21
0.6281812992125985
0
LINE
8
BLACK
6
CONTINUOUS
10
0.3169464173228346
20
0.6281812992125985
11
0.3169464173228346
21
0.6289587795275591
0
LINE
8
BLACK
6
CONTINUOUS
10
0.3169464173228346
20
0.6289587795275591
11
0.3169464173228346
21
0.6289588188976378
0
LINE
8
BLACK
6
CONTINUOUS
10
0.3169464173228346
20
0.6289588188976378
11
0.3173351181102362
21
0.629632125984252
0
LINE
8
BLACK
6
CONTINUOUS
10
0.3173351181102362
20
0.629632125984252
11
0.3175363779527559
21
0.6303831102362205
0
LINE
8
BLACK
6
CONTINUOUS
10
0.3175363779527559
20
0.6303831102362205
11
0.3180861417322834
21
0.630932874015748
0
LINE
8
BLACK
6
CONTINUOUS
10
0.3180861417322834
20
0.630932874015748
11
0.3184748818897638
21
0.6316061811023622
0
LINE
8
BLACK
6
CONTINUOUS
10
0.3184748818897638
20
0.6316061811023622
11
0.3212870472440945
21
0.6344183464566929
0
LINE
8
BLACK
6
CONTINUOUS
10
0.3212870472440945
20
0.6344183464566929
11
0.3212870866141732
21
0.6344183858267717
0
LINE
8
BLACK
6
CONTINUOUS
10
0.3212870866141732
20
0.6344183858267717
11
0.3224059842519685
21
0.6350643307086614
0
LINE
8
BLACK
6
CONTINUOUS
10
0.3224059842519685
20
0.6350643307086614
11
0.3239344094488189
21
0.635946811023622
0
LINE
8
BLACK
6
CONTINUOUS
10
0.3239344094488189
20
0.635946811023622
11
0.3269913385826771
21
0.635946811023622
0
LINE
8
BLACK
6
CONTINUOUS
10
0.3269913385826771
20
0.635946811023622
11
0.3269913779527559
21
0.635946811023622
0
LINE
8
BLACK
6
CONTINUOUS
10
0.3269913779527559
20
0.635946811023622
11
0.328519842519685
21
0.6350642913385827
0
LINE
8
BLACK
6
CONTINUOUS
10
0.3846585826771654
20
0.6325446850393701
11
0.386820157480315
21
0.6303831102362205
0
LINE
8
BLACK
6
CONTINUOUS
10
0.386820157480315
20
0.6303831102362205
11
0.3876113385826772
21
0.6274303543307086
0
LINE
8
BLACK
6
CONTINUOUS
10
0.3876113385826772
20
0.6274303543307086
11
0.386820157480315
21
0.6244775984251968
0
LINE
8
BLACK
6
CONTINUOUS
10
0.386820157480315
20
0.6244775984251968
11
0.3846585826771654
21
0.6223160236220472
0
LINE
8
BLACK
6
CONTINUOUS
10
0.3846585826771654
20
0.6223160236220472
11
0.3817058267716535
21
0.621524842519685
0
LINE
8
BLACK
6
CONTINUOUS
10
0.3817058267716535
20
0.621524842519685
11
0.3423357480314961
21
0.621524842519685
0
LINE
8
BLACK
6
CONTINUOUS
10
0.3423357480314961
20
0.621524842519685
11
0.3393829921259842
21
0.6223160236220472
0
LINE
8
BLACK
6
CONTINUOUS
10
0.3393829921259842
20
0.6223160236220472
11
0.3372214173228346
21
0.6244775984251968
0
LINE
8
BLACK
6
CONTINUOUS
10
0.3372214173228346
20
0.6244775984251968
11
0.3364302362204724
21
0.6274303543307086
0
LINE
8
BLACK
6
CONTINUOUS
10
0.3364302362204724
20
0.6274303543307086
11
0.3372214173228346
21
0.6303831102362205
0
LINE
8
BLACK
6
CONTINUOUS
10
0.3372214173228346
20
0.6303831102362205
11
0.3393829921259842
21
0.6325446850393701
0
LINE
8
BLACK
6
CONTINUOUS
10
0.3393829921259842
20
0.6325446850393701
11
0.3423357480314961
21
0.6333358661417323
0
LINE
8
BLACK
6
CONTINUOUS
10
0.3423357480314961
20
0.6333358661417323
11
0.3817058267716535
21
0.6333358661417323
0
LINE
8
BLACK
6
CONTINUOUS
10
0.3817058267716535
20
0.6333358661417323
11
0.3846585826771654
21
0.6325446850393701
0
LINE
8
BLACK
6
CONTINUOUS
10
0.3846585826771654
20
0.6859755511811023
11
0.386820157480315
21
0.6838139763779527
0
LINE
8
BLACK
6
CONTINUOUS
10
0.386820157480315
20
0.6838139763779527
11
0.3876113385826772
21
0.6808612204724409
0
LINE
8
BLACK
6
CONTINUOUS
10
0.3876113385826772
20
0.6808612204724409
11
0.3868733464566929
21
0.678106968503937
0
LINE
8
BLACK
6
CONTINUOUS
10
0.3868733464566929
20
0.678106968503937
11
0.3869879133858268
21
0.6778778740157481
0
LINE
8
BLACK
6
CONTINUOUS
10
0.3869879133858268
20
0.6778778740157481
11
0.3872600787401575
21
0.6765477559055117
0
LINE
8
BLACK
6
CONTINUOUS
10
0.3872600787401575
20
0.6765477559055117
11
0.3876113385826772
21
0.6752368897637795
0
LINE
8
BLACK
6
CONTINUOUS
10
0.3876113385826772
20
0.6752368897637795
11
0.3876113385826772
21
0.6611761811023622
0
LINE
8
BLACK
6
CONTINUOUS
10
0.3876113385826772
20
0.6611761811023622
11
0.3872600787401575
21
0.6598652755905512
0
LINE
8
BLACK
6
CONTINUOUS
10
0.3872600787401575
20
0.6598652755905512
11
0.3869879133858268
21
0.6585351968503936
0
LINE
8
BLACK
6
CONTINUOUS
10
0.3869879133858268
20
0.6585351968503936
11
0.3841757480314961
21
0.6529108661417322
0
LINE
8
BLACK
6
CONTINUOUS
10
0.3841757480314961
20
0.6529108661417322
11
0.3839361417322835
21
0.6526406692913386
0
LINE
8
BLACK
6
CONTINUOUS
10
0.3839361417322835
20
0.6526406692913386
11
0.3838219291338583
21
0.6522979527559055
0
LINE
8
BLACK
6
CONTINUOUS
10
0.3838219291338583
20
0.6522979527559055
11
0.3829343307086614
21
0.6515108661417323
0
LINE
8
BLACK
6
CONTINUOUS
10
0.3829343307086614
20
0.6515108661417323
11
0.3821475984251969
21
0.6506236614173229
0
LINE
8
BLACK
6
CONTINUOUS
10
0.3821475984251969
20
0.6506236614173229
11
0.3818049606299213
21
0.6505094488188976
0
LINE
8
BLACK
6
CONTINUOUS
10
0.3818049606299213
20
0.6505094488188976
11
0.3815347244094488
21
0.6502698031496063
0
LINE
8
BLACK
6
CONTINUOUS
10
0.3815347244094488
20
0.6502698031496063
11
0.3759103543307086
21
0.6474576771653543
0
LINE
8
BLACK
6
CONTINUOUS
10
0.3759103543307086
20
0.6474576771653543
11
0.3745805905511811
21
0.6471855511811023
0
LINE
8
BLACK
6
CONTINUOUS
10
0.3745805905511811
20
0.6471855511811023
11
0.3732693700787402
21
0.6468342125984252
0
LINE
8
BLACK
6
CONTINUOUS
10
0.3732693700787402
20
0.6468342125984252
11
0.3676450787401574
21
0.6468342125984252
0
LINE
8
BLACK
6
CONTINUOUS
10
0.3676450787401574
20
0.6468342125984252
11
0.3663338188976378
21
0.6471855511811023
0
LINE
8
BLACK
6
CONTINUOUS
10
0.3663338188976378
20
0.6471855511811023
11
0.365004094488189
21
0.6474576771653543
0
LINE
8
BLACK
6
CONTINUOUS
10
0.365004094488189
20
0.6474576771653543
11
0.3593797637795276
21
0.6502698031496063
0
LINE
8
BLACK
6
CONTINUOUS
10
0.3593797637795276
20
0.6502698031496063
11
0.3591095669291339
21
0.6505093700787401
0
LINE
8
BLACK
6
CONTINUOUS
10
0.3591095669291339
20
0.6505093700787401
11
0.3587668897637795
21
0.6506236220472441
0
LINE
8
BLACK
6
CONTINUOUS
10
0.3587668897637795
20
0.6506236220472441
11
0.3579799606299213
21
0.6515110236220473
0
LINE
8
BLACK
6
CONTINUOUS
10
0.3579799606299213
20
0.6515110236220473
11
0.3570925590551181
21
0.6522979527559055
0
LINE
8
BLACK
6
CONTINUOUS
10
0.3570925590551181
20
0.6522979527559055
11
0.3569783070866142
21
0.6526406299212598
0
LINE
8
BLACK
6
CONTINUOUS
10
0.3569783070866142
20
0.6526406299212598
11
0.3567387401574803
21
0.6529108267716536
0
LINE
8
BLACK
6
CONTINUOUS
10
0.3567387401574803
20
0.6529108267716536
11
0.3539266141732283
21
0.6585351968503936
0
LINE
8
BLACK
6
CONTINUOUS
10
0.3539266141732283
20
0.6585351968503936
11
0.3536544881889764
21
0.6598649212598425
0
LINE
8
BLACK
6
CONTINUOUS
10
0.3536544881889764
20
0.6598649212598425
11
0.3533031496062992
21
0.6611761811023622
0
LINE
8
BLACK
6
CONTINUOUS
10
0.3533031496062992
20
0.6611761811023622
11
0.3533031496062992
21
0.6738427952755905
0
LINE
8
BLACK
6
CONTINUOUS
10
0.3533031496062992
20
0.6738427952755905
11
0.3527466929133858
21
0.6749557086614173
0
LINE
8
BLACK
6
CONTINUOUS
10
0.3527466929133858
20
0.6749557086614173
11
0.3521662992125984
21
0.6749557086614173
0
LINE
8
BLACK
6
CONTINUOUS
10
0.3521662992125984
20
0.6749557086614173
11
0.3495496062992126
21
0.6736473622047244
0
LINE
8
BLACK
6
CONTINUOUS
10
0.3495496062992126
20
0.6736473622047244
11
0.3482412598425197
21
0.6710306299212598
0
LINE
8
BLACK
6
CONTINUOUS
10
0.3482412598425197
20
0.6710306299212598
11
0.3482412598425197
21
0.6625702755905511
0
LINE
8
BLACK
6
CONTINUOUS
10
0.3482412598425197
20
0.6625702755905511
11
0.3504299606299213
21
0.658192874015748
0
LINE
8
BLACK
6
CONTINUOUS
10
0.3504299606299213
20
0.658192874015748
11
0.3510428346456693
21
0.6551980314960629
0
LINE
8
BLACK
6
CONTINUOUS
10
0.3510428346456693
20
0.6551980314960629
11
0.3500761417322835
21
0.6522979527559055
0
LINE
8
BLACK
6
CONTINUOUS
10
0.3500761417322835
20
0.6522979527559055
11
0.347788937007874
21
0.6502698031496063
0
LINE
8
BLACK
6
CONTINUOUS
10
0.347788937007874
20
0.6502698031496063
11
0.344794094488189
21
0.6496569291338583
0
LINE
8
BLACK
6
CONTINUOUS
10
0.344794094488189
20
0.6496569291338583
11
0.3418940157480315
21
0.6506236220472441
0
LINE
8
BLACK
6
CONTINUOUS
10
0.3418940157480315
20
0.6506236220472441
11
0.3398658661417323
21
0.6529108267716536
0
LINE
8
BLACK
6
CONTINUOUS
10
0.3398658661417323
20
0.6529108267716536
11
0.3370537007874015
21
0.658535157480315
0
LINE
8
BLACK
6
CONTINUOUS
10
0.3370537007874015
20
0.658535157480315
11
0.3367815354330709
21
0.6598650787401574
0
LINE
8
BLACK
6
CONTINUOUS
10
0.3367815354330709
20
0.6598650787401574
11
0.3364302362204724
21
0.6611761811023622
0
LINE
8
BLACK
6
CONTINUOUS
10
0.3364302362204724
20
0.6611761811023622
11
0.3364302362204724
21
0.6724247637795275
0
LINE
8
BLACK
6
CONTINUOUS
10
0.3364302362204724
20
0.6724247637795275
11
0.3367815354330709
21
0.6737358267716536
0
LINE
8
BLACK
6
CONTINUOUS
10
0.3367815354330709
20
0.6737358267716536
11
0.3370537007874015
21
0.6750657874015747
0
LINE
8
BLACK
6
CONTINUOUS
10
0.3370537007874015
20
0.6750657874015747
11
0.3398658661417323
21
0.6806900787401574
0
LINE
8
BLACK
6
CONTINUOUS
10
0.3398658661417323
20
0.6806900787401574
11
0.3401054724409449
21
0.6809602755905512
0
LINE
8
BLACK
6
CONTINUOUS
10
0.3401054724409449
20
0.6809602755905512
11
0.3402196850393701
21
0.6813029133858267
0
LINE
8
BLACK
6
CONTINUOUS
10
0.3402196850393701
20
0.6813029133858267
11
0.3411070866141732
21
0.6820898425196851
0
LINE
8
BLACK
6
CONTINUOUS
10
0.3411070866141732
20
0.6820898425196851
11
0.3418940551181102
21
0.6829772834645669
0
LINE
8
BLACK
6
CONTINUOUS
10
0.3418940551181102
20
0.6829772834645669
11
0.3422366535433071
21
0.6830914566929134
0
LINE
8
BLACK
6
CONTINUOUS
10
0.3422366535433071
20
0.6830914566929134
11
0.3425068897637795
21
0.6833311023622047
0
LINE
8
BLACK
6
CONTINUOUS
10
0.3425068897637795
20
0.6833311023622047
11
0.3481311417322834
21
0.6861432677165354
0
LINE
8
BLACK
6
CONTINUOUS
10
0.3481311417322834
20
0.6861432677165354
11
0.3494611417322834
21
0.6864154330708662
0
LINE
8
BLACK
6
CONTINUOUS
10
0.3494611417322834
20
0.6864154330708662
11
0.3507722047244095
21
0.6867667322834645
0
LINE
8
BLACK
6
CONTINUOUS
10
0.3507722047244095
20
0.6867667322834645
11
0.3817058267716535
21
0.6867667322834645
0
LINE
8
BLACK
6
CONTINUOUS
10
0.3817058267716535
20
0.6867667322834645
11
0.3846585826771654
21
0.6859755511811023
0
LINE
8
BLACK
6
CONTINUOUS
10
0.3651141732283464
20
0.6625702362204724
11
0.3664224803149606
21
0.6599535433070866
0
LINE
8
BLACK
6
CONTINUOUS
10
0.3664224803149606
20
0.6599535433070866
11
0.3690391732283465
21
0.6586452362204724
0
LINE
8
BLACK
6
CONTINUOUS
10
0.3690391732283465
20
0.6586452362204724
11
0.3718753149606299
21
0.6586452362204724
0
LINE
8
BLACK
6
CONTINUOUS
10
0.3718753149606299
20
0.6586452362204724
11
0.3744920078740158
21
0.6599535826771653
0
LINE
8
BLACK
6
CONTINUOUS
10
0.3744920078740158
20
0.6599535826771653
11
0.3758003149606299
21
0.6625702362204724
0
LINE
8
BLACK
6
CONTINUOUS
10
0.3758003149606299
20
0.6625702362204724
11
0.3758003149606299
21
0.6738427952755905
0
LINE
8
BLACK
6
CONTINUOUS
10
0.3758003149606299
20
0.6738427952755905
11
0.3752438976377953
21
0.6749557086614173
0
LINE
8
BLACK
6
CONTINUOUS
10
0.3752438976377953
20
0.6749557086614173
11
0.3651141732283464
21
0.6749557086614173
0
LINE
8
BLACK
6
CONTINUOUS
10
0.3651141732283464
20
0.6749557086614173
11
0.3651141732283464
21
0.6625702362204724
0
LINE
8
BLACK
6
CONTINUOUS
10
0.3745804330708661
20
0.7370340551181103
11
0.3759103937007874
21
0.7367619291338583
0
LINE
8
BLACK
6
CONTINUOUS
10
0.3759103937007874
20
0.7367619291338583
11
0.3815347244094488
21
0.7339497637795276
0
LINE
8
BLACK
6
CONTINUOUS
10
0.3815347244094488
20
0.7339497637795276
11
0.3818048818897637
21
0.733710157480315
0
LINE
8
BLACK
6
CONTINUOUS
10
0.3818048818897637
20
0.733710157480315
11
0.3821475984251969
21
0.7335959448818897
0
LINE
8
BLACK
6
CONTINUOUS
10
0.3821475984251969
20
0.7335959448818897
11
0.3829344881889764
21
0.7327085039370078
0
LINE
8
BLACK
6
CONTINUOUS
10
0.3829344881889764
20
0.7327085039370078
11
0.3838219291338583
21
0.7319216141732283
0
LINE
8
BLACK
6
CONTINUOUS
10
0.3838219291338583
20
0.7319216141732283
11
0.3839361417322835
21
0.7315788976377953
0
LINE
8
BLACK
6
CONTINUOUS
10
0.3839361417322835
20
0.7315788976377953
11
0.3841757480314961
21
0.7313087401574803
0
LINE
8
BLACK
6
CONTINUOUS
10
0.3841757480314961
20
0.7313087401574803
11
0.386987874015748
21
0.7256844094488188
0
LINE
8
BLACK
6
CONTINUOUS
10
0.386987874015748
20
0.7256844094488188
11
0.3872599606299212
21
0.7243546456692913
0
LINE
8
BLACK
6
CONTINUOUS
10
0.3872599606299212
20
0.7243546456692913
11
0.3876113385826772
21
0.7230434251968504
0
LINE
8
BLACK
6
CONTINUOUS
10
0.3876113385826772
20
0.7230434251968504
11
0.3876113385826772
21
0.7117948425196851
0
LINE
8
BLACK
6
CONTINUOUS
10
0.3876113385826772
20
0.7117948425196851
11
0.3872599606299212
21
0.7104835826771654
0
LINE
8
BLACK
6
CONTINUOUS
10
0.3872599606299212
20
0.7104835826771654
11
0.386987874015748
21
0.7091538582677165
0
LINE
8
BLACK
6
CONTINUOUS
10
0.386987874015748
20
0.7091538582677165
11
0.3841757480314961
21
0.7035295275590551
0
LINE
8
BLACK
6
CONTINUOUS
10
0.3841757480314961
20
0.7035295275590551
11
0.3821475984251969
21
0.7012423228346456
0
LINE
8
BLACK
6
CONTINUOUS
10
0.3821475984251969
20
0.7012423228346456
11
0.3792475590551181
21
0.7002756299212598
0
LINE
8
BLACK
6
CONTINUOUS
10
0.3792475590551181
20
0.7002756299212598
11
0.3762526771653543
21
0.7008885039370079
0
LINE
8
BLACK
6
CONTINUOUS
10
0.3762526771653543
20
0.7008885039370079
11
0.3739654724409449
21
0.7029166535433071
0
LINE
8
BLACK
6
CONTINUOUS
10
0.3739654724409449
20
0.7029166535433071
11
0.3729987795275591
21
0.7058166929133858
0
LINE
8
BLACK
6
CONTINUOUS
10
0.3729987795275591
20
0.7058166929133858
11
0.3736116535433071
21
0.7088115748031496
0
LINE
8
BLACK
6
CONTINUOUS
10
0.3736116535433071
20
0.7088115748031496
11
0.3758003149606299
21
0.7131888976377952
0
LINE
8
BLACK
6
CONTINUOUS
10
0.3758003149606299
20
0.7131888976377952
11
0.3758003149606299
21
0.7216493307086614
0
LINE
8
BLACK
6
CONTINUOUS
10
0.3758003149606299
20
0.7216493307086614
11
0.374491968503937
21
0.7242659842519685
0
LINE
8
BLACK
6
CONTINUOUS
10
0.374491968503937
20
0.7242659842519685
11
0.3718752755905512
21
0.7255743700787401
0
LINE
8
BLACK
6
CONTINUOUS
10
0.3718752755905512
20
0.7255743700787401
11
0.3718513385826772
21
0.7255743700787401
0
LINE
8
BLACK
6
CONTINUOUS
10
0.3718513385826772
20
0.7255743700787401
11
0.3692346456692913
21
0.7242660236220472
0
LINE
8
BLACK
6
CONTINUOUS
10
0.3692346456692913
20
0.7242660236220472
11
0.3679262992125984
21
0.7216492913385827
0
LINE
8
BLACK
6
CONTINUOUS
10
0.3679262992125984
20
0.7216492913385827
11
0.3679262992125984
21
0.7146070078740158
0
LINE
8
BLACK
6
CONTINUOUS
10
0.3679262992125984
20
0.7146070078740158
11
0.3675750393700787
21
0.7132961023622048
0
LINE
8
BLACK
6
CONTINUOUS
10
0.3675750393700787
20
0.7132961023622048
11
0.367302874015748
21
0.7119660236220472
0
LINE
8
BLACK
6
CONTINUOUS
10
0.367302874015748
20
0.7119660236220472
11
0.3644907086614173
21
0.7063416929133858
0
LINE
8
BLACK
6
CONTINUOUS
10
0.3644907086614173
20
0.7063416929133858
11
0.3642511023622047
21
0.7060714960629921
0
LINE
8
BLACK
6
CONTINUOUS
10
0.3642511023622047
20
0.7060714960629921
11
0.3641368897637795
21
0.7057287795275591
0
LINE
8
BLACK
6
CONTINUOUS
10
0.3641368897637795
20
0.7057287795275591
11
0.3632492913385827
21
0.7049416929133858
0
LINE
8
BLACK
6
CONTINUOUS
10
0.3632492913385827
20
0.7049416929133858
11
0.3624625590551181
21
0.7040544881889763
0
LINE
8
BLACK
6
CONTINUOUS
10
0.3624625590551181
20
0.7040544881889763
11
0.3621199212598425
21
0.7039402755905512
0
LINE
8
BLACK
6
CONTINUOUS
10
0.3621199212598425
20
0.7039402755905512
11
0.3618496850393701
21
0.7037006299212598
0
LINE
8
BLACK
6
CONTINUOUS
10
0.3618496850393701
20
0.7037006299212598
11
0.3562253149606299
21
0.7008885039370079
0
LINE
8
BLACK
6
CONTINUOUS
10
0.3562253149606299
20
0.7008885039370079
11
0.3548955511811023
21
0.7006163779527559
0
LINE
8
BLACK
6
CONTINUOUS
10
0.3548955511811023
20
0.7006163779527559
11
0.3535843307086614
21
0.7002650393700788
0
LINE
8
BLACK
6
CONTINUOUS
10
0.3535843307086614
20
0.7002650393700788
11
0.3507722047244095
21
0.7002650393700788
0
LINE
8
BLACK
6
CONTINUOUS
10
0.3507722047244095
20
0.7002650393700788
11
0.3494609448818898
21
0.7006163779527559
0
LINE
8
BLACK
6
CONTINUOUS
10
0.3494609448818898
20
0.7006163779527559
11
0.3481312204724409
21
0.7008885039370079
0
LINE
8
BLACK
6
CONTINUOUS
10
0.3481312204724409
20
0.7008885039370079
11
0.3425068897637795
21
0.7037006299212598
0
LINE
8
BLACK
6
CONTINUOUS
10
0.3425068897637795
20
0.7037006299212598
11
0.3422366929133858
21
0.7039401968503937
0
LINE
8
BLACK
6
CONTINUOUS
10
0.3422366929133858
20
0.7039401968503937
11
0.3418940157480315
21
0.7040544488188977
0
LINE
8
BLACK
6
CONTINUOUS
10
0.3418940157480315
20
0.7040544488188977
11
0.3411070866141732
21
0.7049418503937007
0
LINE
8
BLACK
6
CONTINUOUS
10
0.3411070866141732
20
0.7049418503937007
11
0.3402196850393701
21
0.7057287795275591
0
LINE
8
BLACK
6
CONTINUOUS
10
0.3402196850393701
20
0.7057287795275591
11
0.3401054330708662
21
0.7060714566929134
0
LINE
8
BLACK
6
CONTINUOUS
10
0.3401054330708662
20
0.7060714566929134
11
0.3398658661417323
21
0.706341653543307
0
LINE
8
BLACK
6
CONTINUOUS
10
0.3398658661417323
20
0.706341653543307
11
0.3370537007874015
21
0.7119659842519684
0
LINE
8
BLACK
6
CONTINUOUS
10
0.3370537007874015
20
0.7119659842519684
11
0.3367815354330709
21
0.713295905511811
0
LINE
8
BLACK
6
CONTINUOUS
10
0.3367815354330709
20
0.713295905511811
11
0.3364302362204724
21
0.7146070078740158
0
LINE
8
BLACK
6
CONTINUOUS
10
0.3364302362204724
20
0.7146070078740158
11
0.3364302362204724
21
0.7230434251968504
0
LINE
8
BLACK
6
CONTINUOUS
10
0.3364302362204724
20
0.7230434251968504
11
0.3367815354330709
21
0.7243544881889764
0
LINE
8
BLACK
6
CONTINUOUS
10
0.3367815354330709
20
0.7243544881889764
11
0.3370537007874015
21
0.7256844488188976
0
LINE
8
BLACK
6
CONTINUOUS
10
0.3370537007874015
20
0.7256844488188976
11
0.3398658661417323
21
0.7313087401574803
0
LINE
8
BLACK
6
CONTINUOUS
10
0.3398658661417323
20
0.7313087401574803
11
0.3418940551181102
21
0.7335959448818897
0
LINE
8
BLACK
6
CONTINUOUS
10
0.3418940551181102
20
0.7335959448818897
11
0.344794094488189
21
0.7345626377952755
0
LINE
8
BLACK
6
CONTINUOUS
10
0.344794094488189
20
0.7345626377952755
11
0.347788937007874
21
0.7339497637795276
0
LINE
8
BLACK
6
CONTINUOUS
10
0.347788937007874
20
0.7339497637795276
11
0.3500761417322835
21
0.7319215748031496
0
LINE
8
BLACK
6
CONTINUOUS
10
0.3500761417322835
20
0.7319215748031496
11
0.3510428346456693
21
0.7290215354330708
0
LINE
8
BLACK
6
CONTINUOUS
10
0.3510428346456693
20
0.7290215354330708
11
0.3504299606299213
21
0.7260266535433071
0
LINE
8
BLACK
6
CONTINUOUS
10
0.3504299606299213
20
0.7260266535433071
11
0.3482412598425197
21
0.7216492913385827
0
LINE
8
BLACK
6
CONTINUOUS
10
0.3482412598425197
20
0.7216492913385827
11
0.3482412598425197
21
0.7160011023622047
0
LINE
8
BLACK
6
CONTINUOUS
10
0.3482412598425197
20
0.7160011023622047
11
0.3495496062992126
21
0.7133843700787401
0
LINE
8
BLACK
6
CONTINUOUS
10
0.3495496062992126
20
0.7133843700787401
11
0.3521662992125984
21
0.712076062992126
0
LINE
8
BLACK
6
CONTINUOUS
10
0.3521662992125984
20
0.712076062992126
11
0.3521902755905512
21
0.712076062992126
0
LINE
8
BLACK
6
CONTINUOUS
10
0.3521902755905512
20
0.712076062992126
11
0.354806968503937
21
0.7133844094488189
0
LINE
8
BLACK
6
CONTINUOUS
10
0.354806968503937
20
0.7133844094488189
11
0.3561152755905512
21
0.716001062992126
0
LINE
8
BLACK
6
CONTINUOUS
10
0.3561152755905512
20
0.716001062992126
11
0.3561152755905512
21
0.7230434251968504
0
LINE
8
BLACK
6
CONTINUOUS
10
0.3561152755905512
20
0.7230434251968504
11
0.3564665748031496
21
0.7243544881889764
0
LINE
8
BLACK
6
CONTINUOUS
10
0.3564665748031496
20
0.7243544881889764
11
0.3567387401574803
21
0.7256844488188976
0
LINE
8
BLACK
6
CONTINUOUS
10
0.3567387401574803
20
0.7256844488188976
11
0.359550905511811
21
0.7313087401574803
0
LINE
8
BLACK
6
CONTINUOUS
10
0.359550905511811
20
0.7313087401574803
11
0.3597905118110236
21
0.731578937007874
0
LINE
8
BLACK
6
CONTINUOUS
10
0.3597905118110236
20
0.731578937007874
11
0.3599047244094488
21
0.7319215748031496
0
LINE
8
BLACK
6
CONTINUOUS
10
0.3599047244094488
20
0.7319215748031496
11
0.360792125984252
21
0.7327085039370078
0
LINE
8
BLACK
6
CONTINUOUS
10
0.360792125984252
20
0.7327085039370078
11
0.361579094488189
21
0.7335959448818897
0
LINE
8
BLACK
6
CONTINUOUS
10
0.361579094488189
20
0.7335959448818897
11
0.3619216929133858
21
0.7337101181102362
0
LINE
8
BLACK
6
CONTINUOUS
10
0.3619216929133858
20
0.7337101181102362
11
0.3621919291338583
21
0.7339497637795276
0
LINE
8
BLACK
6
CONTINUOUS
10
0.3621919291338583
20
0.7339497637795276
11
0.3678161811023622
21
0.7367619291338583
0
LINE
8
BLACK
6
CONTINUOUS
10
0.3678161811023622
20
0.7367619291338583
11
0.3691461811023622
21
0.7370340944881889
0
LINE
8
BLACK
6
CONTINUOUS
10
0.3691461811023622
20
0.7370340944881889
11
0.3704572440944882
21
0.7373853937007874
0
LINE
8
BLACK
6
CONTINUOUS
10
0.3704572440944882
20
0.7373853937007874
11
0.3732693700787402
21
0.7373853937007874
0
LINE
8
BLACK
6
CONTINUOUS
10
0.3732693700787402
20
0.7373853937007874
11
0.3745804330708661
21
0.7370340551181103
0
LINE
8
BLACK
6
CONTINUOUS
10
1.7967694094488189
20
0.7566361811023622
11
1.7975333464566929
21
0.7542850393700787
0
LINE
8
BLACK
6
CONTINUOUS
10
1.7975333464566929
20
0.7542850393700787
11
1.7975333464566929
21
0.718570748031496
0
LINE
8
BLACK
6
CONTINUOUS
10
1.7975333464566929
20
0.718570748031496
11
1.7973329921259842
21
0.7179541338582677
0
LINE
8
BLACK
6
CONTINUOUS
10
1.7973329921259842
20
0.7179541338582677
11
1.7973280708661417
21
0.7173058267716536
0
LINE
8
BLACK
6
CONTINUOUS
10
1.7973280708661417
20
0.7173058267716536
11
1.7949470866141732
21
0.7101629921259842
0
LINE
8
BLACK
6
CONTINUOUS
10
1.7949470866141732
20
0.7101629921259842
11
1.7943994094488189
21
0.7094211023622047
0
LINE
8
BLACK
6
CONTINUOUS
10
1.7943994094488189
20
0.7094211023622047
11
1.7939807874015747
21
0.7085994881889763
0
LINE
8
BLACK
6
CONTINUOUS
10
1.7939807874015747
20
0.7085994881889763
11
1.7892188976377952
21
0.7038375984251969
0
LINE
8
BLACK
6
CONTINUOUS
10
1.7892188976377952
20
0.7038375984251969
11
1.7883972440944882
21
0.7034189370078739
0
LINE
8
BLACK
6
CONTINUOUS
10
1.7883972440944882
20
0.7034189370078739
11
1.7876553937007873
21
0.7028712992125984
0
LINE
8
BLACK
6
CONTINUOUS
10
1.7876553937007873
20
0.7028712992125984
11
1.7805125196850393
21
0.7004903149606299
0
LINE
8
BLACK
6
CONTINUOUS
10
1.7805125196850393
20
0.7004903149606299
11
1.7798641732283464
21
0.7004853543307087
0
LINE
8
BLACK
6
CONTINUOUS
10
1.7798641732283464
20
0.7004853543307087
11
1.7792475984251968
21
0.7002850393700787
0
LINE
8
BLACK
6
CONTINUOUS
10
1.7792475984251968
20
0.7002850393700787
11
1.7744857086614172
21
0.7002850393700787
0
LINE
8
BLACK
6
CONTINUOUS
10
1.7744857086614172
20
0.7002850393700787
11
1.7721345669291337
21
0.7010489763779527
0
LINE
8
BLACK
6
CONTINUOUS
10
1.7721345669291337
20
0.7010489763779527
11
1.7706814960629922
21
0.7030489763779527
0
LINE
8
BLACK
6
CONTINUOUS
10
1.7706814960629922
20
0.7030489763779527
11
1.7706814960629922
21
0.7055211023622047
0
LINE
8
BLACK
6
CONTINUOUS
10
1.7706814960629922
20
0.7055211023622047
11
1.7721345669291337
21
0.7075211023622047
0
LINE
8
BLACK
6
CONTINUOUS
10
1.7721345669291337
20
0.7075211023622047
11
1.7744857086614172
21
0.7082850393700787
0
LINE
8
BLACK
6
CONTINUOUS
10
1.7744857086614172
20
0.7082850393700787
11
1.7785985039370078
21
0.7082850393700787
0
LINE
8
BLACK
6
CONTINUOUS
10
1.7785985039370078
20
0.7082850393700787
11
1.7842297244094487
21
0.710162125984252
0
LINE
8
BLACK
6
CONTINUOUS
10
1.7842297244094487
20
0.710162125984252
11
1.7876562204724409
21
0.713588622047244
0
LINE
8
BLACK
6
CONTINUOUS
10
1.7876562204724409
20
0.713588622047244
11
1.7895333464566929
21
0.7192198425196851
0
LINE
8
BLACK
6
CONTINUOUS
10
1.7895333464566929
20
0.7192198425196851
11
1.7895333464566929
21
0.7542850393700787
0
LINE
8
BLACK
6
CONTINUOUS
10
1.7895333464566929
20
0.7542850393700787
11
1.790297283464567
21
0.7566361811023622
0
LINE
8
BLACK
6
CONTINUOUS
10
1.790297283464567
20
0.7566361811023622
11
1.792297283464567
21
0.758089251968504
0
LINE
8
BLACK
6
CONTINUOUS
10
1.792297283464567
20
0.758089251968504
11
1.7947694094488189
21
0.758089251968504
0
LINE
8
BLACK
6
CONTINUOUS
10
1.7947694094488189
20
0.758089251968504
11
1.7967694094488189
21
0.7566361811023622
0
LINE
8
BLACK
6
CONTINUOUS
10
1.829242283464567
20
0.7598841338582677
11
1.8306801574803149
21
0.7578731889763779
0
LINE
8
BLACK
6
CONTINUOUS
10
1.8306801574803149
20
0.7578731889763779
11
1.8306613779527559
21
0.7554011417322835
0
LINE
8
BLACK
6
CONTINUOUS
10
1.8306613779527559
20
0.7554011417322835
11
1.8205115748031495
21
0.7249517322834645
0
LINE
8
BLACK
6
CONTINUOUS
10
1.8205115748031495
20
0.7249517322834645
11
1.8347714173228347
21
0.7249517322834645
0
LINE
8
BLACK
6
CONTINUOUS
10
1.8347714173228347
20
0.7249517322834645
11
1.8347714173228347
21
0.7376183858267716
0
LINE
8
BLACK
6
CONTINUOUS
10
1.8347714173228347
20
0.7376183858267716
11
1.8355353543307087
21
0.7399695275590551
0
LINE
8
BLACK
6
CONTINUOUS
10
1.8355353543307087
20
0.7399695275590551
11
1.8375353543307087
21
0.7414225984251969
0
LINE
8
BLACK
6
CONTINUOUS
10
1.8375353543307087
20
0.7414225984251969
11
1.8400074803149606
21
0.7414225984251969
0
LINE
8
BLACK
6
CONTINUOUS
10
1.8400074803149606
20
0.7414225984251969
11
1.8420074803149606
21
0.7399695275590551
0
LINE
8
BLACK
6
CONTINUOUS
10
1.8420074803149606
20
0.7399695275590551
11
1.8427714173228347
21
0.7376183858267716
0
LINE
8
BLACK
6
CONTINUOUS
10
1.8427714173228347
20
0.7376183858267716
11
1.8427714173228347
21
0.7249517322834645
0
LINE
8
BLACK
6
CONTINUOUS
10
1.8427714173228347
20
0.7249517322834645
11
1.8459142913385826
21
0.7249517322834645
0
LINE
8
BLACK
6
CONTINUOUS
10
1.8459142913385826
20
0.7249517322834645
11
1.8482654330708661
21
0.7241877952755905
0
LINE
8
BLACK
6
CONTINUOUS
10
1.8482654330708661
20
0.7241877952755905
11
1.8497185039370079
21
0.7221877952755905
0
LINE
8
BLACK
6
CONTINUOUS
10
1.8497185039370079
20
0.7221877952755905
11
1.8497185039370079
21
0.7197156692913386
0
LINE
8
BLACK
6
CONTINUOUS
10
1.8497185039370079
20
0.7197156692913386
11
1.8482654330708661
21
0.7177156692913386
0
LINE
8
BLACK
6
CONTINUOUS
10
1.8482654330708661
20
0.7177156692913386
11
1.8459142913385826
21
0.7169517322834645
0
LINE
8
BLACK
6
CONTINUOUS
10
1.8459142913385826
20
0.7169517322834645
11
1.8427714173228347
21
0.7169517322834645
0
LINE
8
BLACK
6
CONTINUOUS
10
1.8427714173228347
20
0.7169517322834645
11
1.8427714173228347
21
0.7042850393700787
0
LINE
8
BLACK
6
CONTINUOUS
10
1.8427714173228347
20
0.7042850393700787
11
1.8420074803149606
21
0.7019338976377952
0
LINE
8
BLACK
6
CONTINUOUS
10
1.8420074803149606
20
0.7019338976377952
11
1.8400074803149606
21
0.7004808267716536
0
LINE
8
BLACK
6
CONTINUOUS
10
1.8400074803149606
20
0.7004808267716536
11
1.8375353543307087
21
0.7004808267716536
0
LINE
8
BLACK
6
CONTINUOUS
10
1.8375353543307087
20
0.7004808267716536
11
1.8355353543307087
21
0.7019338976377952
0
LINE
8
BLACK
6
CONTINUOUS
10
1.8355353543307087
20
0.7019338976377952
11
1.8347714173228347
21
0.7042850393700787
0
LINE
8
BLACK
6
CONTINUOUS
10
1.8347714173228347
20
0.7042850393700787
11
1.8347714173228347
21
0.7169517322834645
0
LINE
8
BLACK
6
CONTINUOUS
10
1.8347714173228347
20
0.7169517322834645
11
1.8149618897637796
21
0.7169517322834645
0
LINE
8
BLACK
6
CONTINUOUS
10
1.8149618897637796
20
0.7169517322834645
11
1.8149466929133857
21
0.7169566535433071
0
LINE
8
BLACK
6
CONTINUOUS
10
1.8149466929133857
20
0.7169566535433071
11
1.8149315354330708
21
0.7169518503937008
0
LINE
8
BLACK
6
CONTINUOUS
10
1.8149315354330708
20
0.7169518503937008
11
1.8137738188976378
21
0.7173377559055117
0
LINE
8
BLACK
6
CONTINUOUS
10
1.8137738188976378
20
0.7173377559055117
11
1.8126107480314959
21
0.7177156692913386
0
LINE
8
BLACK
6
CONTINUOUS
10
1.8126107480314959
20
0.7177156692913386
11
1.8126013385826771
21
0.7177285826771653
0
LINE
8
BLACK
6
CONTINUOUS
10
1.8126013385826771
20
0.7177285826771653
11
1.8125862598425198
21
0.7177336220472441
0
LINE
8
BLACK
6
CONTINUOUS
10
1.8125862598425198
20
0.7177336220472441
11
1.8118753543307087
21
0.7187278346456693
0
LINE
8
BLACK
6
CONTINUOUS
10
1.8118753543307087
20
0.7187278346456693
11
1.8111576771653544
21
0.7197156692913386
0
LINE
8
BLACK
6
CONTINUOUS
10
1.8111576771653544
20
0.7197156692913386
11
1.8111576771653544
21
0.7197315354330709
0
LINE
8
BLACK
6
CONTINUOUS
10
1.8111576771653544
20
0.7197315354330709
11
1.8111483858267716
21
0.7197445669291338
0
LINE
8
BLACK
6
CONTINUOUS
10
1.8111483858267716
20
0.7197445669291338
11
1.8111576771653544
21
0.7209676377952756
0
LINE
8
BLACK
6
CONTINUOUS
10
1.8111576771653544
20
0.7209676377952756
11
1.8111576771653544
21
0.7221877952755905
0
LINE
8
BLACK
6
CONTINUOUS
10
1.8111576771653544
20
0.7221877952755905
11
1.8111670078740156
21
0.7222006692913385
0
LINE
8
BLACK
6
CONTINUOUS
10
1.8111670078740156
20
0.7222006692913385
11
1.8111671653543306
21
0.7222166535433071
0
LINE
8
BLACK
6
CONTINUOUS
10
1.8111671653543306
20
0.7222166535433071
11
1.8230719291338582
21
0.7579309448818897
0
LINE
8
BLACK
6
CONTINUOUS
10
1.8230719291338582
20
0.7579309448818897
11
1.8245401574803148
21
0.759919842519685
0
LINE
8
BLACK
6
CONTINUOUS
10
1.8245401574803148
20
0.759919842519685
11
1.8268970078740157
21
0.760665905511811
0
LINE
8
BLACK
6
CONTINUOUS
10
1.8268970078740157
20
0.760665905511811
11
1.829242283464567
21
0.7598841338582677
0
LINE
8
BLACK
6
CONTINUOUS
10
0.574770905511811
20
0.7757640551181102
11
0.5761008661417323
21
0.7754919291338582
0
LINE
8
BLACK
6
CONTINUOUS
10
0.5761008661417323
20
0.7754919291338582
11
0.5817251968503937
21
0.7726797637795275
0
LINE
8
BLACK
6
CONTINUOUS
10
0.5817251968503937
20
0.7726797637795275
11
0.5824365748031496
21
0.7720488976377953
0
LINE
8
BLACK
6
CONTINUOUS
10
0.5824365748031496
20
0.7720488976377953
11
0.58326
21
0.7715735433070866
0
LINE
8
BLACK
6
CONTINUOUS
10
0.58326
20
0.7715735433070866
11
0.586072125984252
21
0.7687614173228347
0
LINE
8
BLACK
6
CONTINUOUS
10
0.586072125984252
20
0.7687614173228347
11
0.5865475196850394
21
0.7679379527559055
0
LINE
8
BLACK
6
CONTINUOUS
10
0.5865475196850394
20
0.7679379527559055
11
0.5871783464566929
21
0.7672266141732283
0
LINE
8
BLACK
6
CONTINUOUS
10
0.5871783464566929
20
0.7672266141732283
11
0.5899905118110236
21
0.7616023622047244
0
LINE
8
BLACK
6
CONTINUOUS
10
0.5899905118110236
20
0.7616023622047244
11
0.5902626771653543
21
0.7602723228346456
0
LINE
8
BLACK
6
CONTINUOUS
10
0.5902626771653543
20
0.7602723228346456
11
0.5906139763779528
21
0.7589612992125984
0
LINE
8
BLACK
6
CONTINUOUS
10
0.5906139763779528
20
0.7589612992125984
11
0.5906139763779528
21
0.7533370078740157
0
LINE
8
BLACK
6
CONTINUOUS
10
0.5906139763779528
20
0.7533370078740157
11
0.590367874015748
21
0.7524185433070866
0
LINE
8
BLACK
6
CONTINUOUS
10
0.590367874015748
20
0.7524185433070866
11
0.590310905511811
21
0.7514694881889764
0
LINE
8
BLACK
6
CONTINUOUS
10
0.590310905511811
20
0.7514694881889764
11
0.5874987401574803
21
0.7430330708661417
0
LINE
8
BLACK
6
CONTINUOUS
10
0.5874987401574803
20
0.7430330708661417
11
0.5867508267716536
21
0.7419002755905512
0
LINE
8
BLACK
6
CONTINUOUS
10
0.5867508267716536
20
0.7419002755905512
11
0.586072125984252
21
0.7407247244094488
0
LINE
8
BLACK
6
CONTINUOUS
10
0.586072125984252
20
0.7407247244094488
11
0.5624076771653543
21
0.7170602755905512
0
LINE
8
BLACK
6
CONTINUOUS
10
0.5624076771653543
20
0.7170602755905512
11
0.5847084645669292
21
0.7170602755905512
0
LINE
8
BLACK
6
CONTINUOUS
10
0.5847084645669292
20
0.7170602755905512
11
0.587661220472441
21
0.716269094488189
0
LINE
8
BLACK
6
CONTINUOUS
10
0.587661220472441
20
0.716269094488189
11
0.5898227952755906
21
0.7141075196850394
0
LINE
8
BLACK
6
CONTINUOUS
10
0.5898227952755906
20
0.7141075196850394
11
0.5906139763779528
21
0.7111547637795276
0
LINE
8
BLACK
6
CONTINUOUS
10
0.5906139763779528
20
0.7111547637795276
11
0.5898227952755906
21
0.7082020078740158
0
LINE
8
BLACK
6
CONTINUOUS
10
0.5898227952755906
20
0.7082020078740158
11
0.587661220472441
21
0.7060404330708662
0
LINE
8
BLACK
6
CONTINUOUS
10
0.587661220472441
20
0.7060404330708662
11
0.5847084645669292
21
0.705249251968504
0
LINE
8
BLACK
6
CONTINUOUS
10
0.5847084645669292
20
0.705249251968504
11
0.5481505118110236
21
0.705249251968504
0
LINE
8
BLACK
6
CONTINUOUS
10
0.5481505118110236
20
0.705249251968504
11
0.5473995275590551
21
0.7054504724409448
0
LINE
8
BLACK
6
CONTINUOUS
10
0.5473995275590551
20
0.7054504724409448
11
0.5466220472440945
21
0.7054504724409448
0
LINE
8
BLACK
6
CONTINUOUS
10
0.5466220472440945
20
0.7054504724409448
11
0.5459487007874015
21
0.7058391732283464
0
LINE
8
BLACK
6
CONTINUOUS
10
0.5459487007874015
20
0.7058391732283464
11
0.5451977559055118
21
0.7060404330708662
0
LINE
8
BLACK
6
CONTINUOUS
10
0.5451977559055118
20
0.7060404330708662
11
0.5446479527559055
21
0.7065901968503937
0
LINE
8
BLACK
6
CONTINUOUS
10
0.5446479527559055
20
0.7065901968503937
11
0.5439746850393701
21
0.706978937007874
0
LINE
8
BLACK
6
CONTINUOUS
10
0.5439746850393701
20
0.706978937007874
11
0.5435859448818897
21
0.7076522047244095
0
LINE
8
BLACK
6
CONTINUOUS
10
0.5435859448818897
20
0.7076522047244095
11
0.5430361811023622
21
0.7082020078740158
0
LINE
8
BLACK
6
CONTINUOUS
10
0.5430361811023622
20
0.7082020078740158
11
0.5428349212598426
21
0.7089529527559055
0
LINE
8
BLACK
6
CONTINUOUS
10
0.5428349212598426
20
0.7089529527559055
11
0.542446220472441
21
0.7096262992125985
0
LINE
8
BLACK
6
CONTINUOUS
10
0.542446220472441
20
0.7096262992125985
11
0.542446220472441
21
0.7104037795275591
0
LINE
8
BLACK
6
CONTINUOUS
10
0.542446220472441
20
0.7104037795275591
11
0.542245
21
0.7111547637795276
0
LINE
8
BLACK
6
CONTINUOUS
10
0.542245
20
0.7111547637795276
11
0.542446220472441
21
0.7119057086614173
0
LINE
8
BLACK
6
CONTINUOUS
10
0.542446220472441
20
0.7119057086614173
11
0.542446220472441
21
0.7126832283464567
0
LINE
8
BLACK
6
CONTINUOUS
10
0.542446220472441
20
0.7126832283464567
11
0.5428349212598426
21
0.7133565354330709
0
LINE
8
BLACK
6
CONTINUOUS
10
0.5428349212598426
20
0.7133565354330709
11
0.5430361811023622
21
0.7141075196850394
0
LINE
8
BLACK
6
CONTINUOUS
10
0.5430361811023622
20
0.7141075196850394
11
0.5435859448818897
21
0.7146572834645669
0
LINE
8
BLACK
6
CONTINUOUS
10
0.5435859448818897
20
0.7146572834645669
11
0.5439746850393701
21
0.7153305905511811
0
LINE
8
BLACK
6
CONTINUOUS
10
0.5439746850393701
20
0.7153305905511811
11
0.5767346850393701
21
0.7480905905511811
0
LINE
8
BLACK
6
CONTINUOUS
10
0.5767346850393701
20
0.7480905905511811
11
0.5788029527559055
21
0.7542953543307086
0
LINE
8
BLACK
6
CONTINUOUS
10
0.5788029527559055
20
0.7542953543307086
11
0.5788029527559055
21
0.7575671653543307
0
LINE
8
BLACK
6
CONTINUOUS
10
0.5788029527559055
20
0.7575671653543307
11
0.5770428346456693
21
0.7610873622047244
0
LINE
8
BLACK
6
CONTINUOUS
10
0.5770428346456693
20
0.7610873622047244
11
0.5755859842519685
21
0.7625442519685039
0
LINE
8
BLACK
6
CONTINUOUS
10
0.5755859842519685
20
0.7625442519685039
11
0.572065748031496
21
0.7643043700787402
0
LINE
8
BLACK
6
CONTINUOUS
10
0.572065748031496
20
0.7643043700787402
11
0.5607932283464567
21
0.7643043700787402
0
LINE
8
BLACK
6
CONTINUOUS
10
0.5607932283464567
20
0.7643043700787402
11
0.5572729921259842
21
0.7625442519685039
0
LINE
8
BLACK
6
CONTINUOUS
10
0.5572729921259842
20
0.7625442519685039
11
0.5551385039370078
21
0.7604097637795275
0
LINE
8
BLACK
6
CONTINUOUS
10
0.5551385039370078
20
0.7604097637795275
11
0.5524911417322834
21
0.7588812992125984
0
LINE
8
BLACK
6
CONTINUOUS
10
0.5524911417322834
20
0.7588812992125984
11
0.5494342125984252
21
0.7588812992125984
0
LINE
8
BLACK
6
CONTINUOUS
10
0.5494342125984252
20
0.7588812992125984
11
0.5467868503937008
21
0.7604097637795275
0
LINE
8
BLACK
6
CONTINUOUS
10
0.5467868503937008
20
0.7604097637795275
11
0.5452583858267717
21
0.7630571259842519
0
LINE
8
BLACK
6
CONTINUOUS
10
0.5452583858267717
20
0.7630571259842519
11
0.5452583858267717
21
0.7661140551181103
0
LINE
8
BLACK
6
CONTINUOUS
10
0.5452583858267717
20
0.7661140551181103
11
0.5467868503937008
21
0.7687614173228347
0
LINE
8
BLACK
6
CONTINUOUS
10
0.5467868503937008
20
0.7687614173228347
11
0.5495989763779527
21
0.7715735433070866
0
LINE
8
BLACK
6
CONTINUOUS
10
0.5495989763779527
20
0.7715735433070866
11
0.5504223622047244
21
0.7720488976377953
0
LINE
8
BLACK
6
CONTINUOUS
10
0.5504223622047244
20
0.7720488976377953
11
0.551133779527559
21
0.7726797637795275
0
LINE
8
BLACK
6
CONTINUOUS
10
0.551133779527559
20
0.7726797637795275
11
0.5567581102362205
21
0.7754919291338582
0
LINE
8
BLACK
6
CONTINUOUS
10
0.5567581102362205
20
0.7754919291338582
11
0.558088031496063
21
0.7757640551181102
0
LINE
8
BLACK
6
CONTINUOUS
10
0.558088031496063
20
0.7757640551181102
11
0.5593991338582677
21
0.7761153937007874
0
LINE
8
BLACK
6
CONTINUOUS
10
0.5593991338582677
20
0.7761153937007874
11
0.5734598425196851
21
0.7761153937007874
0
LINE
8
BLACK
6
CONTINUOUS
10
0.5734598425196851
20
0.7761153937007874
11
0.574770905511811
21
0.7757640551181102
0
LINE
8
BLACK
6
CONTINUOUS
10
0.6282017322834645
20
0.7757640551181102
11
0.6295316929133858
21
0.7754919291338582
0
LINE
8
BLACK
6
CONTINUOUS
10
0.6295316929133858
20
0.7754919291338582
11
0.6351559842519685
21
0.7726797637795275
0
LINE
8
BLACK
6
CONTINUOUS
10
0.6351559842519685
20
0.7726797637795275
11
0.6358673228346456
21
0.772048937007874
0
LINE
8
BLACK
6
CONTINUOUS
10
0.6358673228346456
20
0.772048937007874
11
0.6366907480314961
21
0.7715735826771654
0
LINE
8
BLACK
6
CONTINUOUS
10
0.6366907480314961
20
0.7715735826771654
11
0.6395029133858268
21
0.7687614566929134
0
LINE
8
BLACK
6
CONTINUOUS
10
0.6395029133858268
20
0.7687614566929134
11
0.6399783070866142
21
0.7679379921259842
0
LINE
8
BLACK
6
CONTINUOUS
10
0.6399783070866142
20
0.7679379921259842
11
0.6406091732283464
21
0.7672266141732283
0
LINE
8
BLACK
6
CONTINUOUS
10
0.6406091732283464
20
0.7672266141732283
11
0.6434212992125984
21
0.7616022834645669
0
LINE
8
BLACK
6
CONTINUOUS
10
0.6434212992125984
20
0.7616022834645669
11
0.643551968503937
21
0.7609635433070866
0
LINE
8
BLACK
6
CONTINUOUS
10
0.643551968503937
20
0.7609635433070866
11
0.6438684251968504
21
0.7603935826771654
0
LINE
8
BLACK
6
CONTINUOUS
10
0.6438684251968504
20
0.7603935826771654
11
0.6466805905511811
21
0.7491449999999999
0
LINE
8
BLACK
6
CONTINUOUS
10
0.6466805905511811
20
0.7491449999999999
11
0.6466683070866142
21
0.7484164566929133
0
LINE
8
BLACK
6
CONTINUOUS
10
0.6466683070866142
20
0.7484164566929133
11
0.6468569291338583
21
0.7477126771653543
0
LINE
8
BLACK
6
CONTINUOUS
10
0.6468569291338583
20
0.7477126771653543
11
0.6468569291338583
21
0.733651968503937
0
LINE
8
BLACK
6
CONTINUOUS
10
0.6468569291338583
20
0.733651968503937
11
0.6466683070866142
21
0.7329481496062992
0
LINE
8
BLACK
6
CONTINUOUS
10
0.6466683070866142
20
0.7329481496062992
11
0.6466805905511811
21
0.7322196456692913
0
LINE
8
BLACK
6
CONTINUOUS
10
0.6466805905511811
20
0.7322196456692913
11
0.6438684251968504
21
0.720971062992126
0
LINE
8
BLACK
6
CONTINUOUS
10
0.6438684251968504
20
0.720971062992126
11
0.643551968503937
21
0.7204010629921259
0
LINE
8
BLACK
6
CONTINUOUS
10
0.643551968503937
20
0.7204010629921259
11
0.6434212992125984
21
0.7197623622047244
0
LINE
8
BLACK
6
CONTINUOUS
10
0.6434212992125984
20
0.7197623622047244
11
0.6406091732283464
21
0.714138031496063
0
LINE
8
BLACK
6
CONTINUOUS
10
0.6406091732283464
20
0.714138031496063
11
0.6399783070866142
21
0.7134266141732283
0
LINE
8
BLACK
6
CONTINUOUS
10
0.6399783070866142
20
0.7134266141732283
11
0.6395029133858268
21
0.712603188976378
0
LINE
8
BLACK
6
CONTINUOUS
10
0.6395029133858268
20
0.712603188976378
11
0.6366907480314961
21
0.709791062992126
0
LINE
8
BLACK
6
CONTINUOUS
10
0.6366907480314961
20
0.709791062992126
11
0.6358673228346456
21
0.7093156692913386
0
LINE
8
BLACK
6
CONTINUOUS
10
0.6358673228346456
20
0.7093156692913386
11
0.6351559842519685
21
0.7086848818897638
0
LINE
8
BLACK
6
CONTINUOUS
10
0.6351559842519685
20
0.7086848818897638
11
0.6295316929133858
21
0.705872716535433
0
LINE
8
BLACK
6
CONTINUOUS
10
0.6295316929133858
20
0.705872716535433
11
0.6282017322834645
21
0.7056005511811023
0
LINE
8
BLACK
6
CONTINUOUS
10
0.6282017322834645
20
0.7056005511811023
11
0.6268906692913385
21
0.705249251968504
0
LINE
8
BLACK
6
CONTINUOUS
10
0.6268906692913385
20
0.705249251968504
11
0.6212663779527559
21
0.705249251968504
0
LINE
8
BLACK
6
CONTINUOUS
10
0.6212663779527559
20
0.705249251968504
11
0.6199553149606299
21
0.7056005118110236
0
LINE
8
BLACK
6
CONTINUOUS
10
0.6199553149606299
20
0.7056005118110236
11
0.6186253149606299
21
0.705872716535433
0
LINE
8
BLACK
6
CONTINUOUS
10
0.6186253149606299
20
0.705872716535433
11
0.613001062992126
21
0.7086848818897638
0
LINE
8
BLACK
6
CONTINUOUS
10
0.613001062992126
20
0.7086848818897638
11
0.6122896850393701
21
0.7093156692913386
0
LINE
8
BLACK
6
CONTINUOUS
10
0.6122896850393701
20
0.7093156692913386
11
0.6114662992125984
21
0.709791062992126
0
LINE
8
BLACK
6
CONTINUOUS
10
0.6114662992125984
20
0.709791062992126
11
0.6086541338582677
21
0.712603188976378
0
LINE
8
BLACK
6
CONTINUOUS
10
0.6086541338582677
20
0.712603188976378
11
0.6081786614173228
21
0.713426653543307
0
LINE
8
BLACK
6
CONTINUOUS
10
0.6081786614173228
20
0.713426653543307
11
0.6075478740157481
21
0.714138031496063
0
LINE
8
BLACK
6
CONTINUOUS
10
0.6075478740157481
20
0.714138031496063
11
0.6047357086614173
21
0.7197623228346457
0
LINE
8
BLACK
6
CONTINUOUS
10
0.6047357086614173
20
0.7197623228346457
11
0.6046049606299212
21
0.7204010629921259
0
LINE
8
BLACK
6
CONTINUOUS
10
0.6046049606299212
20
0.7204010629921259
11
0.6042885826771653
21
0.720971062992126
0
LINE
8
BLACK
6
CONTINUOUS
10
0.6042885826771653
20
0.720971062992126
11
0.6014764566929134
21
0.7322196850393701
0
LINE
8
BLACK
6
CONTINUOUS
10
0.6014764566929134
20
0.7322196850393701
11
0.6014887007874016
21
0.7329481102362204
0
LINE
8
BLACK
6
CONTINUOUS
10
0.6014887007874016
20
0.7329481102362204
11
0.6013001181102362
21
0.733651968503937
0
LINE
8
BLACK
6
CONTINUOUS
10
0.6013001181102362
20
0.733651968503937
11
0.6013001181102362
21
0.7477126771653543
0
LINE
8
BLACK
6
CONTINUOUS
10
0.6013001181102362
20
0.7477126771653543
11
0.6014887007874016
21
0.7484164960629921
0
LINE
8
BLACK
6
CONTINUOUS
10
0.6014887007874016
20
0.7484164960629921
11
0.6014764566929134
21
0.7491449606299212
0
LINE
8
BLACK
6
CONTINUOUS
10
0.6014764566929134
20
0.7491449606299212
11
0.6042885826771653
21
0.7603935826771654
0
LINE
8
BLACK
6
CONTINUOUS
10
0.6042885826771653
20
0.7603935826771654
11
0.6046049606299212
21
0.7609635433070866
0
LINE
8
BLACK
6
CONTINUOUS
10
0.6046049606299212
20
0.7609635433070866
11
0.6047357086614173
21
0.7616023228346457
0
LINE
8
BLACK
6
CONTINUOUS
10
0.6047357086614173
20
0.7616023228346457
11
0.6075478740157481
21
0.7672266141732283
0
LINE
8
BLACK
6
CONTINUOUS
10
0.6075478740157481
20
0.7672266141732283
11
0.6081786614173228
21
0.7679379527559055
0
LINE
8
BLACK
6
CONTINUOUS
10
0.6081786614173228
20
0.7679379527559055
11
0.6086541338582677
21
0.7687614566929134
0
LINE
8
BLACK
6
CONTINUOUS
10
0.6086541338582677
20
0.7687614566929134
11
0.6114662992125984
21
0.7715735826771654
0
LINE
8
BLACK
6
CONTINUOUS
10
0.6114662992125984
20
0.7715735826771654
11
0.6122896850393701
21
0.772048937007874
0
LINE
8
BLACK
6
CONTINUOUS
10
0.6122896850393701
20
0.772048937007874
11
0.613001062992126
21
0.7726797637795275
0
LINE
8
BLACK
6
CONTINUOUS
10
0.613001062992126
20
0.7726797637795275
11
0.6186253149606299
21
0.7754919291338582
0
LINE
8
BLACK
6
CONTINUOUS
10
0.6186253149606299
20
0.7754919291338582
11
0.6199553149606299
21
0.7757640944881889
0
LINE
8
BLACK
6
CONTINUOUS
10
0.6199553149606299
20
0.7757640944881889
11
0.6212663779527559
21
0.7761153937007874
0
LINE
8
BLACK
6
CONTINUOUS
10
0.6212663779527559
20
0.7761153937007874
11
0.6268906692913385
21
0.7761153937007874
0
LINE
8
BLACK
6
CONTINUOUS
10
0.6268906692913385
20
0.7761153937007874
11
0.6282017322834645
21
0.7757640551181102
0
LINE
8
BLACK
6
CONTINUOUS
10
0.6191402362204724
20
0.7625442125984252
11
0.6176833858267716
21
0.7610874015748031
0
LINE
8
BLACK
6
CONTINUOUS
10
0.6176833858267716
20
0.7610874015748031
11
0.6155896456692913
21
0.7569
0
LINE
8
BLACK
6
CONTINUOUS
10
0.6155896456692913
20
0.7569
11
0.6131111417322834
21
0.7469857480314961
0
LINE
8
BLACK
6
CONTINUOUS
10
0.6131111417322834
20
0.7469857480314961
11
0.6131111417322834
21
0.7343788582677165
0
LINE
8
BLACK
6
CONTINUOUS
10
0.6131111417322834
20
0.7343788582677165
11
0.6155896456692913
21
0.7244646062992126
0
LINE
8
BLACK
6
CONTINUOUS
10
0.6155896456692913
20
0.7244646062992126
11
0.6176833858267716
21
0.7202772047244095
0
LINE
8
BLACK
6
CONTINUOUS
10
0.6176833858267716
20
0.7202772047244095
11
0.6191402362204724
21
0.7188203937007874
0
LINE
8
BLACK
6
CONTINUOUS
10
0.6191402362204724
20
0.7188203937007874
11
0.6226604724409449
21
0.7170602755905512
0
LINE
8
BLACK
6
CONTINUOUS
10
0.6226604724409449
20
0.7170602755905512
11
0.6254965748031496
21
0.7170602755905512
0
LINE
8
BLACK
6
CONTINUOUS
10
0.6254965748031496
20
0.7170602755905512
11
0.6290168110236221
21
0.7188203937007874
0
LINE
8
BLACK
6
CONTINUOUS
10
0.6290168110236221
20
0.7188203937007874
11
0.6304736614173229
21
0.7202772440944881
0
LINE
8
BLACK
6
CONTINUOUS
10
0.6304736614173229
20
0.7202772440944881
11
0.6325672834645669
21
0.7244645669291339
0
LINE
8
BLACK
6
CONTINUOUS
10
0.6325672834645669
20
0.7244645669291339
11
0.6350459055118111
21
0.7343788976377953
0
LINE
8
BLACK
6
CONTINUOUS
10
0.6350459055118111
20
0.7343788976377953
11
0.6350459055118111
21
0.7469857086614173
0
LINE
8
BLACK
6
CONTINUOUS
10
0.6350459055118111
20
0.7469857086614173
11
0.6325672834645669
21
0.7569000393700788
0
LINE
8
BLACK
6
CONTINUOUS
10
0.6325672834645669
20
0.7569000393700788
11
0.6304736614173229
21
0.7610873622047244
0
LINE
8
BLACK
6
CONTINUOUS
10
0.6304736614173229
20
0.7610873622047244
11
0.6290168110236221
21
0.7625442125984252
0
LINE
8
BLACK
6
CONTINUOUS
10
0.6290168110236221
20
0.7625442125984252
11
0.6254965748031496
21
0.7643043700787402
0
LINE
8
BLACK
6
CONTINUOUS
10
0.6254965748031496
20
0.7643043700787402
11
0.6226604724409449
21
0.7643043700787402
0
LINE
8
BLACK
6
CONTINUOUS
10
0.6226604724409449
20
0.7643043700787402
11
0.6191402362204724
21
0.7625442125984252
0
LINE
8
BLACK
6
CONTINUOUS
10
0.6805099606299212
20
0.776064842519685
11
0.6807015354330709
21
0.776103188976378
0
LINE
8
BLACK
6
CONTINUOUS
10
0.6807015354330709
20
0.776103188976378
11
0.6819756692913386
21
0.7756721259842519
0
LINE
8
BLACK
6
CONTINUOUS
10
0.6819756692913386
20
0.7756721259842519
11
0.6832742125984251
21
0.7753242125984252
0
LINE
8
BLACK
6
CONTINUOUS
10
0.6832742125984251
20
0.7753242125984252
11
0.6834122440944882
21
0.7751861417322834
0
LINE
8
BLACK
6
CONTINUOUS
10
0.6834122440944882
20
0.7751861417322834
11
0.6835972440944882
21
0.7751235826771653
0
LINE
8
BLACK
6
CONTINUOUS
10
0.6835972440944882
20
0.7751235826771653
11
0.6844851181102362
21
0.7741132677165354
0
LINE
8
BLACK
6
CONTINUOUS
10
0.6844851181102362
20
0.7741132677165354
11
0.6854357874015747
21
0.7731626377952756
0
LINE
8
BLACK
6
CONTINUOUS
10
0.6854357874015747
20
0.7731626377952756
11
0.6854862992125984
21
0.772974094488189
0
LINE
8
BLACK
6
CONTINUOUS
10
0.6854862992125984
20
0.772974094488189
11
0.6856152362204724
21
0.7728274015748031
0
LINE
8
BLACK
6
CONTINUOUS
10
0.6856152362204724
20
0.7728274015748031
11
0.6858789763779527
21
0.7715085039370079
0
LINE
8
BLACK
6
CONTINUOUS
10
0.6858789763779527
20
0.7715085039370079
11
0.6862269685039369
21
0.7702098818897638
0
LINE
8
BLACK
6
CONTINUOUS
10
0.6862269685039369
20
0.7702098818897638
11
0.6862269685039369
21
0.7170602755905512
0
LINE
8
BLACK
6
CONTINUOUS
10
0.6862269685039369
20
0.7170602755905512
11
0.6971943700787402
21
0.7170602755905512
0
LINE
8
BLACK
6
CONTINUOUS
10
0.6971943700787402
20
0.7170602755905512
11
0.700147125984252
21
0.716269094488189
0
LINE
8
BLACK
6
CONTINUOUS
10
0.700147125984252
20
0.716269094488189
11
0.7023087007874016
21
0.7141075196850394
0
LINE
8
BLACK
6
CONTINUOUS
10
0.7023087007874016
20
0.7141075196850394
11
0.7030998818897638
21
0.7111547637795276
0
LINE
8
BLACK
6
CONTINUOUS
10
0.7030998818897638
20
0.7111547637795276
11
0.7023087007874016
21
0.7082020078740158
0
LINE
8
BLACK
6
CONTINUOUS
10
0.7023087007874016
20
0.7082020078740158
11
0.700147125984252
21
0.7060404330708662
0
LINE
8
BLACK
6
CONTINUOUS
10
0.700147125984252
20
0.7060404330708662
11
0.6971943700787402
21
0.705249251968504
0
LINE
8
BLACK
6
CONTINUOUS
10
0.6971943700787402
20
0.705249251968504
11
0.6803214566929133
21
0.705249251968504
0
LINE
8
BLACK
6
CONTINUOUS
10
0.6803214566929133
20
0.705249251968504
11
0.6634485826771653
21
0.705249251968504
0
LINE
8
BLACK
6
CONTINUOUS
10
0.6634485826771653
20
0.705249251968504
11
0.6604958267716535
21
0.7060404330708662
0
LINE
8
BLACK
6
CONTINUOUS
10
0.6604958267716535
20
0.7060404330708662
11
0.6583342519685039
21
0.7082020078740158
0
LINE
8
BLACK
6
CONTINUOUS
10
0.6583342519685039
20
0.7082020078740158
11
0.6575430708661417
21
0.7111547637795276
0
LINE
8
BLACK
6
CONTINUOUS
10
0.6575430708661417
20
0.7111547637795276
11
0.6583342519685039
21
0.7141075196850394
0
LINE
8
BLACK
6
CONTINUOUS
10
0.6583342519685039
20
0.7141075196850394
11
0.6604958267716535
21
0.716269094488189
0
LINE
8
BLACK
6
CONTINUOUS
10
0.6604958267716535
20
0.716269094488189
11
0.6634485826771653
21
0.7170602755905512
0
LINE
8
BLACK
6
CONTINUOUS
10
0.6634485826771653
20
0.7170602755905512
11
0.6744159448818897
21
0.7170602755905512
0
LINE
8
BLACK
6
CONTINUOUS
10
0.6744159448818897
20
0.7170602755905512
11
0.6744159448818897
21
0.7531405511811023
0
LINE
8
BLACK
6
CONTINUOUS
10
0.6744159448818897
20
0.7531405511811023
11
0.6732487007874015
21
0.7519733070866141
0
LINE
8
BLACK
6
CONTINUOUS
10
0.6732487007874015
20
0.7519733070866141
11
0.6724252755905512
21
0.7514979133858267
0
LINE
8
BLACK
6
CONTINUOUS
10
0.6724252755905512
20
0.7514979133858267
11
0.6717138976377952
21
0.7508670866141732
0
LINE
8
BLACK
6
CONTINUOUS
10
0.6717138976377952
20
0.7508670866141732
11
0.6660896062992125
21
0.7480549606299213
0
LINE
8
BLACK
6
CONTINUOUS
10
0.6660896062992125
20
0.7480549606299213
11
0.6630947244094488
21
0.7474420866141732
0
LINE
8
BLACK
6
CONTINUOUS
10
0.6630947244094488
20
0.7474420866141732
11
0.6601946850393701
21
0.748408779527559
0
LINE
8
BLACK
6
CONTINUOUS
10
0.6601946850393701
20
0.748408779527559
11
0.6581665354330708
21
0.7506959842519685
0
LINE
8
BLACK
6
CONTINUOUS
10
0.6581665354330708
20
0.7506959842519685
11
0.6575536614173229
21
0.7536908661417323
0
LINE
8
BLACK
6
CONTINUOUS
10
0.6575536614173229
20
0.7536908661417323
11
0.6585203543307087
21
0.756590905511811
0
LINE
8
BLACK
6
CONTINUOUS
10
0.6585203543307087
20
0.756590905511811
11
0.6608075590551181
21
0.7586190551181102
0
LINE
8
BLACK
6
CONTINUOUS
10
0.6608075590551181
20
0.7586190551181102
11
0.6655746456692914
21
0.761002559055118
0
LINE
8
BLACK
6
CONTINUOUS
10
0.6655746456692914
20
0.761002559055118
11
0.6701077952755905
21
0.7655357086614173
0
LINE
8
BLACK
6
CONTINUOUS
10
0.6701077952755905
20
0.7655357086614173
11
0.6754077952755906
21
0.7734856692913386
0
LINE
8
BLACK
6
CONTINUOUS
10
0.6754077952755906
20
0.7734856692913386
11
0.6764177559055118
21
0.7743732677165354
0
LINE
8
BLACK
6
CONTINUOUS
10
0.6764177559055118
20
0.7743732677165354
11
0.6773687007874015
21
0.7753242125984252
0
LINE
8
BLACK
6
CONTINUOUS
10
0.6773687007874015
20
0.7753242125984252
11
0.6775572834645669
21
0.7753747244094488
0
LINE
8
BLACK
6
CONTINUOUS
10
0.6775572834645669
20
0.7753747244094488
11
0.6777039763779528
21
0.7755036614173229
0
LINE
8
BLACK
6
CONTINUOUS
10
0.6777039763779528
20
0.7755036614173229
11
0.6790229133858268
21
0.7757674409448819
0
LINE
8
BLACK
6
CONTINUOUS
10
0.6790229133858268
20
0.7757674409448819
11
0.6803214566929133
21
0.7761153937007874
0
LINE
8
BLACK
6
CONTINUOUS
10
0.6803214566929133
20
0.7761153937007874
11
0.6805099606299212
21
0.776064842519685
0
LINE
8
BLACK
6
CONTINUOUS
10
0.7535779133858268
20
0.7753242125984252
11
0.7557394881889764
21
0.7731626377952756
0
LINE
8
BLACK
6
CONTINUOUS
10
0.7557394881889764
20
0.7731626377952756
11
0.7565306692913386
21
0.7702098818897638
0
LINE
8
BLACK
6
CONTINUOUS
10
0.7565306692913386
20
0.7702098818897638
11
0.7557394881889764
21
0.767257125984252
0
LINE
8
BLACK
6
CONTINUOUS
10
0.7557394881889764
20
0.767257125984252
11
0.7535779133858268
21
0.7650955511811024
0
LINE
8
BLACK
6
CONTINUOUS
10
0.7535779133858268
20
0.7650955511811024
11
0.750625157480315
21
0.7643043700787402
0
LINE
8
BLACK
6
CONTINUOUS
10
0.750625157480315
20
0.7643043700787402
11
0.7278481102362204
21
0.7643043700787402
0
LINE
8
BLACK
6
CONTINUOUS
10
0.7278481102362204
20
0.7643043700787402
11
0.7267428346456692
21
0.7532517322834645
0
LINE
8
BLACK
6
CONTINUOUS
10
0.7267428346456692
20
0.7532517322834645
11
0.7268170866141732
21
0.7532669291338583
0
LINE
8
BLACK
6
CONTINUOUS
10
0.7268170866141732
20
0.7532669291338583
11
0.7281279921259842
21
0.7536181889763779
0
LINE
8
BLACK
6
CONTINUOUS
10
0.7281279921259842
20
0.7536181889763779
11
0.7421887007874015
21
0.7536181889763779
0
LINE
8
BLACK
6
CONTINUOUS
10
0.7421887007874015
20
0.7536181889763779
11
0.7434999212598425
21
0.753266811023622
0
LINE
8
BLACK
6
CONTINUOUS
10
0.7434999212598425
20
0.753266811023622
11
0.7448296850393701
21
0.7529947244094488
0
LINE
8
BLACK
6
CONTINUOUS
10
0.7448296850393701
20
0.7529947244094488
11
0.7504540551181103
21
0.7501825984251969
0
LINE
8
BLACK
6
CONTINUOUS
10
0.7504540551181103
20
0.7501825984251969
11
0.7511654330708661
21
0.7495517322834645
0
LINE
8
BLACK
6
CONTINUOUS
10
0.7511654330708661
20
0.7495517322834645
11
0.7519888976377953
21
0.7490763385826772
0
LINE
8
BLACK
6
CONTINUOUS
10
0.7519888976377953
20
0.7490763385826772
11
0.7548010236220473
21
0.7462641732283465
0
LINE
8
BLACK
6
CONTINUOUS
10
0.7548010236220473
20
0.7462641732283465
11
0.7552763779527559
21
0.7454407480314961
0
LINE
8
BLACK
6
CONTINUOUS
10
0.7552763779527559
20
0.7454407480314961
11
0.7559072047244094
21
0.7447294094488189
0
LINE
8
BLACK
6
CONTINUOUS
10
0.7559072047244094
20
0.7447294094488189
11
0.7587193700787401
21
0.7391051574803149
0
LINE
8
BLACK
6
CONTINUOUS
10
0.7587193700787401
20
0.7391051574803149
11
0.7589915354330709
21
0.7377751181102362
0
LINE
8
BLACK
6
CONTINUOUS
10
0.7589915354330709
20
0.7377751181102362
11
0.7593428346456693
21
0.7364640944881889
0
LINE
8
BLACK
6
CONTINUOUS
10
0.7593428346456693
20
0.7364640944881889
11
0.7593428346456693
21
0.7224033464566929
0
LINE
8
BLACK
6
CONTINUOUS
10
0.7593428346456693
20
0.7224033464566929
11
0.7589915354330709
21
0.7210922834645669
0
LINE
8
BLACK
6
CONTINUOUS
10
0.7589915354330709
20
0.7210922834645669
11
0.7587193700787401
21
0.7197622834645669
0
LINE
8
BLACK
6
CONTINUOUS
10
0.7587193700787401
20
0.7197622834645669
11
0.7559072047244094
21
0.714138031496063
0
LINE
8
BLACK
6
CONTINUOUS
10
0.7559072047244094
20
0.714138031496063
11
0.7552763779527559
21
0.713426653543307
0
LINE
8
BLACK
6
CONTINUOUS
10
0.7552763779527559
20
0.713426653543307
11
0.7548009842519685
21
0.7126032283464567
0
LINE
8
BLACK
6
CONTINUOUS
10
0.7548009842519685
20
0.7126032283464567
11
0.7519888582677166
21
0.7097911023622047
0
LINE
8
BLACK
6
CONTINUOUS
10
0.7519888582677166
20
0.7097911023622047
11
0.7511654330708661
21
0.7093157086614174
0
LINE
8
BLACK
6
CONTINUOUS
10
0.7511654330708661
20
0.7093157086614174
11
0.7504540551181103
21
0.7086848818897638
0
LINE
8
BLACK
6
CONTINUOUS
10
0.7504540551181103
20
0.7086848818897638
11
0.7448297244094488
21
0.705872716535433
0
LINE
8
BLACK
6
CONTINUOUS
10
0.7448297244094488
20
0.705872716535433
11
0.7434997637795275
21
0.7056005511811023
0
LINE
8
BLACK
6
CONTINUOUS
10
0.7434997637795275
20
0.7056005511811023
11
0.7421887007874015
21
0.705249251968504
0
LINE
8
BLACK
6
CONTINUOUS
10
0.7421887007874015
20
0.705249251968504
11
0.7281279921259842
21
0.705249251968504
0
LINE
8
BLACK
6
CONTINUOUS
10
0.7281279921259842
20
0.705249251968504
11
0.7268168897637796
21
0.7056005511811023
0
LINE
8
BLACK
6
CONTINUOUS
10
0.7268168897637796
20
0.7056005511811023
11
0.725486968503937
21
0.705872716535433
0
LINE
8
BLACK
6
CONTINUOUS
10
0.725486968503937
20
0.705872716535433
11
0.7198626377952756
21
0.7086848818897638
0
LINE
8
BLACK
6
CONTINUOUS
10
0.7198626377952756
20
0.7086848818897638
11
0.719151220472441
21
0.7093157086614174
0
LINE
8
BLACK
6
CONTINUOUS
10
0.719151220472441
20
0.7093157086614174
11
0.7183278346456693
21
0.7097911023622047
0
LINE
8
BLACK
6
CONTINUOUS
10
0.7183278346456693
20
0.7097911023622047
11
0.7155157086614173
21
0.7126032283464567
0
LINE
8
BLACK
6
CONTINUOUS
10
0.7155157086614173
20
0.7126032283464567
11
0.7139872440944882
21
0.7152505905511811
0
LINE
8
BLACK
6
CONTINUOUS
10
0.7139872440944882
20
0.7152505905511811
11
0.7139872440944882
21
0.7183075196850394
0
LINE
8
BLACK
6
CONTINUOUS
10
0.7139872440944882
20
0.7183075196850394
11
0.7155157086614173
21
0.7209548818897638
0
LINE
8
BLACK
6
CONTINUOUS
10
0.7155157086614173
20
0.7209548818897638
11
0.7181630708661417
21
0.7224833464566929
0
LINE
8
BLACK
6
CONTINUOUS
10
0.7181630708661417
20
0.7224833464566929
11
0.72122
21
0.7224833464566929
0
LINE
8
BLACK
6
CONTINUOUS
10
0.72122
20
0.7224833464566929
11
0.7238673622047244
21
0.7209548818897638
0
LINE
8
BLACK
6
CONTINUOUS
10
0.7238673622047244
20
0.7209548818897638
11
0.7260018503937008
21
0.7188203937007874
0
LINE
8
BLACK
6
CONTINUOUS
10
0.7260018503937008
20
0.7188203937007874
11
0.7295220866141732
21
0.7170602755905512
0
LINE
8
BLACK
6
CONTINUOUS
10
0.7295220866141732
20
0.7170602755905512
11
0.7407946062992126
21
0.7170602755905512
0
LINE
8
BLACK
6
CONTINUOUS
10
0.7407946062992126
20
0.7170602755905512
11
0.744314842519685
21
0.7188203937007874
0
LINE
8
BLACK
6
CONTINUOUS
10
0.744314842519685
20
0.7188203937007874
11
0.7457716929133859
21
0.7202772440944881
0
LINE
8
BLACK
6
CONTINUOUS
10
0.7457716929133859
20
0.7202772440944881
11
0.747531811023622
21
0.7237974409448819
0
LINE
8
BLACK
6
CONTINUOUS
10
0.747531811023622
20
0.7237974409448819
11
0.747531811023622
21
0.7350699606299212
0
LINE
8
BLACK
6
CONTINUOUS
10
0.747531811023622
20
0.7350699606299212
11
0.7457716535433071
21
0.7385901968503937
0
LINE
8
BLACK
6
CONTINUOUS
10
0.7457716535433071
20
0.7385901968503937
11
0.744314842519685
21
0.7400470472440944
0
LINE
8
BLACK
6
CONTINUOUS
10
0.744314842519685
20
0.7400470472440944
11
0.7407946456692913
21
0.7418071653543307
0
LINE
8
BLACK
6
CONTINUOUS
10
0.7407946456692913
20
0.7418071653543307
11
0.7295220472440944
21
0.7418071653543307
0
LINE
8
BLACK
6
CONTINUOUS
10
0.7295220472440944
20
0.7418071653543307
11
0.7260018897637796
21
0.7400470866141732
0
LINE
8
BLACK
6
CONTINUOUS
10
0.7260018897637796
20
0.7400470866141732
11
0.7238674015748031
21
0.7379125984251969
0
LINE
8
BLACK
6
CONTINUOUS
10
0.7238674015748031
20
0.7379125984251969
11
0.7229450787401575
21
0.7373800787401574
0
LINE
8
BLACK
6
CONTINUOUS
10
0.7229450787401575
20
0.7373800787401574
11
0.7221207480314961
21
0.7367056299212599
0
LINE
8
BLACK
6
CONTINUOUS
10
0.7221207480314961
20
0.7367056299212599
11
0.7216410236220472
21
0.736627125984252
0
LINE
8
BLACK
6
CONTINUOUS
10
0.7216410236220472
20
0.736627125984252
11
0.7212200393700787
21
0.736384094488189
0
LINE
8
BLACK
6
CONTINUOUS
10
0.7212200393700787
20
0.736384094488189
11
0.7201550393700787
21
0.736384094488189
0
LINE
8
BLACK
6
CONTINUOUS
10
0.7201550393700787
20
0.736384094488189
11
0.719103937007874
21
0.7362121653543306
0
LINE
8
BLACK
6
CONTINUOUS
10
0.719103937007874
20
0.7362121653543306
11
0.7186491732283464
21
0.736384094488189
0
LINE
8
BLACK
6
CONTINUOUS
10
0.7186491732283464
20
0.736384094488189
11
0.7181631102362205
21
0.736384094488189
0
LINE
8
BLACK
6
CONTINUOUS
10
0.7181631102362205
20
0.736384094488189
11
0.7172408661417322
21
0.7369165354330709
0
LINE
8
BLACK
6
CONTINUOUS
10
0.7172408661417322
20
0.7369165354330709
11
0.7162445275590551
21
0.7372932283464567
0
LINE
8
BLACK
6
CONTINUOUS
10
0.7162445275590551
20
0.7372932283464567
11
0.715936653543307
21
0.7376694881889764
0
LINE
8
BLACK
6
CONTINUOUS
10
0.715936653543307
20
0.7376694881889764
11
0.7155157480314961
21
0.7379125196850393
0
LINE
8
BLACK
6
CONTINUOUS
10
0.7155157480314961
20
0.7379125196850393
11
0.7149832283464567
21
0.7388348031496063
0
LINE
8
BLACK
6
CONTINUOUS
10
0.7149832283464567
20
0.7388348031496063
11
0.714308779527559
21
0.7396591732283464
0
LINE
8
BLACK
6
CONTINUOUS
10
0.714308779527559
20
0.7396591732283464
11
0.7142302755905512
21
0.7401388582677165
0
LINE
8
BLACK
6
CONTINUOUS
10
0.7142302755905512
20
0.7401388582677165
11
0.7139872440944882
21
0.7405598818897637
0
LINE
8
BLACK
6
CONTINUOUS
10
0.7139872440944882
20
0.7405598818897637
11
0.7139872440944882
21
0.7416248818897637
0
LINE
8
BLACK
6
CONTINUOUS
10
0.7139872440944882
20
0.7416248818897637
11
0.7138153149606299
21
0.7426759842519685
0
LINE
8
BLACK
6
CONTINUOUS
10
0.7138153149606299
20
0.7426759842519685
11
0.7166274409448818
21
0.7707974803149606
0
LINE
8
BLACK
6
CONTINUOUS
10
0.7166274409448818
20
0.7707974803149606
11
0.7170673622047244
21
0.7719611023622047
0
LINE
8
BLACK
6
CONTINUOUS
10
0.7170673622047244
20
0.7719611023622047
11
0.7173893307086614
21
0.7731626377952756
0
LINE
8
BLACK
6
CONTINUOUS
10
0.7173893307086614
20
0.7731626377952756
11
0.7176020866141732
21
0.7733753937007873
0
LINE
8
BLACK
6
CONTINUOUS
10
0.7176020866141732
20
0.7733753937007873
11
0.7177085039370078
21
0.7736568503937008
0
LINE
8
BLACK
6
CONTINUOUS
10
0.7177085039370078
20
0.7736568503937008
11
0.7186712204724409
21
0.7744445275590551
0
LINE
8
BLACK
6
CONTINUOUS
10
0.7186712204724409
20
0.7744445275590551
11
0.719550905511811
21
0.7753242125984252
0
LINE
8
BLACK
6
CONTINUOUS
10
0.719550905511811
20
0.7753242125984252
11
0.7198415354330708
21
0.7754020866141732
0
LINE
8
BLACK
6
CONTINUOUS
10
0.7198415354330708
20
0.7754020866141732
11
0.7200744488188976
21
0.7755926377952755
0
LINE
8
BLACK
6
CONTINUOUS
10
0.7200744488188976
20
0.7755926377952755
11
0.7213020078740158
21
0.7757933858267716
0
LINE
8
BLACK
6
CONTINUOUS
10
0.7213020078740158
20
0.7757933858267716
11
0.7225036614173228
21
0.7761153937007874
0
LINE
8
BLACK
6
CONTINUOUS
10
0.7225036614173228
20
0.7761153937007874
11
0.750625157480315
21
0.7761153937007874
0
LINE
8
BLACK
6
CONTINUOUS
10
0.750625157480315
20
0.7761153937007874
11
0.7535779133858268
21
0.7753242125984252
0
LINE
8
BLACK
6
CONTINUOUS
10
0.2535694094488189
20
0.8454361811023622
11
0.2543333464566929
21
0.8430850393700787
0
LINE
8
BLACK
6
CONTINUOUS
10
0.2543333464566929
20
0.8430850393700787
11
0.2543333464566929
21
0.807370748031496
0
LINE
8
BLACK
6
CONTINUOUS
10
0.2543333464566929
20
0.807370748031496
11
0.2541329921259842
21
0.8067541338582677
0
LINE
8
BLACK
6
CONTINUOUS
10
0.2541329921259842
20
0.8067541338582677
11
0.2541280708661418
21
0.8061058267716535
0
LINE
8
BLACK
6
CONTINUOUS
10
0.2541280708661418
20
0.8061058267716535
11
0.2517470866141732
21
0.7989629921259842
0
LINE
8
BLACK
6
CONTINUOUS
10
0.2517470866141732
20
0.7989629921259842
11
0.2511994094488189
21
0.7982211023622047
0
LINE
8
BLACK
6
CONTINUOUS
10
0.2511994094488189
20
0.7982211023622047
11
0.2507807874015748
21
0.7973994881889763
0
LINE
8
BLACK
6
CONTINUOUS
10
0.2507807874015748
20
0.7973994881889763
11
0.2460188976377953
21
0.7926375984251969
0
LINE
8
BLACK
6
CONTINUOUS
10
0.2460188976377953
20
0.7926375984251969
11
0.2451972440944882
21
0.792218937007874
0
LINE
8
BLACK
6
CONTINUOUS
10
0.2451972440944882
20
0.792218937007874
11
0.2444553937007874
21
0.7916712992125984
0
LINE
8
BLACK
6
CONTINUOUS
10
0.2444553937007874
20
0.7916712992125984
11
0.2373125196850394
21
0.78929031496063
0
LINE
8
BLACK
6
CONTINUOUS
10
0.2373125196850394
20
0.78929031496063
11
0.2366641732283465
21
0.7892853543307087
0
LINE
8
BLACK
6
CONTINUOUS
10
0.2366641732283465
20
0.7892853543307087
11
0.2360475984251968
21
0.7890850393700787
0
LINE
8
BLACK
6
CONTINUOUS
10
0.2360475984251968
20
0.7890850393700787
11
0.2312857086614173
21
0.7890850393700787
0
LINE
8
BLACK
6
CONTINUOUS
10
0.2312857086614173
20
0.7890850393700787
11
0.2289345669291339
21
0.7898489763779527
0
LINE
8
BLACK
6
CONTINUOUS
10
0.2289345669291339
20
0.7898489763779527
11
0.2274814960629921
21
0.7918489763779527
0
LINE
8
BLACK
6
CONTINUOUS
10
0.2274814960629921
20
0.7918489763779527
11
0.2274814960629921
21
0.7943211023622047
0
LINE
8
BLACK
6
CONTINUOUS
10
0.2274814960629921
20
0.7943211023622047
11
0.2289345669291339
21
0.7963211023622047
0
LINE
8
BLACK
6
CONTINUOUS
10
0.2289345669291339
20
0.7963211023622047
11
0.2312857086614173
21
0.7970850393700787
0
LINE
8
BLACK
6
CONTINUOUS
10
0.2312857086614173
20
0.7970850393700787
11
0.2353985039370079
21
0.7970850393700787
0
LINE
8
BLACK
6
CONTINUOUS
10
0.2353985039370079
20
0.7970850393700787
11
0.2410297244094488
21
0.798962125984252
0
LINE
8
BLACK
6
CONTINUOUS
10
0.2410297244094488
20
0.798962125984252
11
0.2444562204724409
21
0.802388622047244
0
LINE
8
BLACK
6
CONTINUOUS
10
0.2444562204724409
20
0.802388622047244
11
0.2463333464566929
21
0.8080198425196851
0
LINE
8
BLACK
6
CONTINUOUS
10
0.2463333464566929
20
0.8080198425196851
11
0.2463333464566929
21
0.8430850393700787
0
LINE
8
BLACK
6
CONTINUOUS
10
0.2463333464566929
20
0.8430850393700787
11
0.2470972834645669
21
0.8454361811023622
0
LINE
8
BLACK
6
CONTINUOUS
10
0.2470972834645669
20
0.8454361811023622
11
0.2490972834645669
21
0.846889251968504
0
LINE
8
BLACK
6
CONTINUOUS
10
0.2490972834645669
20
0.846889251968504
11
0.2515694094488189
21
0.846889251968504
0
LINE
8
BLACK
6
CONTINUOUS
10
0.2515694094488189
20
0.846889251968504
11
0.2535694094488189
21
0.8454361811023622
0
LINE
8
BLACK
6
CONTINUOUS
10
0.2916865354330709
20
0.8468000787401575
11
0.2925983858267717
21
0.8466627559055118
0
LINE
8
BLACK
6
CONTINUOUS
10
0.2925983858267717
20
0.8466627559055118
11
0.2973602755905512
21
0.844281811023622
0
LINE
8
BLACK
6
CONTINUOUS
10
0.2973602755905512
20
0.844281811023622
11
0.2978221653543307
21
0.8438268503937008
0
LINE
8
BLACK
6
CONTINUOUS
10
0.2978221653543307
20
0.8438268503937008
11
0.298399842519685
21
0.8435325196850394
0
LINE
8
BLACK
6
CONTINUOUS
10
0.298399842519685
20
0.8435325196850394
11
0.3007807874015748
21
0.8411515748031496
0
LINE
8
BLACK
6
CONTINUOUS
10
0.3007807874015748
20
0.8411515748031496
11
0.3010750787401575
21
0.8405739763779527
0
LINE
8
BLACK
6
CONTINUOUS
10
0.3010750787401575
20
0.8405739763779527
11
0.3015300787401575
21
0.8401120472440945
0
LINE
8
BLACK
6
CONTINUOUS
10
0.3015300787401575
20
0.8401120472440945
11
0.303911062992126
21
0.8353501181102362
0
LINE
8
BLACK
6
CONTINUOUS
10
0.303911062992126
20
0.8353501181102362
11
0.3040483858267716
21
0.8344381496062991
0
LINE
8
BLACK
6
CONTINUOUS
10
0.3040483858267716
20
0.8344381496062991
11
0.3043333464566929
21
0.8335612598425197
0
LINE
8
BLACK
6
CONTINUOUS
10
0.3043333464566929
20
0.8335612598425197
11
0.3043333464566929
21
0.8287993307086614
0
LINE
8
BLACK
6
CONTINUOUS
10
0.3043333464566929
20
0.8287993307086614
11
0.3041329921259843
21
0.8281827165354331
0
LINE
8
BLACK
6
CONTINUOUS
10
0.3041329921259843
20
0.8281827165354331
11
0.3041280708661417
21
0.8275344094488188
0
LINE
8
BLACK
6
CONTINUOUS
10
0.3041280708661417
20
0.8275344094488188
11
0.3017470866141732
21
0.8203915748031496
0
LINE
8
BLACK
6
CONTINUOUS
10
0.3017470866141732
20
0.8203915748031496
11
0.3011994094488189
21
0.8196496850393701
0
LINE
8
BLACK
6
CONTINUOUS
10
0.3011994094488189
20
0.8196496850393701
11
0.3007807874015748
21
0.8188280708661417
0
LINE
8
BLACK
6
CONTINUOUS
10
0.3007807874015748
20
0.8188280708661417
11
0.2790377952755905
21
0.7970850393700787
0
LINE
8
BLACK
6
CONTINUOUS
10
0.2790377952755905
20
0.7970850393700787
11
0.3003333464566929
21
0.7970850393700787
0
LINE
8
BLACK
6
CONTINUOUS
10
0.3003333464566929
20
0.7970850393700787
11
0.3026844881889764
21
0.7963211023622047
0
LINE
8
BLACK
6
CONTINUOUS
10
0.3026844881889764
20
0.7963211023622047
11
0.3041375590551181
21
0.7943211023622047
0
LINE
8
BLACK
6
CONTINUOUS
10
0.3041375590551181
20
0.7943211023622047
11
0.3041375590551181
21
0.7918489763779527
0
LINE
8
BLACK
6
CONTINUOUS
10
0.3041375590551181
20
0.7918489763779527
11
0.3026844881889764
21
0.7898489763779527
0
LINE
8
BLACK
6
CONTINUOUS
10
0.3026844881889764
20
0.7898489763779527
11
0.3003333464566929
21
0.7890850393700787
0
LINE
8
BLACK
6
CONTINUOUS
10
0.3003333464566929
20
0.7890850393700787
11
0.2693809448818897
21
0.7890850393700787
0
LINE
8
BLACK
6
CONTINUOUS
10
0.2693809448818897
20
0.7890850393700787
11
0.2684900393700788
21
0.7893744881889764
0
LINE
8
BLACK
6
CONTINUOUS
10
0.2684900393700788
20
0.7893744881889764
11
0.267565
21
0.7895210236220472
0
LINE
8
BLACK
6
CONTINUOUS
10
0.267565
20
0.7895210236220472
11
0.2673367716535433
21
0.7897492125984252
0
LINE
8
BLACK
6
CONTINUOUS
10
0.2673367716535433
20
0.7897492125984252
11
0.2670298031496063
21
0.7898489763779527
0
LINE
8
BLACK
6
CONTINUOUS
10
0.2670298031496063
20
0.7898489763779527
11
0.2664791732283465
21
0.7906068110236221
0
LINE
8
BLACK
6
CONTINUOUS
10
0.2664791732283465
20
0.7906068110236221
11
0.2658169291338582
21
0.7912690944881889
0
LINE
8
BLACK
6
CONTINUOUS
10
0.2658169291338582
20
0.7912690944881889
11
0.2657664173228346
21
0.7915878346456693
0
LINE
8
BLACK
6
CONTINUOUS
10
0.2657664173228346
20
0.7915878346456693
11
0.2655767322834646
21
0.7918489763779527
0
LINE
8
BLACK
6
CONTINUOUS
10
0.2655767322834646
20
0.7918489763779527
11
0.2655767322834646
21
0.792785590551181
0
LINE
8
BLACK
6
CONTINUOUS
10
0.2655767322834646
20
0.792785590551181
11
0.2654301968503937
21
0.7937107874015747
0
LINE
8
BLACK
6
CONTINUOUS
10
0.2654301968503937
20
0.7937107874015747
11
0.2655767322834646
21
0.7939983464566929
0
LINE
8
BLACK
6
CONTINUOUS
10
0.2655767322834646
20
0.7939983464566929
11
0.2655767322834646
21
0.7943211023622047
0
LINE
8
BLACK
6
CONTINUOUS
10
0.2655767322834646
20
0.7943211023622047
11
0.2661272440944882
21
0.7950788188976378
0
LINE
8
BLACK
6
CONTINUOUS
10
0.2661272440944882
20
0.7950788188976378
11
0.2665525196850393
21
0.7959134645669291
0
LINE
8
BLACK
6
CONTINUOUS
10
0.2665525196850393
20
0.7959134645669291
11
0.2944562204724409
21
0.8238172047244094
0
LINE
8
BLACK
6
CONTINUOUS
10
0.2944562204724409
20
0.8238172047244094
11
0.2963333464566929
21
0.8294484251968504
0
LINE
8
BLACK
6
CONTINUOUS
10
0.2963333464566929
20
0.8294484251968504
11
0.2963333464566929
21
0.832616968503937
0
LINE
8
BLACK
6
CONTINUOUS
10
0.2963333464566929
20
0.832616968503937
11
0.2946648818897638
21
0.8359537401574803
0
LINE
8
BLACK
6
CONTINUOUS
10
0.2946648818897638
20
0.8359537401574803
11
0.2932020078740157
21
0.8374166535433071
0
LINE
8
BLACK
6
CONTINUOUS
10
0.2932020078740157
20
0.8374166535433071
11
0.2898652362204724
21
0.8390850393700787
0
LINE
8
BLACK
6
CONTINUOUS
10
0.2898652362204724
20
0.8390850393700787
11
0.2798490157480315
21
0.8390850393700787
0
LINE
8
BLACK
6
CONTINUOUS
10
0.2798490157480315
20
0.8390850393700787
11
0.2765122440944882
21
0.8374166535433071
0
LINE
8
BLACK
6
CONTINUOUS
10
0.2765122440944882
20
0.8374166535433071
11
0.2745903149606299
21
0.8354947244094488
0
LINE
8
BLACK
6
CONTINUOUS
10
0.2745903149606299
20
0.8354947244094488
11
0.2723876377952756
21
0.8343724015748031
0
LINE
8
BLACK
6
CONTINUOUS
10
0.2723876377952756
20
0.8343724015748031
11
0.2699459448818898
21
0.8347591338582677
0
LINE
8
BLACK
6
CONTINUOUS
10
0.2699459448818898
20
0.8347591338582677
11
0.268197874015748
21
0.8365072047244094
0
LINE
8
BLACK
6
CONTINUOUS
10
0.268197874015748
20
0.8365072047244094
11
0.2678111417322834
21
0.8389488976377952
0
LINE
8
BLACK
6
CONTINUOUS
10
0.2678111417322834
20
0.8389488976377952
11
0.2689334645669291
21
0.8411515748031496
0
LINE
8
BLACK
6
CONTINUOUS
10
0.2689334645669291
20
0.8411515748031496
11
0.2713144094488189
21
0.8435325196850394
0
LINE
8
BLACK
6
CONTINUOUS
10
0.2713144094488189
20
0.8435325196850394
11
0.2718920472440945
21
0.8438268503937008
0
LINE
8
BLACK
6
CONTINUOUS
10
0.2718920472440945
20
0.8438268503937008
11
0.2723539763779527
21
0.844281811023622
0
LINE
8
BLACK
6
CONTINUOUS
10
0.2723539763779527
20
0.844281811023622
11
0.277115905511811
21
0.8466627559055118
0
LINE
8
BLACK
6
CONTINUOUS
10
0.277115905511811
20
0.8466627559055118
11
0.2780277165354331
21
0.8468000787401575
0
LINE
8
BLACK
6
CONTINUOUS
10
0.2780277165354331
20
0.8468000787401575
11
0.2789047637795276
21
0.8470850393700787
0
LINE
8
BLACK
6
CONTINUOUS
10
0.2789047637795276
20
0.8470850393700787
11
0.2908095275590551
21
0.8470850393700787
0
LINE
8
BLACK
6
CONTINUOUS
10
0.2908095275590551
20
0.8470850393700787
11
0.2916865354330709
21
0.8468000787401575
0
LINE
8
BLACK
6
CONTINUOUS
10
0.5311077952755905
20
0.8708628346456693
11
0.5323688582677165
21
0.8706401181102362
0
LINE
8
BLACK
6
CONTINUOUS
10
0.5323688582677165
20
0.8706401181102362
11
0.5325702755905511
21
0.8704709842519684
0
LINE
8
BLACK
6
CONTINUOUS
10
0.5325702755905511
20
0.8704709842519684
11
0.5328242519685039
21
0.8704029527559055
0
LINE
8
BLACK
6
CONTINUOUS
10
0.5328242519685039
20
0.8704029527559055
11
0.5337294094488189
21
0.8694977559055118
0
LINE
8
BLACK
6
CONTINUOUS
10
0.5337294094488189
20
0.8694977559055118
11
0.53471
21
0.8686744881889764
0
LINE
8
BLACK
6
CONTINUOUS
10
0.53471
20
0.8686744881889764
11
0.534799842519685
21
0.8684273228346456
0
LINE
8
BLACK
6
CONTINUOUS
10
0.534799842519685
20
0.8684273228346456
11
0.5349858267716535
21
0.8682413779527559
0
LINE
8
BLACK
6
CONTINUOUS
10
0.5349858267716535
20
0.8682413779527559
11
0.5353171653543307
21
0.8670047637795275
0
LINE
8
BLACK
6
CONTINUOUS
10
0.5353171653543307
20
0.8670047637795275
11
0.5357546850393701
21
0.8658016141732283
0
LINE
8
BLACK
6
CONTINUOUS
10
0.5357546850393701
20
0.8658016141732283
11
0.535708937007874
21
0.8655426377952755
0
LINE
8
BLACK
6
CONTINUOUS
10
0.535708937007874
20
0.8655426377952755
11
0.5357770078740157
21
0.8652886220472441
0
LINE
8
BLACK
6
CONTINUOUS
10
0.5357770078740157
20
0.8652886220472441
11
0.5357770078740157
21
0.8062335039370079
0
LINE
8
BLACK
6
CONTINUOUS
10
0.5357770078740157
20
0.8062335039370079
11
0.5349858267716535
21
0.8032807480314961
0
LINE
8
BLACK
6
CONTINUOUS
10
0.5349858267716535
20
0.8032807480314961
11
0.5328242519685039
21
0.8011191732283465
0
LINE
8
BLACK
6
CONTINUOUS
10
0.5328242519685039
20
0.8011191732283465
11
0.5298714960629921
21
0.8003279921259843
0
LINE
8
BLACK
6
CONTINUOUS
10
0.5298714960629921
20
0.8003279921259843
11
0.5269187401574803
21
0.8011191732283465
0
LINE
8
BLACK
6
CONTINUOUS
10
0.5269187401574803
20
0.8011191732283465
11
0.5247571653543307
21
0.8032807480314961
0
LINE
8
BLACK
6
CONTINUOUS
10
0.5247571653543307
20
0.8032807480314961
11
0.5239659842519685
21
0.8062335039370079
0
LINE
8
BLACK
6
CONTINUOUS
10
0.5239659842519685
20
0.8062335039370079
11
0.5239659842519685
21
0.8386691338582677
0
LINE
8
BLACK
6
CONTINUOUS
10
0.5239659842519685
20
0.8386691338582677
11
0.5155379133858268
21
0.8206090157480315
0
LINE
8
BLACK
6
CONTINUOUS
10
0.5155379133858268
20
0.8206090157480315
11
0.5152029921259842
21
0.8202101181102363
0
LINE
8
BLACK
6
CONTINUOUS
10
0.5152029921259842
20
0.8202101181102363
11
0.5150249606299212
21
0.8197205118110236
0
LINE
8
BLACK
6
CONTINUOUS
10
0.5150249606299212
20
0.8197205118110236
11
0.5142351574803149
21
0.8190574015748031
0
LINE
8
BLACK
6
CONTINUOUS
10
0.5142351574803149
20
0.8190574015748031
11
0.513572283464567
21
0.818267874015748
0
LINE
8
BLACK
6
CONTINUOUS
10
0.513572283464567
20
0.818267874015748
11
0.5130827952755905
21
0.8180898818897637
0
LINE
8
BLACK
6
CONTINUOUS
10
0.5130827952755905
20
0.8180898818897637
11
0.5126838188976378
21
0.8177548818897638
0
LINE
8
BLACK
6
CONTINUOUS
10
0.5126838188976378
20
0.8177548818897638
11
0.5116682283464566
21
0.8175754724409449
0
LINE
8
BLACK
6
CONTINUOUS
10
0.5116682283464566
20
0.8175754724409449
11
0.5106994094488189
21
0.8172231889763779
0
LINE
8
BLACK
6
CONTINUOUS
10
0.5106994094488189
20
0.8172231889763779
11
0.5101865354330709
21
0.8173137401574803
0
LINE
8
BLACK
6
CONTINUOUS
10
0.5101865354330709
20
0.8173137401574803
11
0.5096735039370078
21
0.8172231496062992
0
LINE
8
BLACK
6
CONTINUOUS
10
0.5096735039370078
20
0.8172231496062992
11
0.5087042125984251
21
0.8175755905511811
0
LINE
8
BLACK
6
CONTINUOUS
10
0.5087042125984251
20
0.8175755905511811
11
0.507689094488189
21
0.8177549212598425
0
LINE
8
BLACK
6
CONTINUOUS
10
0.507689094488189
20
0.8177549212598425
11
0.5072902362204724
21
0.8180897637795276
0
LINE
8
BLACK
6
CONTINUOUS
10
0.5072902362204724
20
0.8180897637795276
11
0.5068006299212598
21
0.8182678346456693
0
LINE
8
BLACK
6
CONTINUOUS
10
0.5068006299212598
20
0.8182678346456693
11
0.5061375196850394
21
0.8190575984251969
0
LINE
8
BLACK
6
CONTINUOUS
10
0.5061375196850394
20
0.8190575984251969
11
0.5053479527559055
21
0.8197205511811023
0
LINE
8
BLACK
6
CONTINUOUS
10
0.5053479527559055
20
0.8197205511811023
11
0.5051699212598425
21
0.8202100787401575
0
LINE
8
BLACK
6
CONTINUOUS
10
0.5051699212598425
20
0.8202100787401575
11
0.504835
21
0.8206090157480315
0
LINE
8
BLACK
6
CONTINUOUS
10
0.504835
20
0.8206090157480315
11
0.4964069291338583
21
0.8386691732283464
0
LINE
8
BLACK
6
CONTINUOUS
10
0.4964069291338583
20
0.8386691732283464
11
0.4964069291338583
21
0.8062335039370079
0
LINE
8
BLACK
6
CONTINUOUS
10
0.4964069291338583
20
0.8062335039370079
11
0.4956157480314961
21
0.8032807480314961
0
LINE
8
BLACK
6
CONTINUOUS
10
0.4956157480314961
20
0.8032807480314961
11
0.4934541732283464
21
0.8011191732283465
0
LINE
8
BLACK
6
CONTINUOUS
10
0.4934541732283464
20
0.8011191732283465
11
0.4905014173228346
21
0.8003279921259843
0
LINE
8
BLACK
6
CONTINUOUS
10
0.4905014173228346
20
0.8003279921259843
11
0.4875486614173228
21
0.8011191732283465
0
LINE
8
BLACK
6
CONTINUOUS
10
0.4875486614173228
20
0.8011191732283465
11
0.4853870866141732
21
0.8032807480314961
0
LINE
8
BLACK
6
CONTINUOUS
10
0.4853870866141732
20
0.8032807480314961
11
0.484595905511811
21
0.8062335039370079
0
LINE
8
BLACK
6
CONTINUOUS
10
0.484595905511811
20
0.8062335039370079
11
0.484595905511811
21
0.8652886220472441
0
LINE
8
BLACK
6
CONTINUOUS
10
0.484595905511811
20
0.8652886220472441
11
0.484663937007874
21
0.8655425984251969
0
LINE
8
BLACK
6
CONTINUOUS
10
0.484663937007874
20
0.8655425984251969
11
0.4846182283464567
21
0.8658015748031496
0
LINE
8
BLACK
6
CONTINUOUS
10
0.4846182283464567
20
0.8658015748031496
11
0.4850556692913386
21
0.8670046062992126
0
LINE
8
BLACK
6
CONTINUOUS
10
0.4850556692913386
20
0.8670046062992126
11
0.4853870866141732
21
0.8682413779527559
0
LINE
8
BLACK
6
CONTINUOUS
10
0.4853870866141732
20
0.8682413779527559
11
0.485573031496063
21
0.8684273228346456
0
LINE
8
BLACK
6
CONTINUOUS
10
0.485573031496063
20
0.8684273228346456
11
0.4856629133858267
21
0.8686744488188977
0
LINE
8
BLACK
6
CONTINUOUS
10
0.4856629133858267
20
0.8686744488188977
11
0.4866432283464567
21
0.8694975196850393
0
LINE
8
BLACK
6
CONTINUOUS
10
0.4866432283464567
20
0.8694975196850393
11
0.4875486614173228
21
0.8704029527559055
0
LINE
8
BLACK
6
CONTINUOUS
10
0.4875486614173228
20
0.8704029527559055
11
0.4878026771653543
21
0.8704709842519684
0
LINE
8
BLACK
6
CONTINUOUS
10
0.4878026771653543
20
0.8704709842519684
11
0.4880040551181102
21
0.8706400787401575
0
LINE
8
BLACK
6
CONTINUOUS
10
0.4880040551181102
20
0.8706400787401575
11
0.4892646456692913
21
0.870862716535433
0
LINE
8
BLACK
6
CONTINUOUS
10
0.4892646456692913
20
0.870862716535433
11
0.4905014173228346
21
0.8711941338582677
0
LINE
8
BLACK
6
CONTINUOUS
10
0.4905014173228346
20
0.8711941338582677
11
0.4907553937007874
21
0.8711260629921259
0
LINE
8
BLACK
6
CONTINUOUS
10
0.4907553937007874
20
0.8711260629921259
11
0.4910143700787402
21
0.8711718110236221
0
LINE
8
BLACK
6
CONTINUOUS
10
0.4910143700787402
20
0.8711718110236221
11
0.4922174015748031
21
0.8707343307086614
0
LINE
8
BLACK
6
CONTINUOUS
10
0.4922174015748031
20
0.8707343307086614
11
0.4934541732283464
21
0.8704029527559055
0
LINE
8
BLACK
6
CONTINUOUS
10
0.4934541732283464
20
0.8704029527559055
11
0.4936401181102362
21
0.870216968503937
0
LINE
8
BLACK
6
CONTINUOUS
10
0.4936401181102362
20
0.870216968503937
11
0.4938872440944882
21
0.8701271259842519
0
LINE
8
BLACK
6
CONTINUOUS
10
0.4938872440944882
20
0.8701271259842519
11
0.4947103149606299
21
0.8691467716535433
0
LINE
8
BLACK
6
CONTINUOUS
10
0.4947103149606299
20
0.8691467716535433
11
0.4956157480314961
21
0.8682413779527559
0
LINE
8
BLACK
6
CONTINUOUS
10
0.4956157480314961
20
0.8682413779527559
11
0.495683779527559
21
0.8679873228346456
0
LINE
8
BLACK
6
CONTINUOUS
10
0.495683779527559
20
0.8679873228346456
11
0.495852874015748
21
0.8677859842519685
0
LINE
8
BLACK
6
CONTINUOUS
10
0.495852874015748
20
0.8677859842519685
11
0.5101864566929134
21
0.8370711417322835
0
LINE
8
BLACK
6
CONTINUOUS
10
0.5101864566929134
20
0.8370711417322835
11
0.5245200393700787
21
0.8677859842519685
0
LINE
8
BLACK
6
CONTINUOUS
10
0.5245200393700787
20
0.8677859842519685
11
0.524689094488189
21
0.8679873228346456
0
LINE
8
BLACK
6
CONTINUOUS
10
0.524689094488189
20
0.8679873228346456
11
0.5247571653543307
21
0.8682413779527559
0
LINE
8
BLACK
6
CONTINUOUS
10
0.5247571653543307
20
0.8682413779527559
11
0.5256624409448819
21
0.8691466535433071
0
LINE
8
BLACK
6
CONTINUOUS
10
0.5256624409448819
20
0.8691466535433071
11
0.5264856692913386
21
0.8701271653543307
0
LINE
8
BLACK
6
CONTINUOUS
10
0.5264856692913386
20
0.8701271653543307
11
0.5267327952755906
21
0.8702170078740157
0
LINE
8
BLACK
6
CONTINUOUS
10
0.5267327952755906
20
0.8702170078740157
11
0.5269187401574803
21
0.8704029527559055
0
LINE
8
BLACK
6
CONTINUOUS
10
0.5269187401574803
20
0.8704029527559055
11
0.5281550787401574
21
0.8707342125984252
0
LINE
8
BLACK
6
CONTINUOUS
10
0.5281550787401574
20
0.8707342125984252
11
0.5293585433070866
21
0.8711718503937008
0
LINE
8
BLACK
6
CONTINUOUS
10
0.5293585433070866
20
0.8711718503937008
11
0.5296175590551181
21
0.8711260629921259
0
LINE
8
BLACK
6
CONTINUOUS
10
0.5296175590551181
20
0.8711260629921259
11
0.5298714960629921
21
0.8711941338582677
0
LINE
8
BLACK
6
CONTINUOUS
10
0.5298714960629921
20
0.8711941338582677
11
0.5311077952755905
21
0.8708628346456693
0
LINE
8
BLACK
6
CONTINUOUS
10
0.5609457480314961
20
0.8704029527559055
11
0.5631073228346457
21
0.8682413779527559
0
LINE
8
BLACK
6
CONTINUOUS
10
0.5631073228346457
20
0.8682413779527559
11
0.5638985039370079
21
0.8652886220472441
0
LINE
8
BLACK
6
CONTINUOUS
10
0.5638985039370079
20
0.8652886220472441
11
0.5638985039370079
21
0.8121390157480315
0
LINE
8
BLACK
6
CONTINUOUS
10
0.5638985039370079
20
0.8121390157480315
11
0.5861144881889764
21
0.8121390157480315
0
LINE
8
BLACK
6
CONTINUOUS
10
0.5861144881889764
20
0.8121390157480315
11
0.5890672440944882
21
0.8113478346456693
0
LINE
8
BLACK
6
CONTINUOUS
10
0.5890672440944882
20
0.8113478346456693
11
0.5912288188976378
21
0.8091862598425197
0
LINE
8
BLACK
6
CONTINUOUS
10
0.5912288188976378
20
0.8091862598425197
11
0.5917165354330709
21
0.8073659842519685
0
LINE
8
BLACK
6
CONTINUOUS
10
0.5917165354330709
20
0.8073659842519685
11
0.5917606692913385
21
0.8081009842519685
0
LINE
8
BLACK
6
CONTINUOUS
10
0.5917606692913385
20
0.8081009842519685
11
0.6114457086614173
21
0.8671561023622048
0
LINE
8
BLACK
6
CONTINUOUS
10
0.6114457086614173
20
0.8671561023622048
11
0.6120991732283464
21
0.8681458661417323
0
LINE
8
BLACK
6
CONTINUOUS
10
0.6120991732283464
20
0.8681458661417323
11
0.6126296456692913
21
0.8692067716535433
0
LINE
8
BLACK
6
CONTINUOUS
10
0.6126296456692913
20
0.8692067716535433
11
0.6129309448818897
21
0.8694057086614173
0
LINE
8
BLACK
6
CONTINUOUS
10
0.6129309448818897
20
0.8694057086614173
11
0.61313
21
0.8697071653543307
0
LINE
8
BLACK
6
CONTINUOUS
10
0.61313
20
0.8697071653543307
11
0.614191062992126
21
0.8702376771653543
0
LINE
8
BLACK
6
CONTINUOUS
10
0.614191062992126
20
0.8702376771653543
11
0.6151806692913385
21
0.8708910629921259
0
LINE
8
BLACK
6
CONTINUOUS
10
0.6151806692913385
20
0.8708910629921259
11
0.6155411023622047
21
0.8709126771653544
0
LINE
8
BLACK
6
CONTINUOUS
10
0.6155411023622047
20
0.8709126771653544
11
0.6158642125984252
21
0.871074251968504
0
LINE
8
BLACK
6
CONTINUOUS
10
0.6158642125984252
20
0.871074251968504
11
0.6170482677165354
21
0.8710031496062992
0
LINE
8
BLACK
6
CONTINUOUS
10
0.6170482677165354
20
0.8710031496062992
11
0.6182320866141732
21
0.871074251968504
0
LINE
8
BLACK
6
CONTINUOUS
10
0.6182320866141732
20
0.871074251968504
11
0.6185550787401575
21
0.870912716535433
0
LINE
8
BLACK
6
CONTINUOUS
10
0.6185550787401575
20
0.870912716535433
11
0.6189156299212598
21
0.8708911023622047
0
LINE
8
BLACK
6
CONTINUOUS
10
0.6189156299212598
20
0.8708911023622047
11
0.6199055511811024
21
0.8702374803149606
0
LINE
8
BLACK
6
CONTINUOUS
10
0.6199055511811024
20
0.8702374803149606
11
0.6209662992125984
21
0.8697071259842519
0
LINE
8
BLACK
6
CONTINUOUS
10
0.6209662992125984
20
0.8697071259842519
11
0.6211652362204724
21
0.8694057874015748
0
LINE
8
BLACK
6
CONTINUOUS
10
0.6211652362204724
20
0.8694057874015748
11
0.6214666929133859
21
0.8692067716535433
0
LINE
8
BLACK
6
CONTINUOUS
10
0.6214666929133859
20
0.8692067716535433
11
0.6219972047244094
21
0.8681456692913385
0
LINE
8
BLACK
6
CONTINUOUS
10
0.6219972047244094
20
0.8681456692913385
11
0.6226505905511811
21
0.8671561023622048
0
LINE
8
BLACK
6
CONTINUOUS
10
0.6226505905511811
20
0.8671561023622048
11
0.6423356692913386
21
0.8081009842519685
0
LINE
8
BLACK
6
CONTINUOUS
10
0.6423356692913386
20
0.8081009842519685
11
0.6425188188976377
21
0.8050495669291339
0
LINE
8
BLACK
6
CONTINUOUS
10
0.6425188188976377
20
0.8050495669291339
11
0.6411517322834646
21
0.8023153543307087
0
LINE
8
BLACK
6
CONTINUOUS
10
0.6411517322834646
20
0.8023153543307087
11
0.6386006692913385
21
0.8006310236220472
0
LINE
8
BLACK
6
CONTINUOUS
10
0.6386006692913385
20
0.8006310236220472
11
0.6355492519685039
21
0.800447874015748
0
LINE
8
BLACK
6
CONTINUOUS
10
0.6355492519685039
20
0.800447874015748
11
0.6328150393700788
21
0.8018149606299212
0
LINE
8
BLACK
6
CONTINUOUS
10
0.6328150393700788
20
0.8018149606299212
11
0.631130748031496
21
0.8043660236220472
0
LINE
8
BLACK
6
CONTINUOUS
10
0.631130748031496
20
0.8043660236220472
11
0.6268524803149607
21
0.8172008661417323
0
LINE
8
BLACK
6
CONTINUOUS
10
0.6268524803149607
20
0.8172008661417323
11
0.6072438582677165
21
0.8172008661417323
0
LINE
8
BLACK
6
CONTINUOUS
10
0.6072438582677165
20
0.8172008661417323
11
0.6029655511811024
21
0.8043660236220472
0
LINE
8
BLACK
6
CONTINUOUS
10
0.6029655511811024
20
0.8043660236220472
11
0.6012812598425197
21
0.8018149999999999
0
LINE
8
BLACK
6
CONTINUOUS
10
0.6012812598425197
20
0.8018149999999999
11
0.5985470472440945
21
0.800447874015748
0
LINE
8
BLACK
6
CONTINUOUS
10
0.5985470472440945
20
0.800447874015748
11
0.5954956299212598
21
0.8006310629921259
0
LINE
8
BLACK
6
CONTINUOUS
10
0.5954956299212598
20
0.8006310629921259
11
0.5929446062992126
21
0.8023153543307087
0
LINE
8
BLACK
6
CONTINUOUS
10
0.5929446062992126
20
0.8023153543307087
11
0.5916590157480315
21
0.8048864173228346
0
LINE
8
BLACK
6
CONTINUOUS
10
0.5916590157480315
20
0.8048864173228346
11
0.5912288188976378
21
0.8032807480314961
0
LINE
8
BLACK
6
CONTINUOUS
10
0.5912288188976378
20
0.8032807480314961
11
0.5890672440944882
21
0.8011191732283465
0
LINE
8
BLACK
6
CONTINUOUS
10
0.5890672440944882
20
0.8011191732283465
11
0.5861144881889764
21
0.8003279921259843
0
LINE
8
BLACK
6
CONTINUOUS
10
0.5861144881889764
20
0.8003279921259843
11
0.5579929921259842
21
0.8003279921259843
0
LINE
8
BLACK
6
CONTINUOUS
10
0.5579929921259842
20
0.8003279921259843
11
0.5550402362204724
21
0.8011191732283465
0
LINE
8
BLACK
6
CONTINUOUS
10
0.5550402362204724
20
0.8011191732283465
11
0.5528786614173228
21
0.8032807480314961
0
LINE
8
BLACK
6
CONTINUOUS
10
0.5528786614173228
20
0.8032807480314961
11
0.5520874803149606
21
0.8062335039370079
0
LINE
8
BLACK
6
CONTINUOUS
10
0.5520874803149606
20
0.8062335039370079
11
0.5520874803149606
21
0.8652886220472441
0
LINE
8
BLACK
6
CONTINUOUS
10
0.5520874803149606
20
0.8652886220472441
11
0.5528786614173228
21
0.8682413779527559
0
LINE
8
BLACK
6
CONTINUOUS
10
0.5528786614173228
20
0.8682413779527559
11
0.5550402362204724
21
0.8704029527559055
0
LINE
8
BLACK
6
CONTINUOUS
10
0.5550402362204724
20
0.8704029527559055
11
0.5579929921259842
21
0.8711941338582677
0
LINE
8
BLACK
6
CONTINUOUS
10
0.5579929921259842
20
0.8711941338582677
11
0.5609457480314961
21
0.8704029527559055
0
LINE
8
BLACK
6
CONTINUOUS
10
0.6111808661417323
20
0.8290118897637795
11
0.6229154724409449
21
0.8290118897637795
0
LINE
8
BLACK
6
CONTINUOUS
10
0.6229154724409449
20
0.8290118897637795
11
0.6170481496062992
21
0.8466137401574803
0
LINE
8
BLACK
6
CONTINUOUS
10
0.6170481496062992
20
0.8466137401574803
11
0.6111808661417323
21
0.8290118897637795
0
LINE
8
BLACK
6
CONTINUOUS
10
0.6774142913385827
20
0.8708427952755905
11
0.678744251968504
21
0.8705706692913385
0
LINE
8
BLACK
6
CONTINUOUS
10
0.678744251968504
20
0.8705706692913385
11
0.6843685826771654
21
0.8677585039370078
0
LINE
8
BLACK
6
CONTINUOUS
10
0.6843685826771654
20
0.8677585039370078
11
0.6850799606299213
21
0.8671276377952756
0
LINE
8
BLACK
6
CONTINUOUS
10
0.6850799606299213
20
0.8671276377952756
11
0.6859033858267717
21
0.8666522834645669
0
LINE
8
BLACK
6
CONTINUOUS
10
0.6859033858267717
20
0.8666522834645669
11
0.6887155118110236
21
0.863840157480315
0
LINE
8
BLACK
6
CONTINUOUS
10
0.6887155118110236
20
0.863840157480315
11
0.6891909055118111
21
0.8630166929133858
0
LINE
8
BLACK
6
CONTINUOUS
10
0.6891909055118111
20
0.8630166929133858
11
0.6898217322834646
21
0.8623053543307087
0
LINE
8
BLACK
6
CONTINUOUS
10
0.6898217322834646
20
0.8623053543307087
11
0.6926338976377953
21
0.8566811023622047
0
LINE
8
BLACK
6
CONTINUOUS
10
0.6926338976377953
20
0.8566811023622047
11
0.692906062992126
21
0.8553510629921259
0
LINE
8
BLACK
6
CONTINUOUS
10
0.692906062992126
20
0.8553510629921259
11
0.6932573622047244
21
0.8540400393700788
0
LINE
8
BLACK
6
CONTINUOUS
10
0.6932573622047244
20
0.8540400393700788
11
0.6932573622047244
21
0.848415748031496
0
LINE
8
BLACK
6
CONTINUOUS
10
0.6932573622047244
20
0.848415748031496
11
0.6929060236220472
21
0.8471046456692913
0
LINE
8
BLACK
6
CONTINUOUS
10
0.6929060236220472
20
0.8471046456692913
11
0.6926338976377953
21
0.8457747244094488
0
LINE
8
BLACK
6
CONTINUOUS
10
0.6926338976377953
20
0.8457747244094488
11
0.6898217322834646
21
0.8401503937007874
0
LINE
8
BLACK
6
CONTINUOUS
10
0.6898217322834646
20
0.8401503937007874
11
0.6891908661417323
21
0.8394389763779527
0
LINE
8
BLACK
6
CONTINUOUS
10
0.6891908661417323
20
0.8394389763779527
11
0.6887155118110236
21
0.8386155905511811
0
LINE
8
BLACK
6
CONTINUOUS
10
0.6887155118110236
20
0.8386155905511811
11
0.6886617716535433
21
0.8385618503937008
0
LINE
8
BLACK
6
CONTINUOUS
10
0.6886617716535433
20
0.8385618503937008
11
0.6887155118110236
21
0.8385308267716535
0
LINE
8
BLACK
6
CONTINUOUS
10
0.6887155118110236
20
0.8385308267716535
11
0.6915276771653543
21
0.8357186614173228
0
LINE
8
BLACK
6
CONTINUOUS
10
0.6915276771653543
20
0.8357186614173228
11
0.692003031496063
21
0.8348952362204725
0
LINE
8
BLACK
6
CONTINUOUS
10
0.692003031496063
20
0.8348952362204725
11
0.6926338976377953
21
0.8341838582677166
0
LINE
8
BLACK
6
CONTINUOUS
10
0.6926338976377953
20
0.8341838582677166
11
0.6954460236220472
21
0.8285595275590552
0
LINE
8
BLACK
6
CONTINUOUS
10
0.6954460236220472
20
0.8285595275590552
11
0.6957181102362204
21
0.8272297637795275
0
LINE
8
BLACK
6
CONTINUOUS
10
0.6957181102362204
20
0.8272297637795275
11
0.6960694881889764
21
0.8259185433070866
0
LINE
8
BLACK
6
CONTINUOUS
10
0.6960694881889764
20
0.8259185433070866
11
0.6960694881889764
21
0.8174820866141732
0
LINE
8
BLACK
6
CONTINUOUS
10
0.6960694881889764
20
0.8174820866141732
11
0.6957181102362204
21
0.8161708267716535
0
LINE
8
BLACK
6
CONTINUOUS
10
0.6957181102362204
20
0.8161708267716535
11
0.6954460236220472
21
0.8148411023622047
0
LINE
8
BLACK
6
CONTINUOUS
10
0.6954460236220472
20
0.8148411023622047
11
0.6926338976377953
21
0.8092167716535433
0
LINE
8
BLACK
6
CONTINUOUS
10
0.6926338976377953
20
0.8092167716535433
11
0.692003031496063
21
0.8085053543307087
0
LINE
8
BLACK
6
CONTINUOUS
10
0.692003031496063
20
0.8085053543307087
11
0.6915276377952756
21
0.8076819291338583
0
LINE
8
BLACK
6
CONTINUOUS
10
0.6915276377952756
20
0.8076819291338583
11
0.6887154724409449
21
0.8048698031496063
0
LINE
8
BLACK
6
CONTINUOUS
10
0.6887154724409449
20
0.8048698031496063
11
0.6878920472440945
21
0.8043944094488189
0
LINE
8
BLACK
6
CONTINUOUS
10
0.6878920472440945
20
0.8043944094488189
11
0.6871807086614173
21
0.8037636220472441
0
LINE
8
BLACK
6
CONTINUOUS
10
0.6871807086614173
20
0.8037636220472441
11
0.6815564173228347
21
0.8009514566929133
0
LINE
8
BLACK
6
CONTINUOUS
10
0.6815564173228347
20
0.8009514566929133
11
0.6802264566929134
21
0.8006792913385826
0
LINE
8
BLACK
6
CONTINUOUS
10
0.6802264566929134
20
0.8006792913385826
11
0.6789153937007874
21
0.8003279921259843
0
LINE
8
BLACK
6
CONTINUOUS
10
0.6789153937007874
20
0.8003279921259843
11
0.6564181889763779
21
0.8003279921259843
0
LINE
8
BLACK
6
CONTINUOUS
10
0.6564181889763779
20
0.8003279921259843
11
0.6534654330708661
21
0.8011191732283465
0
LINE
8
BLACK
6
CONTINUOUS
10
0.6534654330708661
20
0.8011191732283465
11
0.6513038582677165
21
0.8032807480314961
0
LINE
8
BLACK
6
CONTINUOUS
10
0.6513038582677165
20
0.8032807480314961
11
0.6505126771653543
21
0.8062335039370079
0
LINE
8
BLACK
6
CONTINUOUS
10
0.6505126771653543
20
0.8062335039370079
11
0.6505126771653543
21
0.8652886220472441
0
LINE
8
BLACK
6
CONTINUOUS
10
0.6505126771653543
20
0.8652886220472441
11
0.6513038582677165
21
0.8682413779527559
0
LINE
8
BLACK
6
CONTINUOUS
10
0.6513038582677165
20
0.8682413779527559
11
0.6534654330708661
21
0.8704029527559055
0
LINE
8
BLACK
6
CONTINUOUS
10
0.6534654330708661
20
0.8704029527559055
11
0.6564181889763779
21
0.8711941338582677
0
LINE
8
BLACK
6
CONTINUOUS
10
0.6564181889763779
20
0.8711941338582677
11
0.6761032283464566
21
0.8711941338582677
0
LINE
8
BLACK
6
CONTINUOUS
10
0.6761032283464566
20
0.8711941338582677
11
0.6774142913385827
21
0.8708427952755905
0
LINE
8
BLACK
6
CONTINUOUS
10
0.6623237007874015
20
0.8121390157480315
11
0.6775212992125984
21
0.8121390157480315
0
LINE
8
BLACK
6
CONTINUOUS
10
0.6775212992125984
20
0.8121390157480315
11
0.6810415354330709
21
0.8138991338582677
0
LINE
8
BLACK
6
CONTINUOUS
10
0.6810415354330709
20
0.8138991338582677
11
0.6824983858267717
21
0.8153559842519685
0
LINE
8
BLACK
6
CONTINUOUS
10
0.6824983858267717
20
0.8153559842519685
11
0.6842584645669291
21
0.8188761417322834
0
LINE
8
BLACK
6
CONTINUOUS
10
0.6842584645669291
20
0.8188761417322834
11
0.6842584645669291
21
0.8245244488188976
0
LINE
8
BLACK
6
CONTINUOUS
10
0.6842584645669291
20
0.8245244488188976
11
0.6824983464566929
21
0.8280446456692914
0
LINE
8
BLACK
6
CONTINUOUS
10
0.6824983464566929
20
0.8280446456692914
11
0.6813496456692913
21
0.8291933464566928
0
LINE
8
BLACK
6
CONTINUOUS
10
0.6813496456692913
20
0.8291933464566928
11
0.675144842519685
21
0.8312616141732283
0
LINE
8
BLACK
6
CONTINUOUS
10
0.675144842519685
20
0.8312616141732283
11
0.6623237007874015
21
0.8312616141732283
0
LINE
8
BLACK
6
CONTINUOUS
10
0.6623237007874015
20
0.8312616141732283
11
0.6623237007874015
21
0.8121390157480315
0
LINE
8
BLACK
6
CONTINUOUS
10
0.6623237007874015
20
0.8430726377952755
11
0.6747091338582677
21
0.8430726377952755
0
LINE
8
BLACK
6
CONTINUOUS
10
0.6747091338582677
20
0.8430726377952755
11
0.6782293700787402
21
0.8448327559055118
0
LINE
8
BLACK
6
CONTINUOUS
10
0.6782293700787402
20
0.8448327559055118
11
0.679686220472441
21
0.8462896062992126
0
LINE
8
BLACK
6
CONTINUOUS
10
0.679686220472441
20
0.8462896062992126
11
0.6814463385826771
21
0.8498098425196851
0
LINE
8
BLACK
6
CONTINUOUS
10
0.6814463385826771
20
0.8498098425196851
11
0.6814463385826771
21
0.852645905511811
0
LINE
8
BLACK
6
CONTINUOUS
10
0.6814463385826771
20
0.852645905511811
11
0.679686220472441
21
0.8561661023622047
0
LINE
8
BLACK
6
CONTINUOUS
10
0.679686220472441
20
0.8561661023622047
11
0.6782293700787402
21
0.8576229921259843
0
LINE
8
BLACK
6
CONTINUOUS
10
0.6782293700787402
20
0.8576229921259843
11
0.6747091338582677
21
0.8593831102362205
0
LINE
8
BLACK
6
CONTINUOUS
10
0.6747091338582677
20
0.8593831102362205
11
0.6623237007874015
21
0.8593831102362205
0
LINE
8
BLACK
6
CONTINUOUS
10
0.6623237007874015
20
0.8593831102362205
11
0.6623237007874015
21
0.8430726377952755
0
LINE
8
BLACK
6
CONTINUOUS
10
0.7162242913385827
20
0.8175620866141732
11
0.7170017322834645
21
0.8175620866141732
0
LINE
8
BLACK
6
CONTINUOUS
10
0.7170017322834645
20
0.8175620866141732
11
0.7170017716535433
21
0.8175620866141732
0
LINE
8
BLACK
6
CONTINUOUS
10
0.7170017716535433
20
0.8175620866141732
11
0.7176750787401575
21
0.8171733464566929
0
LINE
8
BLACK
6
CONTINUOUS
10
0.7176750787401575
20
0.8171733464566929
11
0.718426062992126
21
0.816972125984252
0
LINE
8
BLACK
6
CONTINUOUS
10
0.718426062992126
20
0.816972125984252
11
0.7189757874015748
21
0.8164223622047244
0
LINE
8
BLACK
6
CONTINUOUS
10
0.7189757874015748
20
0.8164223622047244
11
0.7196490944881889
21
0.8160336614173228
0
LINE
8
BLACK
6
CONTINUOUS
10
0.7196490944881889
20
0.8160336614173228
11
0.7224612598425196
21
0.8132215354330709
0
LINE
8
BLACK
6
CONTINUOUS
10
0.7224612598425196
20
0.8132215354330709
11
0.7224612598425196
21
0.8132214960629921
0
LINE
8
BLACK
6
CONTINUOUS
10
0.7224612598425196
20
0.8132214960629921
11
0.7224612992125984
21
0.8132214960629921
0
LINE
8
BLACK
6
CONTINUOUS
10
0.7224612992125984
20
0.8132214960629921
11
0.7229542125984252
21
0.8123677559055118
0
LINE
8
BLACK
6
CONTINUOUS
10
0.7229542125984252
20
0.8123677559055118
11
0.7239897637795275
21
0.8105741732283465
0
LINE
8
BLACK
6
CONTINUOUS
10
0.7239897637795275
20
0.8105741732283465
11
0.7239897637795275
21
0.8105741338582677
0
LINE
8
BLACK
6
CONTINUOUS
10
0.7239897637795275
20
0.8105741338582677
11
0.7239897637795275
21
0.8075172047244095
0
LINE
8
BLACK
6
CONTINUOUS
10
0.7239897637795275
20
0.8075172047244095
11
0.7237324015748031
21
0.8070714566929134
0
LINE
8
BLACK
6
CONTINUOUS
10
0.7237324015748031
20
0.8070714566929134
11
0.722993622047244
21
0.8057918110236221
0
LINE
8
BLACK
6
CONTINUOUS
10
0.722993622047244
20
0.8057918110236221
11
0.7224612992125984
21
0.8048698425196851
0
LINE
8
BLACK
6
CONTINUOUS
10
0.7224612992125984
20
0.8048698425196851
11
0.7196491338582677
21
0.8020576771653544
0
LINE
8
BLACK
6
CONTINUOUS
10
0.7196491338582677
20
0.8020576771653544
11
0.7196490944881889
21
0.8020576377952756
0
LINE
8
BLACK
6
CONTINUOUS
10
0.7196490944881889
20
0.8020576377952756
11
0.7192288188976378
21
0.8018149999999999
0
LINE
8
BLACK
6
CONTINUOUS
10
0.7192288188976378
20
0.8018149999999999
11
0.7189758267716535
21
0.801668937007874
0
LINE
8
BLACK
6
CONTINUOUS
10
0.7189758267716535
20
0.801668937007874
11
0.718426062992126
21
0.8011191732283465
0
LINE
8
BLACK
6
CONTINUOUS
10
0.718426062992126
20
0.8011191732283465
11
0.7176750787401575
21
0.8009179133858267
0
LINE
8
BLACK
6
CONTINUOUS
10
0.7176750787401575
20
0.8009179133858267
11
0.7170017716535433
21
0.8005292125984251
0
LINE
8
BLACK
6
CONTINUOUS
10
0.7170017716535433
20
0.8005292125984251
11
0.7162242913385827
21
0.8005292125984251
0
LINE
8
BLACK
6
CONTINUOUS
10
0.7162242913385827
20
0.8005292125984251
11
0.7154733070866142
21
0.8003279921259843
0
LINE
8
BLACK
6
CONTINUOUS
10
0.7154733070866142
20
0.8003279921259843
11
0.7147223228346457
21
0.8005292125984251
0
LINE
8
BLACK
6
CONTINUOUS
10
0.7147223228346457
20
0.8005292125984251
11
0.713944842519685
21
0.8005292125984251
0
LINE
8
BLACK
6
CONTINUOUS
10
0.713944842519685
20
0.8005292125984251
11
0.7139448031496063
21
0.8005292125984251
0
LINE
8
BLACK
6
CONTINUOUS
10
0.7139448031496063
20
0.8005292125984251
11
0.7132714566929134
21
0.8009179527559055
0
LINE
8
BLACK
6
CONTINUOUS
10
0.7132714566929134
20
0.8009179527559055
11
0.7125205511811024
21
0.8011191732283465
0
LINE
8
BLACK
6
CONTINUOUS
10
0.7125205511811024
20
0.8011191732283465
11
0.7119707480314961
21
0.801668937007874
0
LINE
8
BLACK
6
CONTINUOUS
10
0.7119707480314961
20
0.801668937007874
11
0.711717874015748
21
0.8018149606299212
0
LINE
8
BLACK
6
CONTINUOUS
10
0.711717874015748
20
0.8018149606299212
11
0.7112974803149607
21
0.8020576771653544
0
LINE
8
BLACK
6
CONTINUOUS
10
0.7112974803149607
20
0.8020576771653544
11
0.7112974409448819
21
0.802057716535433
0
LINE
8
BLACK
6
CONTINUOUS
10
0.7112974409448819
20
0.802057716535433
11
0.7084853149606299
21
0.8048698818897637
0
LINE
8
BLACK
6
CONTINUOUS
10
0.7084853149606299
20
0.8048698818897637
11
0.707214251968504
21
0.8070714566929134
0
LINE
8
BLACK
6
CONTINUOUS
10
0.707214251968504
20
0.8070714566929134
11
0.7069568897637795
21
0.8075172047244095
0
LINE
8
BLACK
6
CONTINUOUS
10
0.7069568897637795
20
0.8075172047244095
11
0.7069568897637795
21
0.8105741338582677
0
LINE
8
BLACK
6
CONTINUOUS
10
0.7069568897637795
20
0.8105741338582677
11
0.7069568897637795
21
0.8105741732283465
0
LINE
8
BLACK
6
CONTINUOUS
10
0.7069568897637795
20
0.8105741732283465
11
0.7079924409448819
21
0.8123677559055118
0
LINE
8
BLACK
6
CONTINUOUS
10
0.7079924409448819
20
0.8123677559055118
11
0.7084853543307087
21
0.8132214960629921
0
LINE
8
BLACK
6
CONTINUOUS
10
0.7084853543307087
20
0.8132214960629921
11
0.7112974803149607
21
0.8160336220472441
0
LINE
8
BLACK
6
CONTINUOUS
10
0.7112974803149607
20
0.8160336220472441
11
0.7119707480314961
21
0.8164223228346457
0
LINE
8
BLACK
6
CONTINUOUS
10
0.7119707480314961
20
0.8164223228346457
11
0.7125205511811024
21
0.816972125984252
0
LINE
8
BLACK
6
CONTINUOUS
10
0.7125205511811024
20
0.816972125984252
11
0.7132714566929134
21
0.8171733070866142
0
LINE
8
BLACK
6
CONTINUOUS
10
0.7132714566929134
20
0.8171733070866142
11
0.7139448031496063
21
0.8175620866141732
0
LINE
8
BLACK
6
CONTINUOUS
10
0.7139448031496063
20
0.8175620866141732
11
0.7147223228346457
21
0.8175620866141732
0
LINE
8
BLACK
6
CONTINUOUS
10
0.7147223228346457
20
0.8175620866141732
11
0.7154733070866142
21
0.8177633070866142
0
LINE
8
BLACK
6
CONTINUOUS
10
0.7154733070866142
20
0.8177633070866142
11
0.7162242913385827
21
0.8175620866141732
0
LINE
8
BLACK
6
CONTINUOUS
10
0.764590905511811
20
0.8511577559055118
11
0.7659208661417323
21
0.8508856299212598
0
LINE
8
BLACK
6
CONTINUOUS
10
0.7659208661417323
20
0.8508856299212598
11
0.7715451968503937
21
0.8480734645669291
0
LINE
8
BLACK
6
CONTINUOUS
10
0.7715451968503937
20
0.8480734645669291
11
0.7738324015748032
21
0.84604531496063
0
LINE
8
BLACK
6
CONTINUOUS
10
0.7738324015748032
20
0.84604531496063
11
0.774799094488189
21
0.8431452362204724
0
LINE
8
BLACK
6
CONTINUOUS
10
0.774799094488189
20
0.8431452362204724
11
0.7741862204724409
21
0.8401503937007874
0
LINE
8
BLACK
6
CONTINUOUS
10
0.7741862204724409
20
0.8401503937007874
11
0.7721580708661417
21
0.8378631889763779
0
LINE
8
BLACK
6
CONTINUOUS
10
0.7721580708661417
20
0.8378631889763779
11
0.7692579921259842
21
0.8368964960629921
0
LINE
8
BLACK
6
CONTINUOUS
10
0.7692579921259842
20
0.8368964960629921
11
0.7662631496062992
21
0.8375093700787402
0
LINE
8
BLACK
6
CONTINUOUS
10
0.7662631496062992
20
0.8375093700787402
11
0.761885748031496
21
0.8396980708661417
0
LINE
8
BLACK
6
CONTINUOUS
10
0.761885748031496
20
0.8396980708661417
11
0.7534253543307087
21
0.8396980708661417
0
LINE
8
BLACK
6
CONTINUOUS
10
0.7534253543307087
20
0.8396980708661417
11
0.7499051181102362
21
0.8379379133858268
0
LINE
8
BLACK
6
CONTINUOUS
10
0.7499051181102362
20
0.8379379133858268
11
0.7484482283464566
21
0.8364810236220472
0
LINE
8
BLACK
6
CONTINUOUS
10
0.7484482283464566
20
0.8364810236220472
11
0.7466881889763779
21
0.832960905511811
0
LINE
8
BLACK
6
CONTINUOUS
10
0.7466881889763779
20
0.832960905511811
11
0.7466881889763779
21
0.8188761417322834
0
LINE
8
BLACK
6
CONTINUOUS
10
0.7466881889763779
20
0.8188761417322834
11
0.7484482283464566
21
0.8153560236220472
0
LINE
8
BLACK
6
CONTINUOUS
10
0.7484482283464566
20
0.8153560236220472
11
0.7499051181102362
21
0.8138991338582677
0
LINE
8
BLACK
6
CONTINUOUS
10
0.7499051181102362
20
0.8138991338582677
11
0.7534253543307087
21
0.8121390157480315
0
LINE
8
BLACK
6
CONTINUOUS
10
0.7534253543307087
20
0.8121390157480315
11
0.761885748031496
21
0.8121390157480315
0
LINE
8
BLACK
6
CONTINUOUS
10
0.761885748031496
20
0.8121390157480315
11
0.7662631496062992
21
0.814327716535433
0
LINE
8
BLACK
6
CONTINUOUS
10
0.7662631496062992
20
0.814327716535433
11
0.7692579921259842
21
0.8149405905511811
0
LINE
8
BLACK
6
CONTINUOUS
10
0.7692579921259842
20
0.8149405905511811
11
0.7721580708661417
21
0.8139738976377953
0
LINE
8
BLACK
6
CONTINUOUS
10
0.7721580708661417
20
0.8139738976377953
11
0.7741862204724409
21
0.8116866929133858
0
LINE
8
BLACK
6
CONTINUOUS
10
0.7741862204724409
20
0.8116866929133858
11
0.774799094488189
21
0.8086918503937007
0
LINE
8
BLACK
6
CONTINUOUS
10
0.774799094488189
20
0.8086918503937007
11
0.7738324015748032
21
0.8057917716535433
0
LINE
8
BLACK
6
CONTINUOUS
10
0.7738324015748032
20
0.8057917716535433
11
0.7715451968503937
21
0.8037636220472441
0
LINE
8
BLACK
6
CONTINUOUS
10
0.7715451968503937
20
0.8037636220472441
11
0.7659208661417323
21
0.8009514566929133
0
LINE
8
BLACK
6
CONTINUOUS
10
0.7659208661417323
20
0.8009514566929133
11
0.764590905511811
21
0.8006792913385826
0
LINE
8
BLACK
6
CONTINUOUS
10
0.764590905511811
20
0.8006792913385826
11
0.7632798425196851
21
0.8003279921259843
0
LINE
8
BLACK
6
CONTINUOUS
10
0.7632798425196851
20
0.8003279921259843
11
0.7520312598425196
21
0.8003279921259843
0
LINE
8
BLACK
6
CONTINUOUS
10
0.7520312598425196
20
0.8003279921259843
11
0.7507201968503937
21
0.8006792519685039
0
LINE
8
BLACK
6
CONTINUOUS
10
0.7507201968503937
20
0.8006792519685039
11
0.7493901968503937
21
0.8009514566929133
0
LINE
8
BLACK
6
CONTINUOUS
10
0.7493901968503937
20
0.8009514566929133
11
0.7437659448818897
21
0.8037636220472441
0
LINE
8
BLACK
6
CONTINUOUS
10
0.7437659448818897
20
0.8037636220472441
11
0.7430545669291339
21
0.8043944094488189
0
LINE
8
BLACK
6
CONTINUOUS
10
0.7430545669291339
20
0.8043944094488189
11
0.7422311811023622
21
0.8048698031496063
0
LINE
8
BLACK
6
CONTINUOUS
10
0.7422311811023622
20
0.8048698031496063
11
0.7394190157480315
21
0.8076819291338583
0
LINE
8
BLACK
6
CONTINUOUS
10
0.7394190157480315
20
0.8076819291338583
11
0.7389435826771653
21
0.8085053543307087
0
LINE
8
BLACK
6
CONTINUOUS
10
0.7389435826771653
20
0.8085053543307087
11
0.7383127559055118
21
0.8092167716535433
0
LINE
8
BLACK
6
CONTINUOUS
10
0.7383127559055118
20
0.8092167716535433
11
0.7355006299212599
21
0.814841062992126
0
LINE
8
BLACK
6
CONTINUOUS
10
0.7355006299212599
20
0.814841062992126
11
0.7352284645669291
21
0.816170905511811
0
LINE
8
BLACK
6
CONTINUOUS
10
0.7352284645669291
20
0.816170905511811
11
0.7348771653543307
21
0.8174820866141732
0
LINE
8
BLACK
6
CONTINUOUS
10
0.7348771653543307
20
0.8174820866141732
11
0.7348771653543307
21
0.834355
0
LINE
8
BLACK
6
CONTINUOUS
10
0.7348771653543307
20
0.834355
11
0.7352284645669291
21
0.8356661417322835
0
LINE
8
BLACK
6
CONTINUOUS
10
0.7352284645669291
20
0.8356661417322835
11
0.7355006299212599
21
0.8369960236220473
0
LINE
8
BLACK
6
CONTINUOUS
10
0.7355006299212599
20
0.8369960236220473
11
0.7383127559055118
21
0.8426203149606299
0
LINE
8
BLACK
6
CONTINUOUS
10
0.7383127559055118
20
0.8426203149606299
11
0.7389435826771653
21
0.8433316929133858
0
LINE
8
BLACK
6
CONTINUOUS
10
0.7389435826771653
20
0.8433316929133858
11
0.7394190157480315
21
0.8441551574803149
0
LINE
8
BLACK
6
CONTINUOUS
10
0.7394190157480315
20
0.8441551574803149
11
0.7422311811023622
21
0.846967283464567
0
LINE
8
BLACK
6
CONTINUOUS
10
0.7422311811023622
20
0.846967283464567
11
0.7430545669291339
21
0.8474426377952756
0
LINE
8
BLACK
6
CONTINUOUS
10
0.7430545669291339
20
0.8474426377952756
11
0.7437659448818897
21
0.8480734645669291
0
LINE
8
BLACK
6
CONTINUOUS
10
0.7437659448818897
20
0.8480734645669291
11
0.7493901968503937
21
0.8508856299212598
0
LINE
8
BLACK
6
CONTINUOUS
10
0.7493901968503937
20
0.8508856299212598
11
0.7507201968503937
21
0.8511577952755905
0
LINE
8
BLACK
6
CONTINUOUS
10
0.7507201968503937
20
0.8511577952755905
11
0.7520312598425196
21
0.851509094488189
0
LINE
8
BLACK
6
CONTINUOUS
10
0.7520312598425196
20
0.851509094488189
11
0.7632798425196851
21
0.851509094488189
0
LINE
8
BLACK
6
CONTINUOUS
10
0.7632798425196851
20
0.851509094488189
11
0.764590905511811
21
0.8511577559055118
0
LINE
8
BLACK
6
CONTINUOUS
10
0.8199359842519685
20
0.8513983858267716
11
0.8203607874015748
21
0.8514493700787401
0
LINE
8
BLACK
6
CONTINUOUS
10
0.8203607874015748
20
0.8514493700787401
11
0.8213922047244094
21
0.851008188976378
0
LINE
8
BLACK
6
CONTINUOUS
10
0.8213922047244094
20
0.851008188976378
11
0.8224755905511811
21
0.8507179133858268
0
LINE
8
BLACK
6
CONTINUOUS
10
0.8224755905511811
20
0.8507179133858268
11
0.8227780708661417
21
0.8504153937007873
0
LINE
8
BLACK
6
CONTINUOUS
10
0.8227780708661417
20
0.8504153937007873
11
0.8231713779527559
21
0.8502472047244094
0
LINE
8
BLACK
6
CONTINUOUS
10
0.8231713779527559
20
0.8502472047244094
11
0.8238439370078739
21
0.8493495275590551
0
LINE
8
BLACK
6
CONTINUOUS
10
0.8238439370078739
20
0.8493495275590551
11
0.8246371653543307
21
0.8485563385826771
0
LINE
8
BLACK
6
CONTINUOUS
10
0.8246371653543307
20
0.8485563385826771
11
0.824747874015748
21
0.8481430708661417
0
LINE
8
BLACK
6
CONTINUOUS
10
0.824747874015748
20
0.8481430708661417
11
0.8250043700787402
21
0.8478007874015748
0
LINE
8
BLACK
6
CONTINUOUS
10
0.8250043700787402
20
0.8478007874015748
11
0.8251379921259843
21
0.8466870472440945
0
LINE
8
BLACK
6
CONTINUOUS
10
0.8251379921259843
20
0.8466870472440945
11
0.8254283464566929
21
0.8456035826771653
0
LINE
8
BLACK
6
CONTINUOUS
10
0.8254283464566929
20
0.8456035826771653
11
0.8253176377952756
21
0.8451903937007874
0
LINE
8
BLACK
6
CONTINUOUS
10
0.8253176377952756
20
0.8451903937007874
11
0.825368622047244
21
0.8447656299212598
0
LINE
8
BLACK
6
CONTINUOUS
10
0.825368622047244
20
0.8447656299212598
11
0.8249274409448819
21
0.8437341732283464
0
LINE
8
BLACK
6
CONTINUOUS
10
0.8249274409448819
20
0.8437341732283464
11
0.8246371653543307
21
0.8426508267716535
0
LINE
8
BLACK
6
CONTINUOUS
10
0.8246371653543307
20
0.8426508267716535
11
0.8243346456692913
21
0.8423483070866141
0
LINE
8
BLACK
6
CONTINUOUS
10
0.8243346456692913
20
0.8423483070866141
11
0.8241664566929133
21
0.8419550393700788
0
LINE
8
BLACK
6
CONTINUOUS
10
0.8241664566929133
20
0.8419550393700788
11
0.8007395669291338
21
0.8121390157480315
0
LINE
8
BLACK
6
CONTINUOUS
10
0.8007395669291338
20
0.8121390157480315
11
0.8195228346456692
21
0.8121390157480315
0
LINE
8
BLACK
6
CONTINUOUS
10
0.8195228346456692
20
0.8121390157480315
11
0.8224755905511811
21
0.8113478346456693
0
LINE
8
BLACK
6
CONTINUOUS
10
0.8224755905511811
20
0.8113478346456693
11
0.8246371653543307
21
0.8091862598425197
0
LINE
8
BLACK
6
CONTINUOUS
10
0.8246371653543307
20
0.8091862598425197
11
0.8254283464566929
21
0.8062335039370079
0
LINE
8
BLACK
6
CONTINUOUS
10
0.8254283464566929
20
0.8062335039370079
11
0.8246371653543307
21
0.8032807480314961
0
LINE
8
BLACK
6
CONTINUOUS
10
0.8246371653543307
20
0.8032807480314961
11
0.8224755905511811
21
0.8011191732283465
0
LINE
8
BLACK
6
CONTINUOUS
10
0.8224755905511811
20
0.8011191732283465
11
0.8195228346456692
21
0.8003279921259843
0
LINE
8
BLACK
6
CONTINUOUS
10
0.8195228346456692
20
0.8003279921259843
11
0.7885891732283464
21
0.8003279921259843
0
LINE
8
BLACK
6
CONTINUOUS
10
0.7885891732283464
20
0.8003279921259843
11
0.7881759842519684
21
0.8004386614173228
0
LINE
8
BLACK
6
CONTINUOUS
10
0.7881759842519684
20
0.8004386614173228
11
0.7877512204724409
21
0.8003877165354331
0
LINE
8
BLACK
6
CONTINUOUS
10
0.7877512204724409
20
0.8003877165354331
11
0.7867197637795276
21
0.8008288582677165
0
LINE
8
BLACK
6
CONTINUOUS
10
0.7867197637795276
20
0.8008288582677165
11
0.7856364173228346
21
0.8011191732283465
0
LINE
8
BLACK
6
CONTINUOUS
10
0.7856364173228346
20
0.8011191732283465
11
0.7853338976377953
21
0.8014216535433071
0
LINE
8
BLACK
6
CONTINUOUS
10
0.7853338976377953
20
0.8014216535433071
11
0.7849406299212598
21
0.8015898818897638
0
LINE
8
BLACK
6
CONTINUOUS
10
0.7849406299212598
20
0.8015898818897638
11
0.7842680314960629
21
0.8024875196850394
0
LINE
8
BLACK
6
CONTINUOUS
10
0.7842680314960629
20
0.8024875196850394
11
0.783474842519685
21
0.8032807480314961
0
LINE
8
BLACK
6
CONTINUOUS
10
0.783474842519685
20
0.8032807480314961
11
0.783364094488189
21
0.8036939763779527
0
LINE
8
BLACK
6
CONTINUOUS
10
0.783364094488189
20
0.8036939763779527
11
0.7831076377952756
21
0.8040362992125984
0
LINE
8
BLACK
6
CONTINUOUS
10
0.7831076377952756
20
0.8040362992125984
11
0.7829739763779527
21
0.80515
0
LINE
8
BLACK
6
CONTINUOUS
10
0.7829739763779527
20
0.80515
11
0.7826836614173228
21
0.8062335039370079
0
LINE
8
BLACK
6
CONTINUOUS
10
0.7826836614173228
20
0.8062335039370079
11
0.7827943307086614
21
0.8066466535433071
0
LINE
8
BLACK
6
CONTINUOUS
10
0.7827943307086614
20
0.8066466535433071
11
0.7827433858267716
21
0.8070714566929134
0
LINE
8
BLACK
6
CONTINUOUS
10
0.7827433858267716
20
0.8070714566929134
11
0.7831845275590551
21
0.808102874015748
0
LINE
8
BLACK
6
CONTINUOUS
10
0.7831845275590551
20
0.808102874015748
11
0.783474842519685
21
0.8091862598425197
0
LINE
8
BLACK
6
CONTINUOUS
10
0.783474842519685
20
0.8091862598425197
11
0.7837773228346456
21
0.8094887401574803
0
LINE
8
BLACK
6
CONTINUOUS
10
0.7837773228346456
20
0.8094887401574803
11
0.7839455511811023
21
0.8098820472440945
0
LINE
8
BLACK
6
CONTINUOUS
10
0.7839455511811023
20
0.8098820472440945
11
0.8073724409448819
21
0.8396980708661417
0
LINE
8
BLACK
6
CONTINUOUS
10
0.8073724409448819
20
0.8396980708661417
11
0.7885891732283464
21
0.8396980708661417
0
LINE
8
BLACK
6
CONTINUOUS
10
0.7885891732283464
20
0.8396980708661417
11
0.7856364173228346
21
0.8404892519685039
0
LINE
8
BLACK
6
CONTINUOUS
10
0.7856364173228346
20
0.8404892519685039
11
0.783474842519685
21
0.8426508267716535
0
LINE
8
BLACK
6
CONTINUOUS
10
0.783474842519685
20
0.8426508267716535
11
0.7826836614173228
21
0.8456035826771653
0
LINE
8
BLACK
6
CONTINUOUS
10
0.7826836614173228
20
0.8456035826771653
11
0.783474842519685
21
0.8485563385826771
0
LINE
8
BLACK
6
CONTINUOUS
10
0.783474842519685
20
0.8485563385826771
11
0.7856364173228346
21
0.8507179133858268
0
LINE
8
BLACK
6
CONTINUOUS
10
0.7856364173228346
20
0.8507179133858268
11
0.7885891732283464
21
0.851509094488189
0
LINE
8
BLACK
6
CONTINUOUS
10
0.7885891732283464
20
0.851509094488189
11
0.8195228346456692
21
0.851509094488189
0
LINE
8
BLACK
6
CONTINUOUS
10
0.8195228346456692
20
0.851509094488189
11
0.8199359842519685
21
0.8513983858267716
0
LINE
8
BLACK
6
CONTINUOUS
10
1.0268086220472441
20
0.9616632283464567
11
1.0268729921259843
21
0.961665
0
LINE
8
BLACK
6
CONTINUOUS
10
1.0268729921259843
20
0.961665
11
1.0324972834645669
21
0.9597902362204724
0
LINE
8
BLACK
6
CONTINUOUS
10
1.0324972834645669
20
0.9597902362204724
11
1.0333990551181103
21
0.959301968503937
0
LINE
8
BLACK
6
CONTINUOUS
10
1.0333990551181103
20
0.959301968503937
11
1.0334914566929134
21
0.9591514960629921
0
LINE
8
BLACK
6
CONTINUOUS
10
1.0334914566929134
20
0.9591514960629921
11
1.0336514566929134
21
0.9590769291338582
0
LINE
8
BLACK
6
CONTINUOUS
10
1.0336514566929134
20
0.9590769291338582
11
1.0355262204724409
21
0.9572021653543307
0
LINE
8
BLACK
6
CONTINUOUS
10
1.0355262204724409
20
0.9572021653543307
11
1.0361144094488188
21
0.956362125984252
0
LINE
8
BLACK
6
CONTINUOUS
10
1.0361144094488188
20
0.956362125984252
11
1.0362904330708662
21
0.9543500393700787
0
LINE
8
BLACK
6
CONTINUOUS
10
1.0362904330708662
20
0.9543500393700787
11
1.0351319291338583
21
0.9526954724409449
0
LINE
8
BLACK
6
CONTINUOUS
10
1.0351319291338583
20
0.9526954724409449
11
1.0331809448818898
21
0.9521727559055118
0
LINE
8
BLACK
6
CONTINUOUS
10
1.0331809448818898
20
0.9521727559055118
11
1.0313503937007873
21
0.9530263385826772
0
LINE
8
BLACK
6
CONTINUOUS
10
1.0313503937007873
20
0.9530263385826772
11
1.0299685039370079
21
0.9544081889763779
0
LINE
8
BLACK
6
CONTINUOUS
10
1.0299685039370079
20
0.9544081889763779
11
1.0254601181102363
21
0.9559110236220473
0
LINE
8
BLACK
6
CONTINUOUS
10
1.0254601181102363
20
0.9559110236220473
11
1.0226688582677166
21
0.9559110236220473
0
LINE
8
BLACK
6
CONTINUOUS
10
1.0226688582677166
20
0.9559110236220473
11
1.0181604724409448
21
0.9544082283464567
0
LINE
8
BLACK
6
CONTINUOUS
10
1.0181604724409448
20
0.9544082283464567
11
1.0152426377952755
21
0.9514903937007874
0
LINE
8
BLACK
6
CONTINUOUS
10
1.0152426377952755
20
0.9514903937007874
11
1.013727125984252
21
0.9484594094488189
0
LINE
8
BLACK
6
CONTINUOUS
10
1.013727125984252
20
0.9484594094488189
11
1.0120191338582676
21
0.9416273622047244
0
LINE
8
BLACK
6
CONTINUOUS
10
1.0120191338582676
20
0.9416273622047244
11
1.0120191338582676
21
0.936730157480315
0
LINE
8
BLACK
6
CONTINUOUS
10
1.0120191338582676
20
0.936730157480315
11
1.013727125984252
21
0.9298981102362205
0
LINE
8
BLACK
6
CONTINUOUS
10
1.013727125984252
20
0.9298981102362205
11
1.0152426377952755
21
0.9268671259842519
0
LINE
8
BLACK
6
CONTINUOUS
10
1.0152426377952755
20
0.9268671259842519
11
1.018160433070866
21
0.9239492913385826
0
LINE
8
BLACK
6
CONTINUOUS
10
1.018160433070866
20
0.9239492913385826
11
1.0226688976377953
21
0.9224464566929134
0
LINE
8
BLACK
6
CONTINUOUS
10
1.0226688976377953
20
0.9224464566929134
11
1.0254600787401575
21
0.9224464566929134
0
LINE
8
BLACK
6
CONTINUOUS
10
1.0254600787401575
20
0.9224464566929134
11
1.0299684645669291
21
0.923949251968504
0
LINE
8
BLACK
6
CONTINUOUS
10
1.0299684645669291
20
0.923949251968504
11
1.0313503937007873
21
0.9253311811023622
0
LINE
8
BLACK
6
CONTINUOUS
10
1.0313503937007873
20
0.9253311811023622
11
1.0321904330708662
21
0.9259193700787401
0
LINE
8
BLACK
6
CONTINUOUS
10
1.0321904330708662
20
0.9259193700787401
11
1.0342025196850393
21
0.9260953937007874
0
LINE
8
BLACK
6
CONTINUOUS
10
1.0342025196850393
20
0.9260953937007874
11
1.0358570866141732
21
0.9249368897637795
0
LINE
8
BLACK
6
CONTINUOUS
10
1.0358570866141732
20
0.9249368897637795
11
1.0363798031496063
21
0.922985905511811
0
LINE
8
BLACK
6
CONTINUOUS
10
1.0363798031496063
20
0.922985905511811
11
1.0355262204724409
21
0.9211553543307086
0
LINE
8
BLACK
6
CONTINUOUS
10
1.0355262204724409
20
0.9211553543307086
11
1.0336514566929134
21
0.9192805905511811
0
LINE
8
BLACK
6
CONTINUOUS
10
1.0336514566929134
20
0.9192805905511811
11
1.0328114173228347
21
0.9186924015748031
0
LINE
8
BLACK
6
CONTINUOUS
10
1.0328114173228347
20
0.9186924015748031
11
1.032635590551181
21
0.9186770078740157
0
LINE
8
BLACK
6
CONTINUOUS
10
1.032635590551181
20
0.9186770078740157
11
1.0324973228346457
21
0.918567283464567
0
LINE
8
BLACK
6
CONTINUOUS
10
1.0324973228346457
20
0.918567283464567
11
1.026873031496063
21
0.9166924803149606
0
LINE
8
BLACK
6
CONTINUOUS
10
1.026873031496063
20
0.9166924803149606
11
1.0259997637795275
21
0.9165629527559055
0
LINE
8
BLACK
6
CONTINUOUS
10
1.0259997637795275
20
0.9165629527559055
11
1.025939251968504
21
0.9165409448818898
0
LINE
8
BLACK
6
CONTINUOUS
10
1.025939251968504
20
0.9165409448818898
11
1.0221897244094489
21
0.9165409448818898
0
LINE
8
BLACK
6
CONTINUOUS
10
1.0221897244094489
20
0.9165409448818898
11
1.0213203149606298
21
0.9166942125984252
0
LINE
8
BLACK
6
CONTINUOUS
10
1.0213203149606298
20
0.9166942125984252
11
1.0212559842519684
21
0.9166924803149606
0
LINE
8
BLACK
6
CONTINUOUS
10
1.0212559842519684
20
0.9166924803149606
11
1.015631653543307
21
0.918567283464567
0
LINE
8
BLACK
6
CONTINUOUS
10
1.015631653543307
20
0.918567283464567
11
1.0147298818897637
21
0.9190555905511811
0
LINE
8
BLACK
6
CONTINUOUS
10
1.0147298818897637
20
0.9190555905511811
11
1.014637440944882
21
0.9192059842519685
0
LINE
8
BLACK
6
CONTINUOUS
10
1.014637440944882
20
0.9192059842519685
11
1.0144775196850393
21
0.9192805905511811
0
LINE
8
BLACK
6
CONTINUOUS
10
1.0144775196850393
20
0.9192805905511811
11
1.0107279921259842
21
0.9230301181102362
0
LINE
8
BLACK
6
CONTINUOUS
10
1.0107279921259842
20
0.9230301181102362
11
1.0102216929133858
21
0.9237531889763779
0
LINE
8
BLACK
6
CONTINUOUS
10
1.0102216929133858
20
0.9237531889763779
11
1.0101748818897638
21
0.9237975196850393
0
LINE
8
BLACK
6
CONTINUOUS
10
1.0101748818897638
20
0.9237975196850393
11
1.0083001181102362
21
0.9275470472440944
0
LINE
8
BLACK
6
CONTINUOUS
10
1.0083001181102362
20
0.9275470472440944
11
1.0081548031496064
21
0.9280354724409449
0
LINE
8
BLACK
6
CONTINUOUS
10
1.0081548031496064
20
0.9280354724409449
11
1.0080765354330707
21
0.9281514173228346
0
LINE
8
BLACK
6
CONTINUOUS
10
1.0080765354330707
20
0.9281514173228346
11
1.0062017716535432
21
0.9356504724409449
0
LINE
8
BLACK
6
CONTINUOUS
10
1.0062017716535432
20
0.9356504724409449
11
1.0061602755905512
21
0.9362383464566929
0
LINE
8
BLACK
6
CONTINUOUS
10
1.0061602755905512
20
0.9362383464566929
11
1.006113622047244
21
0.9363666141732283
0
LINE
8
BLACK
6
CONTINUOUS
10
1.006113622047244
20
0.9363666141732283
11
1.006113622047244
21
0.941990905511811
0
LINE
8
BLACK
6
CONTINUOUS
10
1.006113622047244
20
0.941990905511811
11
1.0062159448818897
21
0.9425712598425197
0
LINE
8
BLACK
6
CONTINUOUS
10
1.0062159448818897
20
0.9425712598425197
11
1.0062017716535432
21
0.9427070472440945
0
LINE
8
BLACK
6
CONTINUOUS
10
1.0062017716535432
20
0.9427070472440945
11
1.0080765354330707
21
0.9502061023622047
0
LINE
8
BLACK
6
CONTINUOUS
10
1.0080765354330707
20
0.9502061023622047
11
1.008284094488189
21
0.9506715354330708
0
LINE
8
BLACK
6
CONTINUOUS
10
1.008284094488189
20
0.9506715354330708
11
1.0083001181102362
21
0.9508104724409449
0
LINE
8
BLACK
6
CONTINUOUS
10
1.0083001181102362
20
0.9508104724409449
11
1.0101748818897638
21
0.95456
0
LINE
8
BLACK
6
CONTINUOUS
10
1.0101748818897638
20
0.95456
11
1.0107007874015748
21
0.9552690551181102
0
LINE
8
BLACK
6
CONTINUOUS
10
1.0107007874015748
20
0.9552690551181102
11
1.0107279921259842
21
0.9553274015748031
0
LINE
8
BLACK
6
CONTINUOUS
10
1.0107279921259842
20
0.9553274015748031
11
1.0144775196850393
21
0.9590769291338582
0
LINE
8
BLACK
6
CONTINUOUS
10
1.0144775196850393
20
0.9590769291338582
11
1.015317559055118
21
0.9596651574803149
0
LINE
8
BLACK
6
CONTINUOUS
10
1.015317559055118
20
0.9596651574803149
11
1.0154934645669291
21
0.9596805118110237
0
LINE
8
BLACK
6
CONTINUOUS
10
1.0154934645669291
20
0.9596805118110237
11
1.0156316929133857
21
0.9597902362204724
0
LINE
8
BLACK
6
CONTINUOUS
10
1.0156316929133857
20
0.9597902362204724
11
1.0212559448818896
21
0.961665
0
LINE
8
BLACK
6
CONTINUOUS
10
1.0212559448818896
20
0.961665
11
1.0221291732283464
21
0.9617944881889764
0
LINE
8
BLACK
6
CONTINUOUS
10
1.0221291732283464
20
0.9617944881889764
11
1.0221897244094489
21
0.9618165354330709
0
LINE
8
BLACK
6
CONTINUOUS
10
1.0221897244094489
20
0.9618165354330709
11
1.025939251968504
21
0.9618165354330709
0
LINE
8
BLACK
6
CONTINUOUS
10
1.025939251968504
20
0.9618165354330709
11
1.0268086220472441
21
0.9616632283464567
0
LINE
8
BLACK
6
CONTINUOUS
10
1.070068779527559
20
0.9616384645669291
11
1.0716160236220471
21
0.960340157480315
0
LINE
8
BLACK
6
CONTINUOUS
10
1.0716160236220471
20
0.960340157480315
11
1.0719667716535433
21
0.9583510236220473
0
LINE
8
BLACK
6
CONTINUOUS
10
1.0719667716535433
20
0.9583510236220473
11
1.0709568503937008
21
0.9566018503937007
0
LINE
8
BLACK
6
CONTINUOUS
10
1.0709568503937008
20
0.9566018503937007
11
1.0690588582677165
21
0.9559110236220473
0
LINE
8
BLACK
6
CONTINUOUS
10
1.0690588582677165
20
0.9559110236220473
11
1.0529834251968504
21
0.9559110236220473
0
LINE
8
BLACK
6
CONTINUOUS
10
1.0529834251968504
20
0.9559110236220473
11
1.0520062992125985
21
0.9461397244094488
0
LINE
8
BLACK
6
CONTINUOUS
10
1.0520062992125985
20
0.9461397244094488
11
1.0527402362204725
21
0.9465066929133858
0
LINE
8
BLACK
6
CONTINUOUS
10
1.0527402362204725
20
0.9465066929133858
11
1.0537231496062991
21
0.9467990551181102
0
LINE
8
BLACK
6
CONTINUOUS
10
1.0537231496062991
20
0.9467990551181102
11
1.053894842519685
21
0.946758031496063
0
LINE
8
BLACK
6
CONTINUOUS
10
1.053894842519685
20
0.946758031496063
11
1.0540607480314961
21
0.9468184251968503
0
LINE
8
BLACK
6
CONTINUOUS
10
1.0540607480314961
20
0.9468184251968503
11
1.0634345669291339
21
0.9468184251968503
0
LINE
8
BLACK
6
CONTINUOUS
10
1.0634345669291339
20
0.9468184251968503
11
1.0644444881889763
21
0.9466403543307086
0
LINE
8
BLACK
6
CONTINUOUS
10
1.0644444881889763
20
0.9466403543307086
11
1.0645797244094488
21
0.9465268503937008
0
LINE
8
BLACK
6
CONTINUOUS
10
1.0645797244094488
20
0.9465268503937008
11
1.0647550787401574
21
0.9465066929133858
0
LINE
8
BLACK
6
CONTINUOUS
10
1.0647550787401574
20
0.9465066929133858
11
1.0685046062992125
21
0.9446319291338583
0
LINE
8
BLACK
6
CONTINUOUS
10
1.0685046062992125
20
0.9446319291338583
11
1.0692136614173229
21
0.9441059842519685
0
LINE
8
BLACK
6
CONTINUOUS
10
1.0692136614173229
20
0.9441059842519685
11
1.0692720078740157
21
0.9440788188976378
0
LINE
8
BLACK
6
CONTINUOUS
10
1.0692720078740157
20
0.9440788188976378
11
1.0711467716535432
21
0.9422040551181102
0
LINE
8
BLACK
6
CONTINUOUS
10
1.0711467716535432
20
0.9422040551181102
11
1.0716530314960631
21
0.9414809448818897
0
LINE
8
BLACK
6
CONTINUOUS
10
1.0716530314960631
20
0.9414809448818897
11
1.0716998818897638
21
0.9414366535433071
0
LINE
8
BLACK
6
CONTINUOUS
10
1.0716998818897638
20
0.9414366535433071
11
1.0735746456692914
21
0.937687125984252
0
LINE
8
BLACK
6
CONTINUOUS
10
1.0735746456692914
20
0.937687125984252
11
1.0738670078740158
21
0.9367042125984252
0
LINE
8
BLACK
6
CONTINUOUS
10
1.0738670078740158
20
0.9367042125984252
11
1.0738259842519684
21
0.9365324803149606
0
LINE
8
BLACK
6
CONTINUOUS
10
1.0738259842519684
20
0.9365324803149606
11
1.0738863779527559
21
0.9363666141732283
0
LINE
8
BLACK
6
CONTINUOUS
10
1.0738863779527559
20
0.9363666141732283
11
1.0738863779527559
21
0.9269927952755905
0
LINE
8
BLACK
6
CONTINUOUS
10
1.0738863779527559
20
0.9269927952755905
11
1.0737083070866142
21
0.925982874015748
0
LINE
8
BLACK
6
CONTINUOUS
10
1.0737083070866142
20
0.925982874015748
11
1.0735948031496063
21
0.9258475984251968
0
LINE
8
BLACK
6
CONTINUOUS
10
1.0735948031496063
20
0.9258475984251968
11
1.0735746456692914
21
0.9256722834645669
0
LINE
8
BLACK
6
CONTINUOUS
10
1.0735746456692914
20
0.9256722834645669
11
1.0716998818897638
21
0.9219227559055118
0
LINE
8
BLACK
6
CONTINUOUS
10
1.0716998818897638
20
0.9219227559055118
11
1.0711739763779526
21
0.9212136614173229
0
LINE
8
BLACK
6
CONTINUOUS
10
1.0711739763779526
20
0.9212136614173229
11
1.0711467716535432
21
0.9211553543307086
0
LINE
8
BLACK
6
CONTINUOUS
10
1.0711467716535432
20
0.9211553543307086
11
1.0692720078740157
21
0.9192805905511811
0
LINE
8
BLACK
6
CONTINUOUS
10
1.0692720078740157
20
0.9192805905511811
11
1.0685490157480315
21
0.9187743700787402
0
LINE
8
BLACK
6
CONTINUOUS
10
1.0685490157480315
20
0.9187743700787402
11
1.0685046456692913
21
0.9187274803149607
0
LINE
8
BLACK
6
CONTINUOUS
10
1.0685046456692913
20
0.9187274803149607
11
1.0647551181102362
21
0.9168526771653543
0
LINE
8
BLACK
6
CONTINUOUS
10
1.0647551181102362
20
0.9168526771653543
11
1.0637721653543306
21
0.91656031496063
0
LINE
8
BLACK
6
CONTINUOUS
10
1.0637721653543306
20
0.91656031496063
11
1.0636004330708662
21
0.9166012992125984
0
LINE
8
BLACK
6
CONTINUOUS
10
1.0636004330708662
20
0.9166012992125984
11
1.0634345669291339
21
0.9165409448818898
0
LINE
8
BLACK
6
CONTINUOUS
10
1.0634345669291339
20
0.9165409448818898
11
1.0540607480314961
21
0.9165409448818898
0
LINE
8
BLACK
6
CONTINUOUS
10
1.0540607480314961
20
0.9165409448818898
11
1.0530508267716536
21
0.9167190157480315
0
LINE
8
BLACK
6
CONTINUOUS
10
1.0530508267716536
20
0.9167190157480315
11
1.0529155511811024
21
0.9168324803149606
0
LINE
8
BLACK
6
CONTINUOUS
10
1.0529155511811024
20
0.9168324803149606
11
1.0527402362204725
21
0.9168526771653543
0
LINE
8
BLACK
6
CONTINUOUS
10
1.0527402362204725
20
0.9168526771653543
11
1.0489906692913387
21
0.9187274803149607
0
LINE
8
BLACK
6
CONTINUOUS
10
1.0489906692913387
20
0.9187274803149607
11
1.048281653543307
21
0.9192533464566929
0
LINE
8
BLACK
6
CONTINUOUS
10
1.048281653543307
20
0.9192533464566929
11
1.048223307086614
21
0.9192805905511811
0
LINE
8
BLACK
6
CONTINUOUS
10
1.048223307086614
20
0.9192805905511811
11
1.0463485433070865
21
0.9211553543307086
0
LINE
8
BLACK
6
CONTINUOUS
10
1.0463485433070865
20
0.9211553543307086
11
1.0457603543307086
21
0.9219953937007874
0
LINE
8
BLACK
6
CONTINUOUS
10
1.0457603543307086
20
0.9219953937007874
11
1.0455842913385827
21
0.9240074803149606
0
LINE
8
BLACK
6
CONTINUOUS
10
1.0455842913385827
20
0.9240074803149606
11
1.0467428346456693
21
0.9256620472440945
0
LINE
8
BLACK
6
CONTINUOUS
10
1.0467428346456693
20
0.9256620472440945
11
1.048693779527559
21
0.9261847637795275
0
LINE
8
BLACK
6
CONTINUOUS
10
1.048693779527559
20
0.9261847637795275
11
1.0505243700787401
21
0.9253311811023622
0
LINE
8
BLACK
6
CONTINUOUS
10
1.0505243700787401
20
0.9253311811023622
11
1.0520602755905513
21
0.9237952362204724
0
LINE
8
BLACK
6
CONTINUOUS
10
1.0520602755905513
20
0.9237952362204724
11
1.0547578346456692
21
0.9224464566929134
0
LINE
8
BLACK
6
CONTINUOUS
10
1.0547578346456692
20
0.9224464566929134
11
1.0627374803149605
21
0.9224464566929134
0
LINE
8
BLACK
6
CONTINUOUS
10
1.0627374803149605
20
0.9224464566929134
11
1.0654349606299212
21
0.9237951968503937
0
LINE
8
BLACK
6
CONTINUOUS
10
1.0654349606299212
20
0.9237951968503937
11
1.0666321259842519
21
0.9249923622047244
0
LINE
8
BLACK
6
CONTINUOUS
10
1.0666321259842519
20
0.9249923622047244
11
1.0679808661417323
21
0.927689842519685
0
LINE
8
BLACK
6
CONTINUOUS
10
1.0679808661417323
20
0.927689842519685
11
1.0679808661417323
21
0.9356695669291338
0
LINE
8
BLACK
6
CONTINUOUS
10
1.0679808661417323
20
0.9356695669291338
11
1.0666321259842519
21
0.9383670472440945
0
LINE
8
BLACK
6
CONTINUOUS
10
1.0666321259842519
20
0.9383670472440945
11
1.0654349999999999
21
0.9395641732283464
0
LINE
8
BLACK
6
CONTINUOUS
10
1.0654349999999999
20
0.9395641732283464
11
1.0627375196850393
21
0.9409129133858267
0
LINE
8
BLACK
6
CONTINUOUS
10
1.0627375196850393
20
0.9409129133858267
11
1.0547577952755904
21
0.9409129133858267
0
LINE
8
BLACK
6
CONTINUOUS
10
1.0547577952755904
20
0.9409129133858267
11
1.0520603149606298
21
0.9395641732283464
0
LINE
8
BLACK
6
CONTINUOUS
10
1.0520603149606298
20
0.9395641732283464
11
1.0505243700787401
21
0.9380282283464567
0
LINE
8
BLACK
6
CONTINUOUS
10
1.0505243700787401
20
0.9380282283464567
11
1.0496843307086614
21
0.9374400393700787
0
LINE
8
BLACK
6
CONTINUOUS
10
1.0496843307086614
20
0.9374400393700787
11
1.0496649606299213
21
0.9374383464566929
0
LINE
8
BLACK
6
CONTINUOUS
10
1.0496649606299213
20
0.9374383464566929
11
1.0496510629921258
21
0.9374247637795275
0
LINE
8
BLACK
6
CONTINUOUS
10
1.0496510629921258
20
0.9374247637795275
11
1.0486605511811022
21
0.9373504330708661
0
LINE
8
BLACK
6
CONTINUOUS
10
1.0486605511811022
20
0.9373504330708661
11
1.0476722440944881
21
0.9372639763779528
0
LINE
8
BLACK
6
CONTINUOUS
10
1.0476722440944881
20
0.9372639763779528
11
1.0476562992125984
21
0.9372751181102362
0
LINE
8
BLACK
6
CONTINUOUS
10
1.0476562992125984
20
0.9372751181102362
11
1.0476368897637796
21
0.9372736614173228
0
LINE
8
BLACK
6
CONTINUOUS
10
1.0476368897637796
20
0.9372736614173228
11
1.0468300393700787
21
0.9378536614173228
0
LINE
8
BLACK
6
CONTINUOUS
10
1.0468300393700787
20
0.9378536614173228
11
1.0460176771653542
21
0.9384225196850393
0
LINE
8
BLACK
6
CONTINUOUS
10
1.0460176771653542
20
0.9384225196850393
11
1.0460126377952756
21
0.9384412992125984
0
LINE
8
BLACK
6
CONTINUOUS
10
1.0460126377952756
20
0.9384412992125984
11
1.0459968897637795
21
0.9384526377952755
0
LINE
8
BLACK
6
CONTINUOUS
10
1.0459968897637795
20
0.9384526377952755
11
1.0457518897637794
21
0.9394144094488188
0
LINE
8
BLACK
6
CONTINUOUS
10
1.0457518897637794
20
0.9394144094488188
11
1.0454949606299213
21
0.9403734645669292
0
LINE
8
BLACK
6
CONTINUOUS
10
1.0454949606299213
20
0.9403734645669292
11
1.0455031496062992
21
0.9403910236220472
0
LINE
8
BLACK
6
CONTINUOUS
10
1.0455031496062992
20
0.9403910236220472
11
1.0454983464566929
21
0.9404099606299212
0
LINE
8
BLACK
6
CONTINUOUS
10
1.0454983464566929
20
0.9404099606299212
11
1.0473731102362205
21
0.9591575984251969
0
LINE
8
BLACK
6
CONTINUOUS
10
1.0473731102362205
20
0.9591575984251969
11
1.0474153937007873
21
0.9593079133858268
0
LINE
8
BLACK
6
CONTINUOUS
10
1.0474153937007873
20
0.9593079133858268
11
1.0474033070866142
21
0.9593765354330709
0
LINE
8
BLACK
6
CONTINUOUS
10
1.0474033070866142
20
0.9593765354330709
11
1.0474644881889763
21
0.9594825196850394
0
LINE
8
BLACK
6
CONTINUOUS
10
1.0474644881889763
20
0.9594825196850394
11
1.0476507874015748
21
0.9601447637795275
0
LINE
8
BLACK
6
CONTINUOUS
10
1.0476507874015748
20
0.9601447637795275
11
1.04809968503937
21
0.9605826377952755
0
LINE
8
BLACK
6
CONTINUOUS
10
1.04809968503937
20
0.9605826377952755
11
1.0484132283464567
21
0.9611257086614173
0
LINE
8
BLACK
6
CONTINUOUS
10
1.0484132283464567
20
0.9611257086614173
11
1.0488010629921261
21
0.9612668503937007
0
LINE
8
BLACK
6
CONTINUOUS
10
1.0488010629921261
20
0.9612668503937007
11
1.0490966141732283
21
0.9615551574803149
0
LINE
8
BLACK
6
CONTINUOUS
10
1.0490966141732283
20
0.9615551574803149
11
1.0497219291338582
21
0.9616020472440945
0
LINE
8
BLACK
6
CONTINUOUS
10
1.0497219291338582
20
0.9616020472440945
11
1.050311220472441
21
0.9618165354330709
0
LINE
8
BLACK
6
CONTINUOUS
10
1.050311220472441
20
0.9618165354330709
11
1.0690588582677165
21
0.9618165354330709
0
LINE
8
BLACK
6
CONTINUOUS
10
1.0690588582677165
20
0.9618165354330709
11
1.070068779527559
21
0.9616384645669291
0
LINE
8
BLACK
6
CONTINUOUS
10
0.1869035039370079
20
1.0415098818897637
11
0.1882546850393701
21
1.0412334251968505
0
LINE
8
BLACK
6
CONTINUOUS
10
0.1882546850393701
20
1.0412334251968505
11
0.1939689763779527
21
1.0383762992125984
0
LINE
8
BLACK
6
CONTINUOUS
10
0.1939689763779527
20
1.0383762992125984
11
0.1946917716535433
21
1.0377353149606299
0
LINE
8
BLACK
6
CONTINUOUS
10
0.1946917716535433
20
1.0377353149606299
11
0.1955283858267717
21
1.0372523228346457
0
LINE
8
BLACK
6
CONTINUOUS
10
0.1955283858267717
20
1.0372523228346457
11
0.1983855118110236
21
1.034395157480315
0
LINE
8
BLACK
6
CONTINUOUS
10
0.1983855118110236
20
1.034395157480315
11
0.1988684251968504
21
1.0335586614173229
0
LINE
8
BLACK
6
CONTINUOUS
10
0.1988684251968504
20
1.0335586614173229
11
0.1995094094488189
21
1.0328358661417323
0
LINE
8
BLACK
6
CONTINUOUS
10
0.1995094094488189
20
1.0328358661417323
11
0.2023665748031496
21
1.0271215748031495
0
LINE
8
BLACK
6
CONTINUOUS
10
0.2023665748031496
20
1.0271215748031495
11
0.2026430708661417
21
1.0257702362204724
0
LINE
8
BLACK
6
CONTINUOUS
10
0.2026430708661417
20
1.0257702362204724
11
0.203
21
1.0244382677165353
0
LINE
8
BLACK
6
CONTINUOUS
10
0.203
20
1.0244382677165353
11
0.203
21
1.0158668503937007
0
LINE
8
BLACK
6
CONTINUOUS
10
0.203
20
1.0158668503937007
11
0.2026430708661417
21
1.014534842519685
0
LINE
8
BLACK
6
CONTINUOUS
10
0.2026430708661417
20
1.014534842519685
11
0.2023665748031496
21
1.0131835433070866
0
LINE
8
BLACK
6
CONTINUOUS
10
0.2023665748031496
20
1.0131835433070866
11
0.1995094094488189
21
1.007469251968504
0
LINE
8
BLACK
6
CONTINUOUS
10
0.1995094094488189
20
1.007469251968504
11
0.1988684251968504
21
1.0067464173228347
0
LINE
8
BLACK
6
CONTINUOUS
10
0.1988684251968504
20
1.0067464173228347
11
0.1983854724409449
21
1.0059099212598426
0
LINE
8
BLACK
6
CONTINUOUS
10
0.1983854724409449
20
1.0059099212598426
11
0.1955283464566929
21
1.0030527952755905
0
LINE
8
BLACK
6
CONTINUOUS
10
0.1955283464566929
20
1.0030527952755905
11
0.194691811023622
21
1.0025698031496062
0
LINE
8
BLACK
6
CONTINUOUS
10
0.194691811023622
20
1.0025698031496062
11
0.1939690157480315
21
1.0019288582677166
0
LINE
8
BLACK
6
CONTINUOUS
10
0.1939690157480315
20
1.0019288582677166
11
0.1882547244094488
21
0.9990716929133858
0
LINE
8
BLACK
6
CONTINUOUS
10
0.1882547244094488
20
0.9990716929133858
11
0.1869033858267717
21
0.9987951574803149
0
LINE
8
BLACK
6
CONTINUOUS
10
0.1869033858267717
20
0.9987951574803149
11
0.1855714173228346
21
0.9984382677165354
0
LINE
8
BLACK
6
CONTINUOUS
10
0.1855714173228346
20
0.9984382677165354
11
0.1687142913385827
21
0.9984382677165354
0
LINE
8
BLACK
6
CONTINUOUS
10
0.1687142913385827
20
0.9984382677165354
11
0.1687142913385827
21
0.9758668503937008
0
LINE
8
BLACK
6
CONTINUOUS
10
0.1687142913385827
20
0.9758668503937008
11
0.1679104330708661
21
0.9728668503937008
0
LINE
8
BLACK
6
CONTINUOUS
10
0.1679104330708661
20
0.9728668503937008
11
0.1657142913385827
21
0.9706707086614172
0
LINE
8
BLACK
6
CONTINUOUS
10
0.1657142913385827
20
0.9706707086614172
11
0.1627142913385827
21
0.9698668503937008
0
LINE
8
BLACK
6
CONTINUOUS
10
0.1627142913385827
20
0.9698668503937008
11
0.1597142913385827
21
0.9706707086614172
0
LINE
8
BLACK
6
CONTINUOUS
10
0.1597142913385827
20
0.9706707086614172
11
0.1575181496062992
21
0.9728668503937008
0
LINE
8
BLACK
6
CONTINUOUS
10
0.1575181496062992
20
0.9728668503937008
11
0.1567142913385827
21
0.9758668503937008
0
LINE
8
BLACK
6
CONTINUOUS
10
0.1567142913385827
20
0.9758668503937008
11
0.1567142913385827
21
1.0358668503937007
0
LINE
8
BLACK
6
CONTINUOUS
10
0.1567142913385827
20
1.0358668503937007
11
0.1575181496062992
21
1.0388668503937009
0
LINE
8
BLACK
6
CONTINUOUS
10
0.1575181496062992
20
1.0388668503937009
11
0.1597142913385827
21
1.0410629921259842
0
LINE
8
BLACK
6
CONTINUOUS
10
0.1597142913385827
20
1.0410629921259842
11
0.1627142913385827
21
1.0418668503937007
0
LINE
8
BLACK
6
CONTINUOUS
10
0.1627142913385827
20
1.0418668503937007
11
0.1855714173228346
21
1.0418668503937007
0
LINE
8
BLACK
6
CONTINUOUS
10
0.1855714173228346
20
1.0418668503937007
11
0.1869035039370079
21
1.0415098818897637
0
LINE
8
BLACK
6
CONTINUOUS
10
0.1687142913385827
20
1.0104382677165353
11
0.1841549606299213
21
1.0104382677165353
0
LINE
8
BLACK
6
CONTINUOUS
10
0.1841549606299213
20
1.0104382677165353
11
0.1877315748031496
21
1.0122265748031496
0
LINE
8
BLACK
6
CONTINUOUS
10
0.1877315748031496
20
1.0122265748031496
11
0.1892116535433071
21
1.013706653543307
0
LINE
8
BLACK
6
CONTINUOUS
10
0.1892116535433071
20
1.013706653543307
11
0.191
21
1.0172833070866141
0
LINE
8
BLACK
6
CONTINUOUS
10
0.191
20
1.0172833070866141
11
0.191
21
1.0230217716535432
0
LINE
8
BLACK
6
CONTINUOUS
10
0.191
20
1.0230217716535432
11
0.1892116535433071
21
1.0265983858267715
0
LINE
8
BLACK
6
CONTINUOUS
10
0.1892116535433071
20
1.0265983858267715
11
0.1877315354330709
21
1.0280785826771652
0
LINE
8
BLACK
6
CONTINUOUS
10
0.1877315354330709
20
1.0280785826771652
11
0.184155
21
1.0298668503937007
0
LINE
8
BLACK
6
CONTINUOUS
10
0.184155
20
1.0298668503937007
11
0.1687142913385827
21
1.0298668503937007
0
LINE
8
BLACK
6
CONTINUOUS
10
0.1687142913385827
20
1.0298668503937007
11
0.1687142913385827
21
1.0104382677165353
0
LINE
8
BLACK
6
CONTINUOUS
10
0.2360401968503937
20
1.0444161417322835
11
0.2386320472440945
21
1.042704842519685
0
LINE
8
BLACK
6
CONTINUOUS
10
0.2386320472440945
20
1.042704842519685
11
0.2400210236220472
21
1.0399269291338582
0
LINE
8
BLACK
6
CONTINUOUS
10
0.2400210236220472
20
1.0399269291338582
11
0.2398349212598425
21
1.0368266535433071
0
LINE
8
BLACK
6
CONTINUOUS
10
0.2398349212598425
20
1.0368266535433071
11
0.2281816535433071
21
1.0018668503937007
0
LINE
8
BLACK
6
CONTINUOUS
10
0.2281816535433071
20
1.0018668503937007
11
0.2424285826771654
21
1.0018668503937007
0
LINE
8
BLACK
6
CONTINUOUS
10
0.2424285826771654
20
1.0018668503937007
11
0.2424285826771654
21
1.0158668503937007
0
LINE
8
BLACK
6
CONTINUOUS
10
0.2424285826771654
20
1.0158668503937007
11
0.2432324409448819
21
1.0188668503937008
0
LINE
8
BLACK
6
CONTINUOUS
10
0.2432324409448819
20
1.0188668503937008
11
0.2454285826771654
21
1.0210629921259842
0
LINE
8
BLACK
6
CONTINUOUS
10
0.2454285826771654
20
1.0210629921259842
11
0.2484285826771654
21
1.0218668503937007
0
LINE
8
BLACK
6
CONTINUOUS
10
0.2484285826771654
20
1.0218668503937007
11
0.2514285826771653
21
1.0210629921259842
0
LINE
8
BLACK
6
CONTINUOUS
10
0.2514285826771653
20
1.0210629921259842
11
0.2536247244094488
21
1.0188668503937008
0
LINE
8
BLACK
6
CONTINUOUS
10
0.2536247244094488
20
1.0188668503937008
11
0.2544285826771653
21
1.0158668503937007
0
LINE
8
BLACK
6
CONTINUOUS
10
0.2544285826771653
20
1.0158668503937007
11
0.2544285826771653
21
1.0018668503937007
0
LINE
8
BLACK
6
CONTINUOUS
10
0.2544285826771653
20
1.0018668503937007
11
0.257
21
1.0018668503937007
0
LINE
8
BLACK
6
CONTINUOUS
10
0.257
20
1.0018668503937007
11
0.26
21
1.0010629921259842
0
LINE
8
BLACK
6
CONTINUOUS
10
0.26
20
1.0010629921259842
11
0.2621961417322834
21
0.9988668503937007
0
LINE
8
BLACK
6
CONTINUOUS
10
0.2621961417322834
20
0.9988668503937007
11
0.263
21
0.9958668503937008
0
LINE
8
BLACK
6
CONTINUOUS
10
0.263
20
0.9958668503937008
11
0.2621961417322834
21
0.9928668503937008
0
LINE
8
BLACK
6
CONTINUOUS
10
0.2621961417322834
20
0.9928668503937008
11
0.26
21
0.9906707086614173
0
LINE
8
BLACK
6
CONTINUOUS
10
0.26
20
0.9906707086614173
11
0.257
21
0.9898668503937008
0
LINE
8
BLACK
6
CONTINUOUS
10
0.257
20
0.9898668503937008
11
0.2544285826771653
21
0.9898668503937008
0
LINE
8
BLACK
6
CONTINUOUS
10
0.2544285826771653
20
0.9898668503937008
11
0.2544285826771653
21
0.9758668503937008
0
LINE
8
BLACK
6
CONTINUOUS
10
0.2544285826771653
20
0.9758668503937008
11
0.2536247244094488
21
0.9728668503937008
0
LINE
8
BLACK
6
CONTINUOUS
10
0.2536247244094488
20
0.9728668503937008
11
0.2514285826771653
21
0.9706707086614172
0
LINE
8
BLACK
6
CONTINUOUS
10
0.2514285826771653
20
0.9706707086614172
11
0.2484285826771654
21
0.9698668503937008
0
LINE
8
BLACK
6
CONTINUOUS
10
0.2484285826771654
20
0.9698668503937008
11
0.2454285826771654
21
0.9706707086614172
0
LINE
8
BLACK
6
CONTINUOUS
10
0.2454285826771654
20
0.9706707086614172
11
0.2432324409448819
21
0.9728668503937008
0
LINE
8
BLACK
6
CONTINUOUS
10
0.2432324409448819
20
0.9728668503937008
11
0.2424285826771654
21
0.9758668503937008
0
LINE
8
BLACK
6
CONTINUOUS
10
0.2424285826771654
20
0.9758668503937008
11
0.2424285826771654
21
0.9898668503937008
0
LINE
8
BLACK
6
CONTINUOUS
10
0.2424285826771654
20
0.9898668503937008
11
0.219857125984252
21
0.9898668503937008
0
LINE
8
BLACK
6
CONTINUOUS
10
0.219857125984252
20
0.9898668503937008
11
0.2189239763779527
21
0.9901168503937008
0
LINE
8
BLACK
6
CONTINUOUS
10
0.2189239763779527
20
0.9901168503937008
11
0.2179597637795276
21
0.9901747637795275
0
LINE
8
BLACK
6
CONTINUOUS
10
0.2179597637795276
20
0.9901747637795275
11
0.2174486614173228
21
0.9905121653543307
0
LINE
8
BLACK
6
CONTINUOUS
10
0.2174486614173228
20
0.9905121653543307
11
0.216857125984252
21
0.9906707086614173
0
LINE
8
BLACK
6
CONTINUOUS
10
0.216857125984252
20
0.9906707086614173
11
0.2161740551181102
21
0.9913537401574803
0
LINE
8
BLACK
6
CONTINUOUS
10
0.2161740551181102
20
0.9913537401574803
11
0.2153679133858268
21
0.9918860236220473
0
LINE
8
BLACK
6
CONTINUOUS
10
0.2153679133858268
20
0.9918860236220473
11
0.2150940157480315
21
0.9924338188976378
0
LINE
8
BLACK
6
CONTINUOUS
10
0.2150940157480315
20
0.9924338188976378
11
0.2146609842519685
21
0.9928668503937008
0
LINE
8
BLACK
6
CONTINUOUS
10
0.2146609842519685
20
0.9928668503937008
11
0.2144109448818897
21
0.9937998818897638
0
LINE
8
BLACK
6
CONTINUOUS
10
0.2144109448818897
20
0.9937998818897638
11
0.213978937007874
21
0.9946639763779528
0
LINE
8
BLACK
6
CONTINUOUS
10
0.213978937007874
20
0.9946639763779528
11
0.2140156299212598
21
0.9952752755905512
0
LINE
8
BLACK
6
CONTINUOUS
10
0.2140156299212598
20
0.9952752755905512
11
0.213857125984252
21
0.9958668503937008
0
LINE
8
BLACK
6
CONTINUOUS
10
0.213857125984252
20
0.9958668503937008
11
0.214107125984252
21
0.9967999606299213
0
LINE
8
BLACK
6
CONTINUOUS
10
0.214107125984252
20
0.9967999606299213
11
0.2141650393700787
21
0.9977642125984252
0
LINE
8
BLACK
6
CONTINUOUS
10
0.2141650393700787
20
0.9977642125984252
11
0.2284507480314961
21
1.0406214173228345
0
LINE
8
BLACK
6
CONTINUOUS
10
0.2284507480314961
20
1.0406214173228345
11
0.2301620472440945
21
1.0432132283464566
0
LINE
8
BLACK
6
CONTINUOUS
10
0.2301620472440945
20
1.0432132283464566
11
0.2329399606299213
21
1.0446022047244095
0
LINE
8
BLACK
6
CONTINUOUS
10
0.2329399606299213
20
1.0446022047244095
11
0.2360401968503937
21
1.0444161417322835
0
LINE
8
BLACK
6
CONTINUOUS
10
1.7869035039370078
20
1.0415098818897637
11
1.7882546850393701
21
1.0412334251968505
0
LINE
8
BLACK
6
CONTINUOUS
10
1.7882546850393701
20
1.0412334251968505
11
1.7939689763779527
21
1.0383762992125984
0
LINE
8
BLACK
6
CONTINUOUS
10
1.7939689763779527
20
1.0383762992125984
11
1.7946917716535433
21
1.0377353149606299
0
LINE
8
BLACK
6
CONTINUOUS
10
1.7946917716535433
20
1.0377353149606299
11
1.7955283858267717
21
1.0372523228346457
0
LINE
8
BLACK
6
CONTINUOUS
10
1.7955283858267717
20
1.0372523228346457
11
1.7983855118110237
21
1.034395157480315
0
LINE
8
BLACK
6
CONTINUOUS
10
1.7983855118110237
20
1.034395157480315
11
1.7988684251968503
21
1.0335586614173229
0
LINE
8
BLACK
6
CONTINUOUS
10
1.7988684251968503
20
1.0335586614173229
11
1.7995094094488189
21
1.0328358661417323
0
LINE
8
BLACK
6
CONTINUOUS
10
1.7995094094488189
20
1.0328358661417323
11
1.8023665748031497
21
1.0271215748031495
0
LINE
8
BLACK
6
CONTINUOUS
10
1.8023665748031497
20
1.0271215748031495
11
1.8026430708661416
21
1.0257702362204724
0
LINE
8
BLACK
6
CONTINUOUS
10
1.8026430708661416
20
1.0257702362204724
11
1.8029999999999999
21
1.0244382677165353
0
LINE
8
BLACK
6
CONTINUOUS
10
1.8029999999999999
20
1.0244382677165353
11
1.8029999999999999
21
1.0158668503937007
0
LINE
8
BLACK
6
CONTINUOUS
10
1.8029999999999999
20
1.0158668503937007
11
1.8026430708661416
21
1.014534842519685
0
LINE
8
BLACK
6
CONTINUOUS
10
1.8026430708661416
20
1.014534842519685
11
1.8023665748031497
21
1.0131835433070866
0
LINE
8
BLACK
6
CONTINUOUS
10
1.8023665748031497
20
1.0131835433070866
11
1.7995094094488189
21
1.007469251968504
0
LINE
8
BLACK
6
CONTINUOUS
10
1.7995094094488189
20
1.007469251968504
11
1.7988684251968503
21
1.0067464173228347
0
LINE
8
BLACK
6
CONTINUOUS
10
1.7988684251968503
20
1.0067464173228347
11
1.7983854724409449
21
1.0059099212598426
0
LINE
8
BLACK
6
CONTINUOUS
10
1.7983854724409449
20
1.0059099212598426
11
1.7955283464566929
21
1.0030527952755905
0
LINE
8
BLACK
6
CONTINUOUS
10
1.7955283464566929
20
1.0030527952755905
11
1.7946918110236221
21
1.0025698031496062
0
LINE
8
BLACK
6
CONTINUOUS
10
1.7946918110236221
20
1.0025698031496062
11
1.7939690157480315
21
1.0019288582677166
0
LINE
8
BLACK
6
CONTINUOUS
10
1.7939690157480315
20
1.0019288582677166
11
1.7882547244094489
21
0.9990716929133858
0
LINE
8
BLACK
6
CONTINUOUS
10
1.7882547244094489
20
0.9990716929133858
11
1.7869033858267716
21
0.9987951574803149
0
LINE
8
BLACK
6
CONTINUOUS
10
1.7869033858267716
20
0.9987951574803149
11
1.7855714173228345
21
0.9984382677165354
0
LINE
8
BLACK
6
CONTINUOUS
10
1.7855714173228345
20
0.9984382677165354
11
1.7687142913385827
21
0.9984382677165354
0
LINE
8
BLACK
6
CONTINUOUS
10
1.7687142913385827
20
0.9984382677165354
11
1.7687142913385827
21
0.9758668503937008
0
LINE
8
BLACK
6
CONTINUOUS
10
1.7687142913385827
20
0.9758668503937008
11
1.7679104330708661
21
0.9728668503937008
0
LINE
8
BLACK
6
CONTINUOUS
10
1.7679104330708661
20
0.9728668503937008
11
1.7657142913385826
21
0.9706707086614172
0
LINE
8
BLACK
6
CONTINUOUS
10
1.7657142913385826
20
0.9706707086614172
11
1.7627142913385827
21
0.9698668503937008
0
LINE
8
BLACK
6
CONTINUOUS
10
1.7627142913385827
20
0.9698668503937008
11
1.7597142913385826
21
0.9706707086614172
0
LINE
8
BLACK
6
CONTINUOUS
10
1.7597142913385826
20
0.9706707086614172
11
1.7575181496062993
21
0.9728668503937008
0
LINE
8
BLACK
6
CONTINUOUS
10
1.7575181496062993
20
0.9728668503937008
11
1.7567142913385827
21
0.9758668503937008
0
LINE
8
BLACK
6
CONTINUOUS
10
1.7567142913385827
20
0.9758668503937008
11
1.7567142913385827
21
1.0358668503937007
0
LINE
8
BLACK
6
CONTINUOUS
10
1.7567142913385827
20
1.0358668503937007
11
1.7575181496062993
21
1.0388668503937009
0
LINE
8
BLACK
6
CONTINUOUS
10
1.7575181496062993
20
1.0388668503937009
11
1.7597142913385826
21
1.0410629921259842
0
LINE
8
BLACK
6
CONTINUOUS
10
1.7597142913385826
20
1.0410629921259842
11
1.7627142913385827
21
1.0418668503937007
0
LINE
8
BLACK
6
CONTINUOUS
10
1.7627142913385827
20
1.0418668503937007
11
1.7855714173228345
21
1.0418668503937007
0
LINE
8
BLACK
6
CONTINUOUS
10
1.7855714173228345
20
1.0418668503937007
11
1.7869035039370078
21
1.0415098818897637
0
LINE
8
BLACK
6
CONTINUOUS
10
1.7687142913385827
20
1.0104382677165353
11
1.7841549606299212
21
1.0104382677165353
0
LINE
8
BLACK
6
CONTINUOUS
10
1.7841549606299212
20
1.0104382677165353
11
1.7877315748031495
21
1.0122265748031496
0
LINE
8
BLACK
6
CONTINUOUS
10
1.7877315748031495
20
1.0122265748031496
11
1.7892116535433071
21
1.013706653543307
0
LINE
8
BLACK
6
CONTINUOUS
10
1.7892116535433071
20
1.013706653543307
11
1.7909999999999999
21
1.0172833070866141
0
LINE
8
BLACK
6
CONTINUOUS
10
1.7909999999999999
20
1.0172833070866141
11
1.7909999999999999
21
1.0230217716535432
0
LINE
8
BLACK
6
CONTINUOUS
10
1.7909999999999999
20
1.0230217716535432
11
1.7892116535433071
21
1.0265983858267715
0
LINE
8
BLACK
6
CONTINUOUS
10
1.7892116535433071
20
1.0265983858267715
11
1.7877315354330707
21
1.0280785826771652
0
LINE
8
BLACK
6
CONTINUOUS
10
1.7877315354330707
20
1.0280785826771652
11
1.7841549999999999
21
1.0298668503937007
0
LINE
8
BLACK
6
CONTINUOUS
10
1.7841549999999999
20
1.0298668503937007
11
1.7687142913385827
21
1.0298668503937007
0
LINE
8
BLACK
6
CONTINUOUS
10
1.7687142913385827
20
1.0298668503937007
11
1.7687142913385827
21
1.0104382677165353
0
LINE
8
BLACK
6
CONTINUOUS
10
1.8371916141732283
20
1.041815472440945
11
1.8373861417322834
21
1.0418544094488189
0
LINE
8
BLACK
6
CONTINUOUS
10
1.8373861417322834
20
1.0418544094488189
11
1.8386805511811024
21
1.0414165354330709
0
LINE
8
BLACK
6
CONTINUOUS
10
1.8386805511811024
20
1.0414165354330709
11
1.8399999999999999
21
1.0410629921259842
0
LINE
8
BLACK
6
CONTINUOUS
10
1.8399999999999999
20
1.0410629921259842
11
1.8401401968503937
21
1.0409227559055119
0
LINE
8
BLACK
6
CONTINUOUS
10
1.8401401968503937
20
1.0409227559055119
11
1.8403282283464566
21
1.0408591732283465
0
LINE
8
BLACK
6
CONTINUOUS
10
1.8403282283464566
20
1.0408591732283465
11
1.8412302755905512
21
1.0398326771653543
0
LINE
8
BLACK
6
CONTINUOUS
10
1.8412302755905512
20
1.0398326771653543
11
1.8421961417322834
21
1.0388668503937009
0
LINE
8
BLACK
6
CONTINUOUS
10
1.8421961417322834
20
1.0388668503937009
11
1.8422474803149607
21
1.0386751968503938
0
LINE
8
BLACK
6
CONTINUOUS
10
1.8422474803149607
20
1.0386751968503938
11
1.842378464566929
21
1.0385261811023623
0
LINE
8
BLACK
6
CONTINUOUS
10
1.842378464566929
20
1.0385261811023623
11
1.8426463779527558
21
1.0371864173228347
0
LINE
8
BLACK
6
CONTINUOUS
10
1.8426463779527558
20
1.0371864173228347
11
1.843
21
1.0358668503937007
0
LINE
8
BLACK
6
CONTINUOUS
10
1.843
20
1.0358668503937007
11
1.843
21
0.9818668503937008
0
LINE
8
BLACK
6
CONTINUOUS
10
1.843
20
0.9818668503937008
11
1.8541428346456692
21
0.9818668503937008
0
LINE
8
BLACK
6
CONTINUOUS
10
1.8541428346456692
20
0.9818668503937008
11
1.8571428346456693
21
0.9810629921259842
0
LINE
8
BLACK
6
CONTINUOUS
10
1.8571428346456693
20
0.9810629921259842
11
1.8593389763779526
21
0.9788668503937008
0
LINE
8
BLACK
6
CONTINUOUS
10
1.8593389763779526
20
0.9788668503937008
11
1.8601428346456692
21
0.9758668503937008
0
LINE
8
BLACK
6
CONTINUOUS
10
1.8601428346456692
20
0.9758668503937008
11
1.8593389763779526
21
0.9728668503937008
0
LINE
8
BLACK
6
CONTINUOUS
10
1.8593389763779526
20
0.9728668503937008
11
1.8571428346456693
21
0.9706707086614172
0
LINE
8
BLACK
6
CONTINUOUS
10
1.8571428346456693
20
0.9706707086614172
11
1.8541428346456692
21
0.9698668503937008
0
LINE
8
BLACK
6
CONTINUOUS
10
1.8541428346456692
20
0.9698668503937008
11
1.837
21
0.9698668503937008
0
LINE
8
BLACK
6
CONTINUOUS
10
1.837
20
0.9698668503937008
11
1.819857125984252
21
0.9698668503937008
0
LINE
8
BLACK
6
CONTINUOUS
10
1.819857125984252
20
0.9698668503937008
11
1.8168571259842519
21
0.9706707086614172
0
LINE
8
BLACK
6
CONTINUOUS
10
1.8168571259842519
20
0.9706707086614172
11
1.8146609842519685
21
0.9728668503937008
0
LINE
8
BLACK
6
CONTINUOUS
10
1.8146609842519685
20
0.9728668503937008
11
1.813857125984252
21
0.9758668503937008
0
LINE
8
BLACK
6
CONTINUOUS
10
1.813857125984252
20
0.9758668503937008
11
1.8146609842519685
21
0.9788668503937008
0
LINE
8
BLACK
6
CONTINUOUS
10
1.8146609842519685
20
0.9788668503937008
11
1.8168571259842519
21
0.9810629921259842
0
LINE
8
BLACK
6
CONTINUOUS
10
1.8168571259842519
20
0.9810629921259842
11
1.819857125984252
21
0.9818668503937008
0
LINE
8
BLACK
6
CONTINUOUS
10
1.819857125984252
20
0.9818668503937008
11
1.831
21
0.9818668503937008
0
LINE
8
BLACK
6
CONTINUOUS
10
1.831
20
0.9818668503937008
11
1.831
21
1.0185244488188976
0
LINE
8
BLACK
6
CONTINUOUS
10
1.831
20
1.0185244488188976
11
1.8298140551181101
21
1.0173385039370078
0
LINE
8
BLACK
6
CONTINUOUS
10
1.8298140551181101
20
1.0173385039370078
11
1.8289774803149605
21
1.0168555118110236
0
LINE
8
BLACK
6
CONTINUOUS
10
1.8289774803149605
20
1.0168555118110236
11
1.8282546850393699
21
1.0162145669291338
0
LINE
8
BLACK
6
CONTINUOUS
10
1.8282546850393699
20
1.0162145669291338
11
1.8225403937007874
21
1.0133574409448818
0
LINE
8
BLACK
6
CONTINUOUS
10
1.8225403937007874
20
1.0133574409448818
11
1.8194975984251969
21
1.0127348031496062
0
LINE
8
BLACK
6
CONTINUOUS
10
1.8194975984251969
20
1.0127348031496062
11
1.8165511811023622
21
1.0137169685039369
0
LINE
8
BLACK
6
CONTINUOUS
10
1.8165511811023622
20
1.0137169685039369
11
1.8144905511811023
21
1.0160407480314961
0
LINE
8
BLACK
6
CONTINUOUS
10
1.8144905511811023
20
1.0160407480314961
11
1.8138679133858266
21
1.0190835433070866
0
LINE
8
BLACK
6
CONTINUOUS
10
1.8138679133858266
20
1.0190835433070866
11
1.8148500787401574
21
1.0220299606299212
0
LINE
8
BLACK
6
CONTINUOUS
10
1.8148500787401574
20
1.0220299606299212
11
1.8171738582677166
21
1.024090590551181
0
LINE
8
BLACK
6
CONTINUOUS
10
1.8171738582677166
20
1.024090590551181
11
1.8220172834645669
21
1.0265122834645668
0
LINE
8
BLACK
6
CONTINUOUS
10
1.8220172834645669
20
1.0265122834645668
11
1.8266229921259842
21
1.0311179921259843
0
LINE
8
BLACK
6
CONTINUOUS
10
1.8266229921259842
20
1.0311179921259843
11
1.8320077165354329
21
1.0391950787401574
0
LINE
8
BLACK
6
CONTINUOUS
10
1.8320077165354329
20
1.0391950787401574
11
1.8330339763779526
21
1.040096968503937
0
LINE
8
BLACK
6
CONTINUOUS
10
1.8330339763779526
20
1.040096968503937
11
1.8339999999999999
21
1.0410629921259842
0
LINE
8
BLACK
6
CONTINUOUS
10
1.8339999999999999
20
1.0410629921259842
11
1.8341916141732284
21
1.0411143307086614
0
LINE
8
BLACK
6
CONTINUOUS
10
1.8341916141732284
20
1.0411143307086614
11
1.8343406692913384
21
1.04124531496063
0
LINE
8
BLACK
6
CONTINUOUS
10
1.8343406692913384
20
1.04124531496063
11
1.8356803937007873
21
1.0415132283464568
0
LINE
8
BLACK
6
CONTINUOUS
10
1.8356803937007873
20
1.0415132283464568
11
1.837
21
1.0418668503937007
0
LINE
8
BLACK
6
CONTINUOUS
10
1.837
20
1.0418668503937007
11
1.8371916141732283
21
1.041815472440945
0
CIRCLE
8
BLACK
10
0.2
20
0.2
40
0.0068897637795276
0
CIRCLE
8
BLACK
10
0.2
20
1.
40
0.0068897637795276
0
CIRCLE
8
BLACK
10
0.25
20
0.52
40
0.0068897637795276
0
CIRCLE
8
BLACK
10
0.25
20
0.62
40
0.0068897637795276
0
CIRCLE
8
BLACK
10
0.25
20
0.72
40
0.0068897637795276
0
CIRCLE
8
BLACK
10
0.15
20
0.72
40
0.0068897637795276
0
CIRCLE
8
BLACK
10
0.15
20
0.62
40
0.0068897637795276
0
CIRCLE
8
BLACK
10
0.15
20
0.52
40
0.0068897637795276
0
CIRCLE
8
BLACK
10
0.5332
20
0.281
40
0.0068897637795276
0
CIRCLE
8
BLACK
10
0.5332
20
0.481
40
0.0068897637795276
0
CIRCLE
8
BLACK
10
1.8
20
1.
40
0.0068897637795276
0
CIRCLE
8
BLACK
10
1.8
20
0.2
40
0.0068897637795276
0
CIRCLE
8
BLACK
10
1.8599999999999999
20
0.42
40
0.0068897637795276
0
CIRCLE
8
BLACK
10
1.8599999999999999
20
0.52
40
0.0068897637795276
0
CIRCLE
8
BLACK
10
1.8599999999999999
20
0.62
40
0.0068897637795276
0
CIRCLE
8
BLACK
10
1.76
20
0.62
40
0.0068897637795276
0
CIRCLE
8
BLACK
10
1.76
20
0.52
40
0.0068897637795276
0
CIRCLE
8
BLACK
10
1.76
20
0.42
40
0.0068897637795276
0
CIRCLE
8
BLACK
10
1.1099999999999999
20
0.1
40
0.0068897637795276
0
CIRCLE
8
BLACK
10
1.21
20
0.1
40
0.0068897637795276
0
CIRCLE
8
BLACK
10
1.3100000000000001
20
0.1
40
0.0068897637795276
0
CIRCLE
8
BLACK
10
1.4099999999999999
20
0.1
40
0.0068897637795276
0
CIRCLE
8
BLACK
10
1.51
20
0.1
40
0.0068897637795276
0
CIRCLE
8
BLACK
10
1.51
20
0.2
40
0.0068897637795276
0
CIRCLE
8
BLACK
10
1.4099999999999999
20
0.2
40
0.0068897637795276
0
CIRCLE
8
BLACK
10
1.3100000000000001
20
0.2
40
0.0068897637795276
0
CIRCLE
8
BLACK
10
1.21
20
0.2
40
0.0068897637795276
0
CIRCLE
8
BLACK
10
1.1099999999999999
20
0.2
40
0.0068897637795276
  0
ENDSEC
  0
EOF
