  0
SECTION
  2
HEADER
  9
$ANGBASE
  50
0.0
  9
$ANGDIR
  70
1
  9
$MEASUREMENT
  70
0
  0
ENDSEC
  0
SECTION
  2
TABLES
  0
TABLE
  2
LTYPE
  70
4
  0
LTYPE
  5
40F
  2
CONTINUOUS
  70
0
  3
Solid line
  72
65
  73
0
  40
0.0
  0
LTYPE
  5
410
  2
DASHDOT
 70
0
  3
Dash Dot ____ _ ____ _
 72
65
 73
4
 40
2.0
 49
1.25
 49
-0.25
 49
0.25
 49
-0.25
  0
LTYPE
  5
411
  2
DASHED
 70
0
  3
Dashed __ __ __ __ __
 72
65
 73
2
 40
0.75
 49
0.5
 49
-0.25
  0
LTYPE
  5
43B
  2
DOTTED
 70
0
  3
Dotted .  .  .  .
 72
65
 73
2
 40
0.2
 49
0.0
 49
-0.2
  0
ENDTAB
  0
TABLE
  2
STYLE
  70
4
  0
STYLE
  2
KICAD
  70
0
  40
0
  41
1
  42
1
  50
0
  71
0
  3
isocp.shx
  0
STYLE
  2
KICADB
  70
0
  40
0
  41
1
  42
1
  50
0
  71
0
  3
isocp.shx
  0
STYLE
  2
KICADI
  70
0
  40
0
  41
1
  42
1
  50
15
  71
0
  3
isocp.shx
  0
STYLE
  2
KICADBI
  70
0
  40
0
  41
1
  42
1
  50
15
  71
0
  3
isocp.shx
  0
ENDTAB
  0
TABLE
  2
LAYER
  70
1
  0
LAYER
  2
BLACK
  70
0
  62
7
  6
CONTINUOUS
  0
ENDTAB
  0
ENDSEC
  0
SECTION
  2
ENTITIES
0
LINE
8
BLACK
6
CONTINUOUS
10
1.9857331102362203
20
1.1872243307086614
11
1.9875635433070866
21
1.1851118897637796
0
LINE
8
BLACK
6
CONTINUOUS
10
1.9875635433070866
20
1.1851118897637796
11
1.988011811023622
21
1.1830511811023621
0
LINE
8
BLACK
6
CONTINUOUS
10
1.988011811023622
20
1.1830511811023621
11
1.988011811023622
21
0.0169488188976378
0
LINE
8
BLACK
6
CONTINUOUS
10
1.988011811023622
20
0.0169488188976378
11
1.9872243307086614
21
0.0142668897637795
0
LINE
8
BLACK
6
CONTINUOUS
10
1.9872243307086614
20
0.0142668897637795
11
1.9851118897637794
21
0.0124364566929134
0
LINE
8
BLACK
6
CONTINUOUS
10
1.9851118897637794
20
0.0124364566929134
11
1.9830511811023621
21
0.011988188976378
0
LINE
8
BLACK
6
CONTINUOUS
10
1.9830511811023621
20
0.011988188976378
11
1.3789796456692913
21
0.011988188976378
0
LINE
8
BLACK
6
CONTINUOUS
10
1.3789796456692913
20
0.011988188976378
11
1.3762977165354331
21
0.0127756692913386
0
LINE
8
BLACK
6
CONTINUOUS
10
1.3762977165354331
20
0.0127756692913386
11
1.3744672834645668
21
0.0148881102362205
0
LINE
8
BLACK
6
CONTINUOUS
10
1.3744672834645668
20
0.0148881102362205
11
1.3740694881889763
21
0.0176548031496063
0
LINE
8
BLACK
6
CONTINUOUS
10
1.3740694881889763
20
0.0176548031496063
11
1.3752306692913385
21
0.0201973228346457
0
LINE
8
BLACK
6
CONTINUOUS
10
1.3752306692913385
20
0.0201973228346457
11
1.3754719291338582
21
0.0204564960629921
0
LINE
8
BLACK
6
CONTINUOUS
10
1.3754719291338582
20
0.0204564960629921
11
1.3756606299212597
21
0.0206451968503937
0
LINE
8
BLACK
6
CONTINUOUS
10
1.3756606299212597
20
0.0206451968503937
11
1.3807326771653543
21
0.0257172440944882
0
LINE
8
BLACK
6
CONTINUOUS
10
1.3807326771653543
20
0.0257172440944882
11
1.4010427952755906
21
0.0460273622047244
0
LINE
8
BLACK
6
CONTINUOUS
10
1.4010427952755906
20
0.0460273622047244
11
1.4034960236220473
21
0.047366968503937
0
LINE
8
BLACK
6
CONTINUOUS
10
1.4034960236220473
20
0.047366968503937
11
1.4045504724409448
21
0.0474803149606299
0
LINE
8
BLACK
6
CONTINUOUS
10
1.4045504724409448
20
0.0474803149606299
11
1.4444153149606298
21
0.0474803149606299
0
LINE
8
BLACK
6
CONTINUOUS
10
1.4444153149606298
20
0.0474803149606299
11
1.4467990551181102
21
0.0477365748031496
0
LINE
8
BLACK
6
CONTINUOUS
10
1.4467990551181102
20
0.0477365748031496
11
1.44679937007874
21
0.0477366535433071
0
LINE
8
BLACK
6
CONTINUOUS
10
1.44679937007874
20
0.0477366535433071
11
1.4521929921259842
21
0.0497484251968504
0
LINE
8
BLACK
6
CONTINUOUS
10
1.4521929921259842
20
0.0497484251968504
11
1.4521930314960629
21
0.0497484251968504
0
LINE
8
BLACK
6
CONTINUOUS
10
1.4521930314960629
20
0.0497484251968504
11
1.453253307086614
21
0.0505421653543307
0
LINE
8
BLACK
6
CONTINUOUS
10
1.453253307086614
20
0.0505421653543307
11
1.4568016141732283
21
0.0531983858267717
0
LINE
8
BLACK
6
CONTINUOUS
10
1.4568016141732283
20
0.0531983858267717
11
1.456801653543307
21
0.0531984251968504
0
LINE
8
BLACK
6
CONTINUOUS
10
1.456801653543307
20
0.0531984251968504
11
1.4570435433070865
21
0.0533795275590551
0
LINE
8
BLACK
6
CONTINUOUS
10
1.4570435433070865
20
0.0533795275590551
11
1.4596624803149605
21
0.0543563385826772
0
LINE
8
BLACK
6
CONTINUOUS
10
1.4596624803149605
20
0.0543563385826772
11
1.4623937401574802
21
0.0537622047244095
0
LINE
8
BLACK
6
CONTINUOUS
10
1.4623937401574802
20
0.0537622047244095
11
1.4629891732283464
21
0.0533795275590551
0
LINE
8
BLACK
6
CONTINUOUS
10
1.4629891732283464
20
0.0533795275590551
11
1.4678162992125985
21
0.0497659448818898
0
LINE
8
BLACK
6
CONTINUOUS
10
1.4678162992125985
20
0.0497659448818898
11
1.4732049606299211
21
0.0477561023622047
0
LINE
8
BLACK
6
CONTINUOUS
10
1.4732049606299211
20
0.0477561023622047
11
1.4755866929133858
21
0.0475
0
LINE
8
BLACK
6
CONTINUOUS
10
1.4755866929133858
20
0.0475
11
1.5
21
0.0475
0
LINE
8
BLACK
6
CONTINUOUS
10
1.5
20
0.0475
11
1.5
21
0.0675
0
LINE
8
BLACK
6
CONTINUOUS
10
1.5
20
0.0675
11
1.4775
21
0.0675
0
LINE
8
BLACK
6
CONTINUOUS
10
1.4775
20
0.0675
11
1.4775
21
0.1325
0
LINE
8
BLACK
6
CONTINUOUS
10
1.4775
20
0.1325
11
1.5
21
0.1325
0
LINE
8
BLACK
6
CONTINUOUS
10
1.5
20
0.1325
11
1.5
21
0.1675
0
LINE
8
BLACK
6
CONTINUOUS
10
1.5
20
0.1675
11
1.4775
21
0.1675
0
LINE
8
BLACK
6
CONTINUOUS
10
1.4775
20
0.1675
11
1.4775
21
0.2325
0
LINE
8
BLACK
6
CONTINUOUS
10
1.4775
20
0.2325
11
1.5
21
0.2325
0
LINE
8
BLACK
6
CONTINUOUS
10
1.5
20
0.2325
11
1.5
21
0.2525
0
LINE
8
BLACK
6
CONTINUOUS
10
1.5
20
0.2525
11
1.4755872047244094
21
0.2525
0
LINE
8
BLACK
6
CONTINUOUS
10
1.4755872047244094
20
0.2525
11
1.4755866929133858
21
0.2524999606299212
0
LINE
8
BLACK
6
CONTINUOUS
10
1.4755866929133858
20
0.2524999606299212
11
1.4732049606299211
21
0.2522438582677165
0
LINE
8
BLACK
6
CONTINUOUS
10
1.4732049606299211
20
0.2522438582677165
11
1.4678163385826772
21
0.2502340157480315
0
LINE
8
BLACK
6
CONTINUOUS
10
1.4678163385826772
20
0.2502340157480315
11
1.4678162992125985
21
0.2502340157480315
0
LINE
8
BLACK
6
CONTINUOUS
10
1.4678162992125985
20
0.2502340157480315
11
1.4629891732283464
21
0.2466204330708661
0
LINE
8
BLACK
6
CONTINUOUS
10
1.4629891732283464
20
0.2466204330708661
11
1.4603702755905512
21
0.2456436220472441
0
LINE
8
BLACK
6
CONTINUOUS
10
1.4603702755905512
20
0.2456436220472441
11
1.4576390157480315
21
0.2462377559055118
0
LINE
8
BLACK
6
CONTINUOUS
10
1.4576390157480315
20
0.2462377559055118
11
1.4570435433070865
21
0.2466204724409449
0
LINE
8
BLACK
6
CONTINUOUS
10
1.4570435433070865
20
0.2466204724409449
11
1.456801653543307
21
0.2468015354330709
0
LINE
8
BLACK
6
CONTINUOUS
10
1.456801653543307
20
0.2468015354330709
11
1.4568016141732283
21
0.2468016141732284
0
LINE
8
BLACK
6
CONTINUOUS
10
1.4568016141732283
20
0.2468016141732284
11
1.4521930708661417
21
0.2502515354330709
0
LINE
8
BLACK
6
CONTINUOUS
10
1.4521930708661417
20
0.2502515354330709
11
1.446799251968504
21
0.2522633464566929
0
LINE
8
BLACK
6
CONTINUOUS
10
1.446799251968504
20
0.2522633464566929
11
1.4467991732283465
21
0.2522633464566929
0
LINE
8
BLACK
6
CONTINUOUS
10
1.4467991732283465
20
0.2522633464566929
11
1.4467990551181102
21
0.2522633858267717
0
LINE
8
BLACK
6
CONTINUOUS
10
1.4467990551181102
20
0.2522633858267717
11
1.4444153149606298
21
0.2525196456692914
0
LINE
8
BLACK
6
CONTINUOUS
10
1.4444153149606298
20
0.2525196456692914
11
1.444415157480315
21
0.2525196456692914
0
LINE
8
BLACK
6
CONTINUOUS
10
1.444415157480315
20
0.2525196456692914
11
1.4444148818897637
21
0.2525196850393701
0
LINE
8
BLACK
6
CONTINUOUS
10
1.4444148818897637
20
0.2525196850393701
11
1.4444146456692912
21
0.2525196850393701
0
LINE
8
BLACK
6
CONTINUOUS
10
1.4444146456692912
20
0.2525196850393701
11
1.3920111023622046
21
0.2525196850393701
0
LINE
8
BLACK
6
CONTINUOUS
10
1.3920111023622046
20
0.2525196850393701
11
1.3893291732283464
21
0.2533071653543307
0
LINE
8
BLACK
6
CONTINUOUS
10
1.3893291732283464
20
0.2533071653543307
11
1.3874987401574803
21
0.2554196062992126
0
LINE
8
BLACK
6
CONTINUOUS
10
1.3874987401574803
20
0.2554196062992126
11
1.3871009448818898
21
0.2581862992125984
0
LINE
8
BLACK
6
CONTINUOUS
10
1.3871009448818898
20
0.2581862992125984
11
1.388262125984252
21
0.2607288188976378
0
LINE
8
BLACK
6
CONTINUOUS
10
1.388262125984252
20
0.2607288188976378
11
1.3885034251968504
21
0.2609879921259842
0
LINE
8
BLACK
6
CONTINUOUS
10
1.3885034251968504
20
0.2609879921259842
11
1.4185427952755905
21
0.2910273622047244
0
LINE
8
BLACK
6
CONTINUOUS
10
1.4185427952755905
20
0.2910273622047244
11
1.4209960236220471
21
0.292366968503937
0
LINE
8
BLACK
6
CONTINUOUS
10
1.4209960236220471
20
0.292366968503937
11
1.4220504724409448
21
0.2924803149606299
0
LINE
8
BLACK
6
CONTINUOUS
10
1.4220504724409448
20
0.2924803149606299
11
1.4419153149606299
21
0.2924803149606299
0
LINE
8
BLACK
6
CONTINUOUS
10
1.4419153149606299
20
0.2924803149606299
11
1.4442990551181103
21
0.2927365748031496
0
LINE
8
BLACK
6
CONTINUOUS
10
1.4442990551181103
20
0.2927365748031496
11
1.4442993700787401
21
0.2927366535433071
0
LINE
8
BLACK
6
CONTINUOUS
10
1.4442993700787401
20
0.2927366535433071
11
1.4496929921259842
21
0.2947484251968504
0
LINE
8
BLACK
6
CONTINUOUS
10
1.4496929921259842
20
0.2947484251968504
11
1.449693188976378
21
0.2947485039370079
0
LINE
8
BLACK
6
CONTINUOUS
10
1.449693188976378
20
0.2947485039370079
11
1.4543015354330708
21
0.2981983070866142
0
LINE
8
BLACK
6
CONTINUOUS
10
1.4543015354330708
20
0.2981983070866142
11
1.4543015354330708
21
0.2981983464566929
0
LINE
8
BLACK
6
CONTINUOUS
10
1.4543015354330708
20
0.2981983464566929
11
1.4543016141732283
21
0.2981983858267717
0
LINE
8
BLACK
6
CONTINUOUS
10
1.4543016141732283
20
0.2981983858267717
11
1.4560411023622046
21
0.3005220472440945
0
LINE
8
BLACK
6
CONTINUOUS
10
1.4560411023622046
20
0.3005220472440945
11
1.4582787401574804
21
0.3021970866141732
0
LINE
8
BLACK
6
CONTINUOUS
10
1.4582787401574804
20
0.3021970866141732
11
1.4610667716535433
21
0.3023964566929134
0
LINE
8
BLACK
6
CONTINUOUS
10
1.4610667716535433
20
0.3023964566929134
11
1.4635199999999999
21
0.3010568897637795
0
LINE
8
BLACK
6
CONTINUOUS
10
1.4635199999999999
20
0.3010568897637795
11
1.4639834251968504
21
0.3005220472440945
0
LINE
8
BLACK
6
CONTINUOUS
10
1.4639834251968504
20
0.3005220472440945
11
1.4657124015748031
21
0.2982124409448819
0
LINE
8
BLACK
6
CONTINUOUS
10
1.4657124015748031
20
0.2982124409448819
11
1.4703162992125984
21
0.2947659448818897
0
LINE
8
BLACK
6
CONTINUOUS
10
1.4703162992125984
20
0.2947659448818897
11
1.4757049606299213
21
0.2927561023622047
0
LINE
8
BLACK
6
CONTINUOUS
10
1.4757049606299213
20
0.2927561023622047
11
1.4780866929133858
21
0.2925
0
LINE
8
BLACK
6
CONTINUOUS
10
1.4780866929133858
20
0.2925
11
1.4875
21
0.2925
0
LINE
8
BLACK
6
CONTINUOUS
10
1.4875
20
0.2925
11
1.4875
21
0.3125
0
LINE
8
BLACK
6
CONTINUOUS
10
1.4875
20
0.3125
11
1.48
21
0.3125
0
LINE
8
BLACK
6
CONTINUOUS
10
1.48
20
0.3125
11
1.48
21
0.3675
0
LINE
8
BLACK
6
CONTINUOUS
10
1.48
20
0.3675
11
1.5149999999999999
21
0.3675
0
LINE
8
BLACK
6
CONTINUOUS
10
1.5149999999999999
20
0.3675
11
1.5149999999999999
21
0.35
0
LINE
8
BLACK
6
CONTINUOUS
10
1.5149999999999999
20
0.35
11
1.5349999999999999
21
0.35
0
LINE
8
BLACK
6
CONTINUOUS
10
1.5349999999999999
20
0.35
11
1.5349999999999999
21
0.3694127952755906
0
LINE
8
BLACK
6
CONTINUOUS
10
1.5349999999999999
20
0.3694127952755906
11
1.5349999606299212
21
0.3694132677165354
0
LINE
8
BLACK
6
CONTINUOUS
10
1.5349999606299212
20
0.3694132677165354
11
1.5347438582677164
21
0.371795
0
LINE
8
BLACK
6
CONTINUOUS
10
1.5347438582677164
20
0.371795
11
1.5327340157480314
21
0.3771836220472441
0
LINE
8
BLACK
6
CONTINUOUS
10
1.5327340157480314
20
0.3771836220472441
11
1.5327340157480314
21
0.3771836614173228
0
LINE
8
BLACK
6
CONTINUOUS
10
1.5327340157480314
20
0.3771836614173228
11
1.529287559055118
21
0.3817875590551181
0
LINE
8
BLACK
6
CONTINUOUS
10
1.529287559055118
20
0.3817875590551181
11
1.5246836614173227
21
0.3852340157480315
0
LINE
8
BLACK
6
CONTINUOUS
10
1.5246836614173227
20
0.3852340157480315
11
1.5242614566929134
21
0.3853914960629921
0
LINE
8
BLACK
6
CONTINUOUS
10
1.5242614566929134
20
0.3853914960629921
11
1.5220238188976378
21
0.3870665354330708
0
LINE
8
BLACK
6
CONTINUOUS
10
1.5220238188976378
20
0.3870665354330708
11
1.5210470078740157
21
0.3896854330708661
0
LINE
8
BLACK
6
CONTINUOUS
10
1.5210470078740157
20
0.3896854330708661
11
1.5216411417322835
21
0.3924166929133858
0
LINE
8
BLACK
6
CONTINUOUS
10
1.5216411417322835
20
0.3924166929133858
11
1.5236175984251967
21
0.3943931889763779
0
LINE
8
BLACK
6
CONTINUOUS
10
1.5236175984251967
20
0.3943931889763779
11
1.525995
21
0.395
0
LINE
8
BLACK
6
CONTINUOUS
10
1.525995
20
0.395
11
1.5294132677165353
21
0.395
0
LINE
8
BLACK
6
CONTINUOUS
10
1.5294132677165353
20
0.395
11
1.531795
21
0.3952561023622047
0
LINE
8
BLACK
6
CONTINUOUS
10
1.531795
20
0.3952561023622047
11
1.5371836220472441
21
0.3972659448818898
0
LINE
8
BLACK
6
CONTINUOUS
10
1.5371836220472441
20
0.3972659448818898
11
1.5371836614173229
21
0.3972659448818898
0
LINE
8
BLACK
6
CONTINUOUS
10
1.5371836614173229
20
0.3972659448818898
11
1.541787559055118
21
0.4007124015748031
0
LINE
8
BLACK
6
CONTINUOUS
10
1.541787559055118
20
0.4007124015748031
11
1.5452340157480315
21
0.4053162992125984
0
LINE
8
BLACK
6
CONTINUOUS
10
1.5452340157480315
20
0.4053162992125984
11
1.5452340157480315
21
0.4053163385826772
0
LINE
8
BLACK
6
CONTINUOUS
10
1.5452340157480315
20
0.4053163385826772
11
1.5472438582677166
21
0.4107049606299212
0
LINE
8
BLACK
6
CONTINUOUS
10
1.5472438582677166
20
0.4107049606299212
11
1.5474999606299211
21
0.4130866929133858
0
LINE
8
BLACK
6
CONTINUOUS
10
1.5474999606299211
20
0.4130866929133858
11
1.5474999999999999
21
0.4130871653543307
0
LINE
8
BLACK
6
CONTINUOUS
10
1.5474999999999999
20
0.4130871653543307
11
1.5474999999999999
21
0.4225
0
LINE
8
BLACK
6
CONTINUOUS
10
1.5474999999999999
20
0.4225
11
1.5274999999999999
21
0.4225
0
LINE
8
BLACK
6
CONTINUOUS
10
1.5274999999999999
20
0.4225
11
1.5274999999999999
21
0.415
0
LINE
8
BLACK
6
CONTINUOUS
10
1.5274999999999999
20
0.415
11
1.4724999999999999
21
0.415
0
LINE
8
BLACK
6
CONTINUOUS
10
1.4724999999999999
20
0.415
11
1.4724999999999999
21
0.45
0
LINE
8
BLACK
6
CONTINUOUS
10
1.4724999999999999
20
0.45
11
1.5274999999999999
21
0.45
0
LINE
8
BLACK
6
CONTINUOUS
10
1.5274999999999999
20
0.45
11
1.5274999999999999
21
0.4425
0
LINE
8
BLACK
6
CONTINUOUS
10
1.5274999999999999
20
0.4425
11
1.5475000393700786
21
0.4425
0
LINE
8
BLACK
6
CONTINUOUS
10
1.5475000393700786
20
0.4425
11
1.5481668503937007
21
0.443166811023622
0
LINE
8
BLACK
6
CONTINUOUS
10
1.5481668503937007
20
0.443166811023622
11
1.5482874803149607
21
0.4435776377952756
0
LINE
8
BLACK
6
CONTINUOUS
10
1.5482874803149607
20
0.4435776377952756
11
1.5503999212598425
21
0.4454080708661417
0
LINE
8
BLACK
6
CONTINUOUS
10
1.5503999212598425
20
0.4454080708661417
11
1.5504247637795274
21
0.4454193307086614
0
LINE
8
BLACK
6
CONTINUOUS
10
1.5504247637795274
20
0.4454193307086614
11
1.5523422834645668
21
0.4462823228346456
0
LINE
8
BLACK
6
CONTINUOUS
10
1.5523422834645668
20
0.4462823228346456
11
1.5526189763779528
21
0.4463969291338583
0
LINE
8
BLACK
6
CONTINUOUS
10
1.5526189763779528
20
0.4463969291338583
11
1.5541948031496062
21
0.4469946062992126
0
LINE
8
BLACK
6
CONTINUOUS
10
1.5541948031496062
20
0.4469946062992126
11
1.5548573228346456
21
0.4472458661417323
0
LINE
8
BLACK
6
CONTINUOUS
10
1.5548573228346456
20
0.4472458661417323
11
1.5551878346456693
21
0.4474740157480315
0
LINE
8
BLACK
6
CONTINUOUS
10
1.5551878346456693
20
0.4474740157480315
11
1.5559692913385827
21
0.4479147244094488
0
LINE
8
BLACK
6
CONTINUOUS
10
1.5559692913385827
20
0.4479147244094488
11
1.5563355511811023
21
0.4480796062992126
0
LINE
8
BLACK
6
CONTINUOUS
10
1.5563355511811023
20
0.4480796062992126
11
1.5563357086614173
21
0.4480796850393701
0
LINE
8
BLACK
6
CONTINUOUS
10
1.5563357086614173
20
0.4480796850393701
11
1.5582202362204725
21
0.4495561023622047
0
LINE
8
BLACK
6
CONTINUOUS
10
1.5582202362204725
20
0.4495561023622047
11
1.5584614566929134
21
0.4497335826771653
0
LINE
8
BLACK
6
CONTINUOUS
10
1.5584614566929134
20
0.4497335826771653
11
1.560431968503937
21
0.451093779527559
0
LINE
8
BLACK
6
CONTINUOUS
10
1.560431968503937
20
0.451093779527559
11
1.5620201181102362
21
0.4528864173228346
0
LINE
8
BLACK
6
CONTINUOUS
10
1.5620201181102362
20
0.4528864173228346
11
1.5622255118110235
21
0.4531045669291339
0
LINE
8
BLACK
6
CONTINUOUS
10
1.5622255118110235
20
0.4531045669291339
11
1.5836379921259842
21
0.4745170472440945
0
LINE
8
BLACK
6
CONTINUOUS
10
1.5836379921259842
20
0.4745170472440945
11
1.5860912204724409
21
0.4758566535433071
0
LINE
8
BLACK
6
CONTINUOUS
10
1.5860912204724409
20
0.4758566535433071
11
1.5888792125984252
21
0.4756572440944882
0
LINE
8
BLACK
6
CONTINUOUS
10
1.5888792125984252
20
0.4756572440944882
11
1.5911168503937008
21
0.4739821653543307
0
LINE
8
BLACK
6
CONTINUOUS
10
1.5911168503937008
20
0.4739821653543307
11
1.5920936614173229
21
0.4713632677165354
0
LINE
8
BLACK
6
CONTINUOUS
10
1.5920936614173229
20
0.4713632677165354
11
1.5921062992125985
21
0.4710093700787402
0
LINE
8
BLACK
6
CONTINUOUS
10
1.5921062992125985
20
0.4710093700787402
11
1.5921062992125985
21
0.4496112598425197
0
LINE
8
BLACK
6
CONTINUOUS
10
1.5921062992125985
20
0.4496112598425197
11
1.5913188188976377
21
0.4469293307086614
0
LINE
8
BLACK
6
CONTINUOUS
10
1.5913188188976377
20
0.4469293307086614
11
1.5892063779527559
21
0.4450988976377953
0
LINE
8
BLACK
6
CONTINUOUS
10
1.5892063779527559
20
0.4450988976377953
11
1.5882862992125983
21
0.4447835433070866
0
LINE
8
BLACK
6
CONTINUOUS
10
1.5882862992125983
20
0.4447835433070866
11
1.5882008267716534
21
0.4447633464566929
0
LINE
8
BLACK
6
CONTINUOUS
10
1.5882008267716534
20
0.4447633464566929
11
1.5882007480314961
21
0.4447633464566929
0
LINE
8
BLACK
6
CONTINUOUS
10
1.5882007480314961
20
0.4447633464566929
11
1.5882006299212599
21
0.4447633070866142
0
LINE
8
BLACK
6
CONTINUOUS
10
1.5882006299212599
20
0.4447633070866142
11
1.5882004724409449
21
0.4447632677165354
0
LINE
8
BLACK
6
CONTINUOUS
10
1.5882004724409449
20
0.4447632677165354
11
1.5850217716535433
21
0.4435776377952756
0
LINE
8
BLACK
6
CONTINUOUS
10
1.5850217716535433
20
0.4435776377952756
11
1.5828069291338582
21
0.4427515354330708
0
LINE
8
BLACK
6
CONTINUOUS
10
1.5828069291338582
20
0.4427515354330708
11
1.5828068503937007
21
0.4427514960629921
0
LINE
8
BLACK
6
CONTINUOUS
10
1.5828068503937007
20
0.4427514960629921
11
1.5828067716535432
21
0.4427514566929134
0
LINE
8
BLACK
6
CONTINUOUS
10
1.5828067716535432
20
0.4427514566929134
11
1.5781983464566929
21
0.4393016141732283
0
LINE
8
BLACK
6
CONTINUOUS
10
1.5781983464566929
20
0.4393016141732283
11
1.5747485039370079
21
0.4346931889763779
0
LINE
8
BLACK
6
CONTINUOUS
10
1.5747485039370079
20
0.4346931889763779
11
1.5747484251968504
21
0.4346929921259842
0
LINE
8
BLACK
6
CONTINUOUS
10
1.5747484251968504
20
0.4346929921259842
11
1.5727366535433072
21
0.4292993700787401
0
LINE
8
BLACK
6
CONTINUOUS
10
1.5727366535433072
20
0.4292993700787401
11
1.5727365748031497
21
0.4292990551181102
0
LINE
8
BLACK
6
CONTINUOUS
10
1.5727365748031497
20
0.4292990551181102
11
1.5724803149606299
21
0.4269153149606299
0
LINE
8
BLACK
6
CONTINUOUS
10
1.5724803149606299
20
0.4269153149606299
11
1.5724803149606299
21
0.3880846456692914
0
LINE
8
BLACK
6
CONTINUOUS
10
1.5724803149606299
20
0.3880846456692914
11
1.5727365748031497
21
0.385700905511811
0
LINE
8
BLACK
6
CONTINUOUS
10
1.5727365748031497
20
0.385700905511811
11
1.5727366535433072
21
0.3857005905511811
0
LINE
8
BLACK
6
CONTINUOUS
10
1.5727366535433072
20
0.3857005905511811
11
1.5747484251968504
21
0.380306968503937
0
LINE
8
BLACK
6
CONTINUOUS
10
1.5747484251968504
20
0.380306968503937
11
1.5747485039370079
21
0.3803067716535433
0
LINE
8
BLACK
6
CONTINUOUS
10
1.5747485039370079
20
0.3803067716535433
11
1.5781983464566929
21
0.3756983858267716
0
LINE
8
BLACK
6
CONTINUOUS
10
1.5781983464566929
20
0.3756983858267716
11
1.5805220866141731
21
0.3739588188976378
0
LINE
8
BLACK
6
CONTINUOUS
10
1.5805220866141731
20
0.3739588188976378
11
1.5821970866141732
21
0.3717211417322834
0
LINE
8
BLACK
6
CONTINUOUS
10
1.5821970866141732
20
0.3717211417322834
11
1.5823964566929134
21
0.3689331496062992
0
LINE
8
BLACK
6
CONTINUOUS
10
1.5823964566929134
20
0.3689331496062992
11
1.5810568503937008
21
0.3664799212598425
0
LINE
8
BLACK
6
CONTINUOUS
10
1.5810568503937008
20
0.3664799212598425
11
1.5805220078740156
21
0.3660164960629921
0
LINE
8
BLACK
6
CONTINUOUS
10
1.5805220078740156
20
0.3660164960629921
11
1.5782124015748031
21
0.3642875590551181
0
LINE
8
BLACK
6
CONTINUOUS
10
1.5782124015748031
20
0.3642875590551181
11
1.5747659448818898
21
0.3596836614173228
0
LINE
8
BLACK
6
CONTINUOUS
10
1.5747659448818898
20
0.3596836614173228
11
1.5747659448818898
21
0.3596836220472441
0
LINE
8
BLACK
6
CONTINUOUS
10
1.5747659448818898
20
0.3596836220472441
11
1.5727561023622048
21
0.354295
0
LINE
8
BLACK
6
CONTINUOUS
10
1.5727561023622048
20
0.354295
11
1.5725
21
0.3519132677165354
0
LINE
8
BLACK
6
CONTINUOUS
10
1.5725
20
0.3519132677165354
11
1.5725
21
0.3425
0
LINE
8
BLACK
6
CONTINUOUS
10
1.5725
20
0.3425
11
1.5925
21
0.3425
0
LINE
8
BLACK
6
CONTINUOUS
10
1.5925
20
0.3425
11
1.5925
21
0.35
0
LINE
8
BLACK
6
CONTINUOUS
10
1.5925
20
0.35
11
1.6475
21
0.35
0
LINE
8
BLACK
6
CONTINUOUS
10
1.6475
20
0.35
11
1.6475
21
0.3425
0
LINE
8
BLACK
6
CONTINUOUS
10
1.6475
20
0.3425
11
1.6675
21
0.3425
0
LINE
8
BLACK
6
CONTINUOUS
10
1.6675
20
0.3425
11
1.6675
21
0.3519127952755906
0
LINE
8
BLACK
6
CONTINUOUS
10
1.6675
20
0.3519127952755906
11
1.6674999606299212
21
0.3519132677165354
0
LINE
8
BLACK
6
CONTINUOUS
10
1.6674999606299212
20
0.3519132677165354
11
1.6672438582677165
21
0.354295
0
LINE
8
BLACK
6
CONTINUOUS
10
1.6672438582677165
20
0.354295
11
1.6652340157480314
21
0.3596836220472441
0
LINE
8
BLACK
6
CONTINUOUS
10
1.6652340157480314
20
0.3596836220472441
11
1.6652340157480314
21
0.3596836614173228
0
LINE
8
BLACK
6
CONTINUOUS
10
1.6652340157480314
20
0.3596836614173228
11
1.6617875590551181
21
0.3642875196850394
0
LINE
8
BLACK
6
CONTINUOUS
10
1.6617875590551181
20
0.3642875196850394
11
1.6594779921259841
21
0.3660164566929134
0
LINE
8
BLACK
6
CONTINUOUS
10
1.6594779921259841
20
0.3660164566929134
11
1.6578029133858267
21
0.368254094488189
0
LINE
8
BLACK
6
CONTINUOUS
10
1.6578029133858267
20
0.368254094488189
11
1.6576034645669291
21
0.3710420866141732
0
LINE
8
BLACK
6
CONTINUOUS
10
1.6576034645669291
20
0.3710420866141732
11
1.6589430314960629
21
0.3734953543307086
0
LINE
8
BLACK
6
CONTINUOUS
10
1.6589430314960629
20
0.3734953543307086
11
1.6594779133858268
21
0.3739588188976378
0
LINE
8
BLACK
6
CONTINUOUS
10
1.6594779133858268
20
0.3739588188976378
11
1.6618015748031496
21
0.3756983464566929
0
LINE
8
BLACK
6
CONTINUOUS
10
1.6618015748031496
20
0.3756983464566929
11
1.6652514566929133
21
0.3803067716535433
0
LINE
8
BLACK
6
CONTINUOUS
10
1.6652514566929133
20
0.3803067716535433
11
1.6652515354330708
21
0.380306968503937
0
LINE
8
BLACK
6
CONTINUOUS
10
1.6652515354330708
20
0.380306968503937
11
1.6672633070866141
21
0.3857005905511811
0
LINE
8
BLACK
6
CONTINUOUS
10
1.6672633070866141
20
0.3857005905511811
11
1.6672633858267716
21
0.385700905511811
0
LINE
8
BLACK
6
CONTINUOUS
10
1.6672633858267716
20
0.385700905511811
11
1.6675196456692913
21
0.3880846456692914
0
LINE
8
BLACK
6
CONTINUOUS
10
1.6675196456692913
20
0.3880846456692914
11
1.6675196850393701
21
0.3880853149606299
0
LINE
8
BLACK
6
CONTINUOUS
10
1.6675196850393701
20
0.3880853149606299
11
1.6675196850393701
21
0.4269146456692913
0
LINE
8
BLACK
6
CONTINUOUS
10
1.6675196850393701
20
0.4269146456692913
11
1.6675196456692913
21
0.4269153149606299
0
LINE
8
BLACK
6
CONTINUOUS
10
1.6675196456692913
20
0.4269153149606299
11
1.6672633858267716
21
0.4292990551181102
0
LINE
8
BLACK
6
CONTINUOUS
10
1.6672633858267716
20
0.4292990551181102
11
1.6672633070866141
21
0.4292993700787401
0
LINE
8
BLACK
6
CONTINUOUS
10
1.6672633070866141
20
0.4292993700787401
11
1.6660621653543306
21
0.43251968503937
0
LINE
8
BLACK
6
CONTINUOUS
10
1.6660621653543306
20
0.43251968503937
11
1.6652515354330708
21
0.4346930708661417
0
LINE
8
BLACK
6
CONTINUOUS
10
1.6652515354330708
20
0.4346930708661417
11
1.6625247244094488
21
0.4383356299212599
0
LINE
8
BLACK
6
CONTINUOUS
10
1.6625247244094488
20
0.4383356299212599
11
1.6618016141732284
21
0.4393016141732283
0
LINE
8
BLACK
6
CONTINUOUS
10
1.6618016141732284
20
0.4393016141732283
11
1.657193188976378
21
0.4427514566929134
0
LINE
8
BLACK
6
CONTINUOUS
10
1.657193188976378
20
0.4427514566929134
11
1.6571931496062993
21
0.4427514566929134
0
LINE
8
BLACK
6
CONTINUOUS
10
1.6571931496062993
20
0.4427514566929134
11
1.6571930708661418
21
0.4427515354330708
0
LINE
8
BLACK
6
CONTINUOUS
10
1.6571930708661418
20
0.4427515354330708
11
1.6524055511811022
21
0.4445372047244094
0
LINE
8
BLACK
6
CONTINUOUS
10
1.6524055511811022
20
0.4445372047244094
11
1.6517994881889764
21
0.4447632677165354
0
LINE
8
BLACK
6
CONTINUOUS
10
1.6517994881889764
20
0.4447632677165354
11
1.6517994094488189
21
0.4447632677165354
0
LINE
8
BLACK
6
CONTINUOUS
10
1.6517994094488189
20
0.4447632677165354
11
1.6517992519685039
21
0.4447633464566929
0
LINE
8
BLACK
6
CONTINUOUS
10
1.6517992519685039
20
0.4447633464566929
11
1.6517990551181101
21
0.4447633464566929
0
LINE
8
BLACK
6
CONTINUOUS
10
1.6517990551181101
20
0.4447633464566929
11
1.6517137007874014
21
0.4447835433070866
0
LINE
8
BLACK
6
CONTINUOUS
10
1.6517137007874014
20
0.4447835433070866
11
1.651653937007874
21
0.4448175196850394
0
LINE
8
BLACK
6
CONTINUOUS
10
1.651653937007874
20
0.4448175196850394
11
1.6515085039370079
21
0.4448718110236221
0
LINE
8
BLACK
6
CONTINUOUS
10
1.6515085039370079
20
0.4448718110236221
11
1.6515172834645668
21
0.4448953543307086
0
LINE
8
BLACK
6
CONTINUOUS
10
1.6515172834645668
20
0.4448953543307086
11
1.6492847244094488
21
0.4461666141732283
0
LINE
8
BLACK
6
CONTINUOUS
10
1.6492847244094488
20
0.4461666141732283
11
1.6479890551181102
21
0.4486433070866142
0
LINE
8
BLACK
6
CONTINUOUS
10
1.6479890551181102
20
0.4486433070866142
11
1.6478937007874015
21
0.4496112598425197
0
LINE
8
BLACK
6
CONTINUOUS
10
1.6478937007874015
20
0.4496112598425197
11
1.6478937007874015
21
0.4688913385826772
0
LINE
8
BLACK
6
CONTINUOUS
10
1.6478937007874015
20
0.4688913385826772
11
1.6486811811023621
21
0.4715732677165354
0
LINE
8
BLACK
6
CONTINUOUS
10
1.6486811811023621
20
0.4715732677165354
11
1.649346653543307
21
0.4723990157480315
0
LINE
8
BLACK
6
CONTINUOUS
10
1.649346653543307
20
0.4723990157480315
11
1.6504749999999999
21
0.4735273622047244
0
LINE
8
BLACK
6
CONTINUOUS
10
1.6504749999999999
20
0.4735273622047244
11
1.6529282283464566
21
0.474866968503937
0
LINE
8
BLACK
6
CONTINUOUS
10
1.6529282283464566
20
0.474866968503937
11
1.6539826771653543
21
0.4749803149606299
0
LINE
8
BLACK
6
CONTINUOUS
10
1.6539826771653543
20
0.4749803149606299
11
1.6794153149606299
21
0.4749803149606299
0
LINE
8
BLACK
6
CONTINUOUS
10
1.6794153149606299
20
0.4749803149606299
11
1.6817990551181101
21
0.4752365748031496
0
LINE
8
BLACK
6
CONTINUOUS
10
1.6817990551181101
20
0.4752365748031496
11
1.6817993700787401
21
0.4752366535433071
0
LINE
8
BLACK
6
CONTINUOUS
10
1.6817993700787401
20
0.4752366535433071
11
1.6871929921259843
21
0.4772484251968504
0
LINE
8
BLACK
6
CONTINUOUS
10
1.6871929921259843
20
0.4772484251968504
11
1.6871931889763778
21
0.4772485039370079
0
LINE
8
BLACK
6
CONTINUOUS
10
1.6871931889763778
20
0.4772485039370079
11
1.6918016141732284
21
0.4806983464566929
0
LINE
8
BLACK
6
CONTINUOUS
10
1.6918016141732284
20
0.4806983464566929
11
1.6932389763779527
21
0.4826184645669291
0
LINE
8
BLACK
6
CONTINUOUS
10
1.6932389763779527
20
0.4826184645669291
11
1.6954765748031495
21
0.4842935433070866
0
LINE
8
BLACK
6
CONTINUOUS
10
1.6954765748031495
20
0.4842935433070866
11
1.6972101574803149
21
0.4846062992125984
0
LINE
8
BLACK
6
CONTINUOUS
10
1.6972101574803149
20
0.4846062992125984
11
1.7037681889763778
21
0.4846062992125984
0
LINE
8
BLACK
6
CONTINUOUS
10
1.7037681889763778
20
0.4846062992125984
11
1.7064501181102363
21
0.4838188188976378
0
LINE
8
BLACK
6
CONTINUOUS
10
1.7064501181102363
20
0.4838188188976378
11
1.7082805511811023
21
0.4817063779527559
0
LINE
8
BLACK
6
CONTINUOUS
10
1.7082805511811023
20
0.4817063779527559
11
1.7084160236220471
21
0.481379251968504
0
LINE
8
BLACK
6
CONTINUOUS
10
1.7084160236220471
20
0.481379251968504
11
1.7097484251968504
21
0.477806968503937
0
LINE
8
BLACK
6
CONTINUOUS
10
1.7097484251968504
20
0.477806968503937
11
1.7097485039370077
21
0.4778067716535433
0
LINE
8
BLACK
6
CONTINUOUS
10
1.7097485039370077
20
0.4778067716535433
11
1.7133795275590551
21
0.4729563779527559
0
LINE
8
BLACK
6
CONTINUOUS
10
1.7133795275590551
20
0.4729563779527559
11
1.7143563385826772
21
0.4703374803149606
0
LINE
8
BLACK
6
CONTINUOUS
10
1.7143563385826772
20
0.4703374803149606
11
1.7137622047244094
21
0.4676062204724409
0
LINE
8
BLACK
6
CONTINUOUS
10
1.7137622047244094
20
0.4676062204724409
11
1.7133795275590551
21
0.4670107874015748
0
LINE
8
BLACK
6
CONTINUOUS
10
1.7133795275590551
20
0.4670107874015748
11
1.7097659448818898
21
0.4621836614173228
0
LINE
8
BLACK
6
CONTINUOUS
10
1.7097659448818898
20
0.4621836614173228
11
1.7097659448818898
21
0.4621836220472441
0
LINE
8
BLACK
6
CONTINUOUS
10
1.7097659448818898
20
0.4621836220472441
11
1.7077561023622048
21
0.456795
0
LINE
8
BLACK
6
CONTINUOUS
10
1.7077561023622048
20
0.456795
11
1.7075
21
0.4544132677165354
0
LINE
8
BLACK
6
CONTINUOUS
10
1.7075
20
0.4544132677165354
11
1.7075
21
0.43
0
LINE
8
BLACK
6
CONTINUOUS
10
1.7075
20
0.43
11
1.7275
21
0.43
0
LINE
8
BLACK
6
CONTINUOUS
10
1.7275
20
0.43
11
1.7275
21
0.4525
0
LINE
8
BLACK
6
CONTINUOUS
10
1.7275
20
0.4525
11
1.7925
21
0.4525
0
LINE
8
BLACK
6
CONTINUOUS
10
1.7925
20
0.4525
11
1.7925
21
0.43
0
LINE
8
BLACK
6
CONTINUOUS
10
1.7925
20
0.43
11
1.8274999999999999
21
0.43
0
LINE
8
BLACK
6
CONTINUOUS
10
1.8274999999999999
20
0.43
11
1.8274999999999999
21
0.4525
0
LINE
8
BLACK
6
CONTINUOUS
10
1.8274999999999999
20
0.4525
11
1.8924999999999998
21
0.4525
0
LINE
8
BLACK
6
CONTINUOUS
10
1.8924999999999998
20
0.4525
11
1.8924999999999998
21
0.43
0
LINE
8
BLACK
6
CONTINUOUS
10
1.8924999999999998
20
0.43
11
1.9124999999999999
21
0.43
0
LINE
8
BLACK
6
CONTINUOUS
10
1.9124999999999999
20
0.43
11
1.9124999999999999
21
0.4544127952755905
0
LINE
8
BLACK
6
CONTINUOUS
10
1.9124999999999999
20
0.4544127952755905
11
1.9124999606299211
21
0.4544132677165354
0
LINE
8
BLACK
6
CONTINUOUS
10
1.9124999606299211
20
0.4544132677165354
11
1.9122438582677166
21
0.456795
0
LINE
8
BLACK
6
CONTINUOUS
10
1.9122438582677166
20
0.456795
11
1.9102340157480315
21
0.4621836220472441
0
LINE
8
BLACK
6
CONTINUOUS
10
1.9102340157480315
20
0.4621836220472441
11
1.9102339763779528
21
0.4621837007874016
0
LINE
8
BLACK
6
CONTINUOUS
10
1.9102339763779528
20
0.4621837007874016
11
1.9066204724409448
21
0.4670107086614173
0
LINE
8
BLACK
6
CONTINUOUS
10
1.9066204724409448
20
0.4670107086614173
11
1.9056436220472441
21
0.4696296062992126
0
LINE
8
BLACK
6
CONTINUOUS
10
1.9056436220472441
20
0.4696296062992126
11
1.9062377559055117
21
0.4723608661417323
0
LINE
8
BLACK
6
CONTINUOUS
10
1.9062377559055117
20
0.4723608661417323
11
1.906620433070866
21
0.4729563385826772
0
LINE
8
BLACK
6
CONTINUOUS
10
1.906620433070866
20
0.4729563385826772
11
1.9102514566929134
21
0.4778067716535433
0
LINE
8
BLACK
6
CONTINUOUS
10
1.9102514566929134
20
0.4778067716535433
11
1.9102515354330709
21
0.477806968503937
0
LINE
8
BLACK
6
CONTINUOUS
10
1.9102515354330709
20
0.477806968503937
11
1.9102550393700788
21
0.4778162992125984
0
LINE
8
BLACK
6
CONTINUOUS
10
1.9102550393700788
20
0.4778162992125984
11
1.9113308267716536
21
0.4807005905511811
0
LINE
8
BLACK
6
CONTINUOUS
10
1.9113308267716536
20
0.4807005905511811
11
1.9122633070866142
21
0.4832005905511811
0
LINE
8
BLACK
6
CONTINUOUS
10
1.9122633070866142
20
0.4832005905511811
11
1.9122633858267717
21
0.483200905511811
0
LINE
8
BLACK
6
CONTINUOUS
10
1.9122633858267717
20
0.483200905511811
11
1.9125196456692912
21
0.4855846456692913
0
LINE
8
BLACK
6
CONTINUOUS
10
1.9125196456692912
20
0.4855846456692913
11
1.91251968503937
21
0.4855853149606299
0
LINE
8
BLACK
6
CONTINUOUS
10
1.91251968503937
20
0.4855853149606299
11
1.91251968503937
21
0.5544146456692913
0
LINE
8
BLACK
6
CONTINUOUS
10
1.91251968503937
20
0.5544146456692913
11
1.9125196456692912
21
0.5544153149606299
0
LINE
8
BLACK
6
CONTINUOUS
10
1.9125196456692912
20
0.5544153149606299
11
1.9122633858267717
21
0.5567990551181102
0
LINE
8
BLACK
6
CONTINUOUS
10
1.9122633858267717
20
0.5567990551181102
11
1.9122633070866142
21
0.5567993700787401
0
LINE
8
BLACK
6
CONTINUOUS
10
1.9122633070866142
20
0.5567993700787401
11
1.9112877559055117
21
0.5594148818897637
0
LINE
8
BLACK
6
CONTINUOUS
10
1.9112877559055117
20
0.5594148818897637
11
1.9102515354330709
21
0.5621930708661417
0
LINE
8
BLACK
6
CONTINUOUS
10
1.9102515354330709
20
0.5621930708661417
11
1.9068016141732282
21
0.5668016141732284
0
LINE
8
BLACK
6
CONTINUOUS
10
1.9068016141732282
20
0.5668016141732284
11
1.9068015354330707
21
0.566801653543307
0
LINE
8
BLACK
6
CONTINUOUS
10
1.9068015354330707
20
0.566801653543307
11
1.9066204724409448
21
0.5670435433070866
0
LINE
8
BLACK
6
CONTINUOUS
10
1.9066204724409448
20
0.5670435433070866
11
1.9056436220472441
21
0.5696624409448818
0
LINE
8
BLACK
6
CONTINUOUS
10
1.9056436220472441
20
0.5696624409448818
11
1.9062377559055117
21
0.5723937007874016
0
LINE
8
BLACK
6
CONTINUOUS
10
1.9062377559055117
20
0.5723937007874016
11
1.906620433070866
21
0.5729891732283464
0
LINE
8
BLACK
6
CONTINUOUS
10
1.906620433070866
20
0.5729891732283464
11
1.9102340157480315
21
0.5778162992125984
0
LINE
8
BLACK
6
CONTINUOUS
10
1.9102340157480315
20
0.5778162992125984
11
1.9102340157480315
21
0.5778163385826771
0
LINE
8
BLACK
6
CONTINUOUS
10
1.9102340157480315
20
0.5778163385826771
11
1.9122438582677166
21
0.5832049606299212
0
LINE
8
BLACK
6
CONTINUOUS
10
1.9122438582677166
20
0.5832049606299212
11
1.9124999606299211
21
0.5855866929133858
0
LINE
8
BLACK
6
CONTINUOUS
10
1.9124999606299211
20
0.5855866929133858
11
1.9124999999999999
21
0.5855871653543306
0
LINE
8
BLACK
6
CONTINUOUS
10
1.9124999999999999
20
0.5855871653543306
11
1.9124999999999999
21
0.61
0
LINE
8
BLACK
6
CONTINUOUS
10
1.9124999999999999
20
0.61
11
1.8924999999999998
21
0.61
0
LINE
8
BLACK
6
CONTINUOUS
10
1.8924999999999998
20
0.61
11
1.8924999999999998
21
0.5875
0
LINE
8
BLACK
6
CONTINUOUS
10
1.8924999999999998
20
0.5875
11
1.8274999999999999
21
0.5875
0
LINE
8
BLACK
6
CONTINUOUS
10
1.8274999999999999
20
0.5875
11
1.8274999999999999
21
0.61
0
LINE
8
BLACK
6
CONTINUOUS
10
1.8274999999999999
20
0.61
11
1.7925
21
0.61
0
LINE
8
BLACK
6
CONTINUOUS
10
1.7925
20
0.61
11
1.7925
21
0.5875
0
LINE
8
BLACK
6
CONTINUOUS
10
1.7925
20
0.5875
11
1.7275
21
0.5875
0
LINE
8
BLACK
6
CONTINUOUS
10
1.7275
20
0.5875
11
1.7275
21
0.61
0
LINE
8
BLACK
6
CONTINUOUS
10
1.7275
20
0.61
11
1.7075
21
0.61
0
LINE
8
BLACK
6
CONTINUOUS
10
1.7075
20
0.61
11
1.7075
21
0.5855866929133858
0
LINE
8
BLACK
6
CONTINUOUS
10
1.7075
20
0.5855866929133858
11
1.7077561023622048
21
0.5832049606299212
0
LINE
8
BLACK
6
CONTINUOUS
10
1.7077561023622048
20
0.5832049606299212
11
1.7097659448818898
21
0.5778163385826771
0
LINE
8
BLACK
6
CONTINUOUS
10
1.7097659448818898
20
0.5778163385826771
11
1.7097659448818898
21
0.5778162992125984
0
LINE
8
BLACK
6
CONTINUOUS
10
1.7097659448818898
20
0.5778162992125984
11
1.7133795275590551
21
0.5729891732283464
0
LINE
8
BLACK
6
CONTINUOUS
10
1.7133795275590551
20
0.5729891732283464
11
1.7143563385826772
21
0.5703702755905512
0
LINE
8
BLACK
6
CONTINUOUS
10
1.7143563385826772
20
0.5703702755905512
11
1.7137621653543307
21
0.5676389763779528
0
LINE
8
BLACK
6
CONTINUOUS
10
1.7137621653543307
20
0.5676389763779528
11
1.7133795275590551
21
0.5670435433070866
0
LINE
8
BLACK
6
CONTINUOUS
10
1.7133795275590551
20
0.5670435433070866
11
1.7131984251968504
21
0.566801653543307
0
LINE
8
BLACK
6
CONTINUOUS
10
1.7131984251968504
20
0.566801653543307
11
1.7131983858267716
21
0.5668016141732284
0
LINE
8
BLACK
6
CONTINUOUS
10
1.7131983858267716
20
0.5668016141732284
11
1.7117262992125983
21
0.5648351181102362
0
LINE
8
BLACK
6
CONTINUOUS
10
1.7117262992125983
20
0.5648351181102362
11
1.7097484251968504
21
0.562193031496063
0
LINE
8
BLACK
6
CONTINUOUS
10
1.7097484251968504
20
0.562193031496063
11
1.7097484251968504
21
0.5621929921259843
0
LINE
8
BLACK
6
CONTINUOUS
10
1.7097484251968504
20
0.5621929921259843
11
1.7077366535433069
21
0.5567993700787401
0
LINE
8
BLACK
6
CONTINUOUS
10
1.7077366535433069
20
0.5567993700787401
11
1.7077365748031497
21
0.5567990551181102
0
LINE
8
BLACK
6
CONTINUOUS
10
1.7077365748031497
20
0.5567990551181102
11
1.7074803149606299
21
0.5544153149606299
0
LINE
8
BLACK
6
CONTINUOUS
10
1.7074803149606299
20
0.5544153149606299
11
1.7074803149606299
21
0.5453543307086614
0
LINE
8
BLACK
6
CONTINUOUS
10
1.7074803149606299
20
0.5453543307086614
11
1.7066928346456693
21
0.5426724015748031
0
LINE
8
BLACK
6
CONTINUOUS
10
1.7066928346456693
20
0.5426724015748031
11
1.7045803937007873
21
0.540841968503937
0
LINE
8
BLACK
6
CONTINUOUS
10
1.7045803937007873
20
0.540841968503937
11
1.70251968503937
21
0.5403937007874016
0
LINE
8
BLACK
6
CONTINUOUS
10
1.70251968503937
20
0.5403937007874016
11
1.6972101574803149
21
0.5403937007874016
0
LINE
8
BLACK
6
CONTINUOUS
10
1.6972101574803149
20
0.5403937007874016
11
1.6945282283464567
21
0.5411811811023622
0
LINE
8
BLACK
6
CONTINUOUS
10
1.6945282283464567
20
0.5411811811023622
11
1.6932389763779527
21
0.5423815354330709
0
LINE
8
BLACK
6
CONTINUOUS
10
1.6932389763779527
20
0.5423815354330709
11
1.6918016141732284
21
0.5443016141732283
0
LINE
8
BLACK
6
CONTINUOUS
10
1.6918016141732284
20
0.5443016141732283
11
1.6894943700787401
21
0.5460288188976378
0
LINE
8
BLACK
6
CONTINUOUS
10
1.6894943700787401
20
0.5460288188976378
11
1.6878192913385826
21
0.5482664566929134
0
LINE
8
BLACK
6
CONTINUOUS
10
1.6878192913385826
20
0.5482664566929134
11
1.6876199212598424
21
0.5510544881889764
0
LINE
8
BLACK
6
CONTINUOUS
10
1.6876199212598424
20
0.5510544881889764
11
1.6889594881889762
21
0.5535077165354331
0
LINE
8
BLACK
6
CONTINUOUS
10
1.6889594881889762
20
0.5535077165354331
11
1.6894943700787401
21
0.5539711811023622
0
LINE
8
BLACK
6
CONTINUOUS
10
1.6894943700787401
20
0.5539711811023622
11
1.6918016141732284
21
0.5556983464566929
0
LINE
8
BLACK
6
CONTINUOUS
10
1.6918016141732284
20
0.5556983464566929
11
1.6952514566929133
21
0.5603067716535433
0
LINE
8
BLACK
6
CONTINUOUS
10
1.6952514566929133
20
0.5603067716535433
11
1.6952515354330708
21
0.560306968503937
0
LINE
8
BLACK
6
CONTINUOUS
10
1.6952515354330708
20
0.560306968503937
11
1.6952870078740157
21
0.5604020078740157
0
LINE
8
BLACK
6
CONTINUOUS
10
1.6952870078740157
20
0.5604020078740157
11
1.6967807874015748
21
0.5644069291338583
0
LINE
8
BLACK
6
CONTINUOUS
10
1.6967807874015748
20
0.5644069291338583
11
1.6972633070866141
21
0.565700590551181
0
LINE
8
BLACK
6
CONTINUOUS
10
1.6972633070866141
20
0.565700590551181
11
1.6972633858267716
21
0.565700905511811
0
LINE
8
BLACK
6
CONTINUOUS
10
1.6972633858267716
20
0.565700905511811
11
1.6975196456692914
21
0.5680846456692913
0
LINE
8
BLACK
6
CONTINUOUS
10
1.6975196456692914
20
0.5680846456692913
11
1.6975196850393701
21
0.5680853149606299
0
LINE
8
BLACK
6
CONTINUOUS
10
1.6975196850393701
20
0.5680853149606299
11
1.6975196850393701
21
0.6069146456692913
0
LINE
8
BLACK
6
CONTINUOUS
10
1.6975196850393701
20
0.6069146456692913
11
1.6975196456692914
21
0.6069153149606299
0
LINE
8
BLACK
6
CONTINUOUS
10
1.6975196456692914
20
0.6069153149606299
11
1.6972633858267716
21
0.6092990551181102
0
LINE
8
BLACK
6
CONTINUOUS
10
1.6972633858267716
20
0.6092990551181102
11
1.6972633070866141
21
0.6092993700787401
0
LINE
8
BLACK
6
CONTINUOUS
10
1.6972633070866141
20
0.6092993700787401
11
1.6966134251968503
21
0.6110416929133858
0
LINE
8
BLACK
6
CONTINUOUS
10
1.6966134251968503
20
0.6110416929133858
11
1.6952515354330708
21
0.6146930708661417
0
LINE
8
BLACK
6
CONTINUOUS
10
1.6952515354330708
20
0.6146930708661417
11
1.6949756299212597
21
0.6150616141732284
0
LINE
8
BLACK
6
CONTINUOUS
10
1.6949756299212597
20
0.6150616141732284
11
1.6918016141732284
21
0.6193016141732284
0
LINE
8
BLACK
6
CONTINUOUS
10
1.6918016141732284
20
0.6193016141732284
11
1.6894943700787401
21
0.6210288188976378
0
LINE
8
BLACK
6
CONTINUOUS
10
1.6894943700787401
20
0.6210288188976378
11
1.6878192913385826
21
0.6232664566929134
0
LINE
8
BLACK
6
CONTINUOUS
10
1.6878192913385826
20
0.6232664566929134
11
1.6876199212598424
21
0.6260544881889764
0
LINE
8
BLACK
6
CONTINUOUS
10
1.6876199212598424
20
0.6260544881889764
11
1.6889594881889762
21
0.628507716535433
0
LINE
8
BLACK
6
CONTINUOUS
10
1.6889594881889762
20
0.628507716535433
11
1.6894943700787401
21
0.6289711811023622
0
LINE
8
BLACK
6
CONTINUOUS
10
1.6894943700787401
20
0.6289711811023622
11
1.6918016141732284
21
0.6306983464566929
0
LINE
8
BLACK
6
CONTINUOUS
10
1.6918016141732284
20
0.6306983464566929
11
1.6952514566929133
21
0.6353067716535433
0
LINE
8
BLACK
6
CONTINUOUS
10
1.6952514566929133
20
0.6353067716535433
11
1.6952515354330708
21
0.635306968503937
0
LINE
8
BLACK
6
CONTINUOUS
10
1.6952515354330708
20
0.635306968503937
11
1.6955631496062993
21
0.6361423622047244
0
LINE
8
BLACK
6
CONTINUOUS
10
1.6955631496062993
20
0.6361423622047244
11
1.696370590551181
21
0.6383071653543307
0
LINE
8
BLACK
6
CONTINUOUS
10
1.696370590551181
20
0.6383071653543307
11
1.6972633070866141
21
0.6407005905511811
0
LINE
8
BLACK
6
CONTINUOUS
10
1.6972633070866141
20
0.6407005905511811
11
1.6972633858267716
21
0.640700905511811
0
LINE
8
BLACK
6
CONTINUOUS
10
1.6972633858267716
20
0.640700905511811
11
1.6975196456692914
21
0.6430846456692914
0
LINE
8
BLACK
6
CONTINUOUS
10
1.6975196456692914
20
0.6430846456692914
11
1.6975196850393701
21
0.6430853149606299
0
LINE
8
BLACK
6
CONTINUOUS
10
1.6975196850393701
20
0.6430853149606299
11
1.6975196850393701
21
0.6819146456692913
0
LINE
8
BLACK
6
CONTINUOUS
10
1.6975196850393701
20
0.6819146456692913
11
1.6975196456692914
21
0.68191531496063
0
LINE
8
BLACK
6
CONTINUOUS
10
1.6975196456692914
20
0.68191531496063
11
1.6972633858267716
21
0.6842990551181102
0
LINE
8
BLACK
6
CONTINUOUS
10
1.6972633858267716
20
0.6842990551181102
11
1.6972633070866141
21
0.6842993700787401
0
LINE
8
BLACK
6
CONTINUOUS
10
1.6972633070866141
20
0.6842993700787401
11
1.6967831496062993
21
0.6855866929133858
0
LINE
8
BLACK
6
CONTINUOUS
10
1.6967831496062993
20
0.6855866929133858
11
1.6952515354330708
21
0.6896930708661417
0
LINE
8
BLACK
6
CONTINUOUS
10
1.6952515354330708
20
0.6896930708661417
11
1.6927659842519684
21
0.6930133464566929
0
LINE
8
BLACK
6
CONTINUOUS
10
1.6927659842519684
20
0.6930133464566929
11
1.6918016141732284
21
0.6943016141732283
0
LINE
8
BLACK
6
CONTINUOUS
10
1.6918016141732284
20
0.6943016141732283
11
1.6894943700787401
21
0.6960288188976378
0
LINE
8
BLACK
6
CONTINUOUS
10
1.6894943700787401
20
0.6960288188976378
11
1.6878192913385826
21
0.6982664566929133
0
LINE
8
BLACK
6
CONTINUOUS
10
1.6878192913385826
20
0.6982664566929133
11
1.6876199212598424
21
0.7010544881889763
0
LINE
8
BLACK
6
CONTINUOUS
10
1.6876199212598424
20
0.7010544881889763
11
1.6889594881889762
21
0.7035077165354331
0
LINE
8
BLACK
6
CONTINUOUS
10
1.6889594881889762
20
0.7035077165354331
11
1.6894943700787401
21
0.7039711811023622
0
LINE
8
BLACK
6
CONTINUOUS
10
1.6894943700787401
20
0.7039711811023622
11
1.6918016141732284
21
0.7056983464566929
0
LINE
8
BLACK
6
CONTINUOUS
10
1.6918016141732284
20
0.7056983464566929
11
1.6952514566929133
21
0.7103067716535433
0
LINE
8
BLACK
6
CONTINUOUS
10
1.6952514566929133
20
0.7103067716535433
11
1.6952515354330708
21
0.710306968503937
0
LINE
8
BLACK
6
CONTINUOUS
10
1.6952515354330708
20
0.710306968503937
11
1.6972633070866141
21
0.7157005905511811
0
LINE
8
BLACK
6
CONTINUOUS
10
1.6972633070866141
20
0.7157005905511811
11
1.6972633858267716
21
0.715700905511811
0
LINE
8
BLACK
6
CONTINUOUS
10
1.6972633858267716
20
0.715700905511811
11
1.6975196456692914
21
0.7180846456692913
0
LINE
8
BLACK
6
CONTINUOUS
10
1.6975196456692914
20
0.7180846456692913
11
1.6975196850393701
21
0.7180853149606299
0
LINE
8
BLACK
6
CONTINUOUS
10
1.6975196850393701
20
0.7180853149606299
11
1.6975196850393701
21
0.7569146456692913
0
LINE
8
BLACK
6
CONTINUOUS
10
1.6975196850393701
20
0.7569146456692913
11
1.6975196456692914
21
0.7569153149606299
0
LINE
8
BLACK
6
CONTINUOUS
10
1.6975196456692914
20
0.7569153149606299
11
1.6972633858267716
21
0.7592990551181102
0
LINE
8
BLACK
6
CONTINUOUS
10
1.6972633858267716
20
0.7592990551181102
11
1.6972633070866141
21
0.7592993700787402
0
LINE
8
BLACK
6
CONTINUOUS
10
1.6972633070866141
20
0.7592993700787402
11
1.6961875196850393
21
0.7621836220472441
0
LINE
8
BLACK
6
CONTINUOUS
10
1.6961875196850393
20
0.7621836220472441
11
1.6952515354330708
21
0.7646930708661417
0
LINE
8
BLACK
6
CONTINUOUS
10
1.6952515354330708
20
0.7646930708661417
11
1.6937774409448818
21
0.7666622047244094
0
LINE
8
BLACK
6
CONTINUOUS
10
1.6937774409448818
20
0.7666622047244094
11
1.6918016141732284
21
0.7693016141732283
0
LINE
8
BLACK
6
CONTINUOUS
10
1.6918016141732284
20
0.7693016141732283
11
1.6871931889763778
21
0.7727514566929133
0
LINE
8
BLACK
6
CONTINUOUS
10
1.6871931889763778
20
0.7727514566929133
11
1.6871931496062991
21
0.7727514566929133
0
LINE
8
BLACK
6
CONTINUOUS
10
1.6871931496062991
20
0.7727514566929133
11
1.6871930708661418
21
0.7727515354330708
0
LINE
8
BLACK
6
CONTINUOUS
10
1.6871930708661418
20
0.7727515354330708
11
1.6817992519685039
21
0.7747633464566929
0
LINE
8
BLACK
6
CONTINUOUS
10
1.6817992519685039
20
0.7747633464566929
11
1.6817991732283464
21
0.7747633464566929
0
LINE
8
BLACK
6
CONTINUOUS
10
1.6817991732283464
20
0.7747633464566929
11
1.6817990551181101
21
0.7747633858267716
0
LINE
8
BLACK
6
CONTINUOUS
10
1.6817990551181101
20
0.7747633858267716
11
1.6794153149606299
21
0.7750196456692913
0
LINE
8
BLACK
6
CONTINUOUS
10
1.6794153149606299
20
0.7750196456692913
11
1.6794151574803149
21
0.7750196456692913
0
LINE
8
BLACK
6
CONTINUOUS
10
1.6794151574803149
20
0.7750196456692913
11
1.6794148818897638
21
0.77501968503937
0
LINE
8
BLACK
6
CONTINUOUS
10
1.6794148818897638
20
0.77501968503937
11
1.6794146456692913
21
0.77501968503937
0
LINE
8
BLACK
6
CONTINUOUS
10
1.6794146456692913
20
0.77501968503937
11
1.6703543307086615
21
0.77501968503937
0
LINE
8
BLACK
6
CONTINUOUS
10
1.6703543307086615
20
0.77501968503937
11
1.667672401574803
21
0.7758071653543307
0
LINE
8
BLACK
6
CONTINUOUS
10
1.667672401574803
20
0.7758071653543307
11
1.665841968503937
21
0.7779196062992125
0
LINE
8
BLACK
6
CONTINUOUS
10
1.665841968503937
20
0.7779196062992125
11
1.6653937007874016
21
0.7799803149606299
0
LINE
8
BLACK
6
CONTINUOUS
10
1.6653937007874016
20
0.7799803149606299
11
1.6653937007874016
21
0.8027898031496062
0
LINE
8
BLACK
6
CONTINUOUS
10
1.6653937007874016
20
0.8027898031496062
11
1.6661811811023621
21
0.8054717322834646
0
LINE
8
BLACK
6
CONTINUOUS
10
1.6661811811023621
20
0.8054717322834646
11
1.667381496062992
21
0.8067609448818898
0
LINE
8
BLACK
6
CONTINUOUS
10
1.667381496062992
20
0.8067609448818898
11
1.6693016141732282
21
0.8081983464566929
0
LINE
8
BLACK
6
CONTINUOUS
10
1.6693016141732282
20
0.8081983464566929
11
1.6727514566929134
21
0.8128067716535433
0
LINE
8
BLACK
6
CONTINUOUS
10
1.6727514566929134
20
0.8128067716535433
11
1.6727515354330709
21
0.812806968503937
0
LINE
8
BLACK
6
CONTINUOUS
10
1.6727515354330709
20
0.812806968503937
11
1.6728553149606298
21
0.8130851181102362
0
LINE
8
BLACK
6
CONTINUOUS
10
1.6728553149606298
20
0.8130851181102362
11
1.6743874803149605
21
0.8171929921259843
0
LINE
8
BLACK
6
CONTINUOUS
10
1.6743874803149605
20
0.8171929921259843
11
1.6747633070866141
21
0.8182005905511811
0
LINE
8
BLACK
6
CONTINUOUS
10
1.6747633070866141
20
0.8182005905511811
11
1.6747633858267716
21
0.818200905511811
0
LINE
8
BLACK
6
CONTINUOUS
10
1.6747633858267716
20
0.818200905511811
11
1.6750196456692914
21
0.8205846456692913
0
LINE
8
BLACK
6
CONTINUOUS
10
1.6750196456692914
20
0.8205846456692913
11
1.6750196850393699
21
0.8205853149606299
0
LINE
8
BLACK
6
CONTINUOUS
10
1.6750196850393699
20
0.8205853149606299
11
1.6750196850393699
21
0.8794146456692913
0
LINE
8
BLACK
6
CONTINUOUS
10
1.6750196850393699
20
0.8794146456692913
11
1.6750196456692914
21
0.8794153149606299
0
LINE
8
BLACK
6
CONTINUOUS
10
1.6750196456692914
20
0.8794153149606299
11
1.6747633858267716
21
0.8817990551181102
0
LINE
8
BLACK
6
CONTINUOUS
10
1.6747633858267716
20
0.8817990551181102
11
1.6747633070866141
21
0.8817993700787401
0
LINE
8
BLACK
6
CONTINUOUS
10
1.6747633070866141
20
0.8817993700787401
11
1.6740851181102361
21
0.8836175984251968
0
LINE
8
BLACK
6
CONTINUOUS
10
1.6740851181102361
20
0.8836175984251968
11
1.6727515354330709
21
0.8871930708661417
0
LINE
8
BLACK
6
CONTINUOUS
10
1.6727515354330709
20
0.8871930708661417
11
1.6720837401574802
21
0.8880851181102362
0
LINE
8
BLACK
6
CONTINUOUS
10
1.6720837401574802
20
0.8880851181102362
11
1.6693016141732282
21
0.8918016141732283
0
LINE
8
BLACK
6
CONTINUOUS
10
1.6693016141732282
20
0.8918016141732283
11
1.6646931889763779
21
0.8952514566929134
0
LINE
8
BLACK
6
CONTINUOUS
10
1.6646931889763779
20
0.8952514566929134
11
1.6646931496062991
21
0.8952514566929134
0
LINE
8
BLACK
6
CONTINUOUS
10
1.6646931496062991
20
0.8952514566929134
11
1.6646930708661416
21
0.8952515354330709
0
LINE
8
BLACK
6
CONTINUOUS
10
1.6646930708661416
20
0.8952515354330709
11
1.6592992519685039
21
0.8972633464566929
0
LINE
8
BLACK
6
CONTINUOUS
10
1.6592992519685039
20
0.8972633464566929
11
1.6592991732283464
21
0.8972633464566929
0
LINE
8
BLACK
6
CONTINUOUS
10
1.6592991732283464
20
0.8972633464566929
11
1.6592990551181102
21
0.8972633858267717
0
LINE
8
BLACK
6
CONTINUOUS
10
1.6592990551181102
20
0.8972633858267717
11
1.6569153149606299
21
0.8975196456692913
0
LINE
8
BLACK
6
CONTINUOUS
10
1.6569153149606299
20
0.8975196456692913
11
1.6569151574803149
21
0.8975196456692913
0
LINE
8
BLACK
6
CONTINUOUS
10
1.6569151574803149
20
0.8975196456692913
11
1.6569148818897637
21
0.8975196850393701
0
LINE
8
BLACK
6
CONTINUOUS
10
1.6569148818897637
20
0.8975196850393701
11
1.6180851181102363
21
0.8975196850393701
0
LINE
8
BLACK
6
CONTINUOUS
10
1.6180851181102363
20
0.8975196850393701
11
1.618084842519685
21
0.8975196456692913
0
LINE
8
BLACK
6
CONTINUOUS
10
1.618084842519685
20
0.8975196456692913
11
1.6180846456692912
21
0.8975196456692913
0
LINE
8
BLACK
6
CONTINUOUS
10
1.6180846456692912
20
0.8975196456692913
11
1.615700905511811
21
0.8972633858267717
0
LINE
8
BLACK
6
CONTINUOUS
10
1.615700905511811
20
0.8972633858267717
11
1.615700590551181
21
0.8972633070866142
0
LINE
8
BLACK
6
CONTINUOUS
10
1.615700590551181
20
0.8972633070866142
11
1.6126328740157481
21
0.8961190551181102
0
LINE
8
BLACK
6
CONTINUOUS
10
1.6126328740157481
20
0.8961190551181102
11
1.6103069291338583
21
0.8952515354330709
0
LINE
8
BLACK
6
CONTINUOUS
10
1.6103069291338583
20
0.8952515354330709
11
1.6103068503937008
21
0.8952514960629921
0
LINE
8
BLACK
6
CONTINUOUS
10
1.6103068503937008
20
0.8952514960629921
11
1.6103067716535433
21
0.8952514566929134
0
LINE
8
BLACK
6
CONTINUOUS
10
1.6103067716535433
20
0.8952514566929134
11
1.605698346456693
21
0.8918016141732283
0
LINE
8
BLACK
6
CONTINUOUS
10
1.605698346456693
20
0.8918016141732283
11
1.6039711811023623
21
0.8894943700787401
0
LINE
8
BLACK
6
CONTINUOUS
10
1.6039711811023623
20
0.8894943700787401
11
1.6017335433070865
21
0.8878192913385826
0
LINE
8
BLACK
6
CONTINUOUS
10
1.6017335433070865
20
0.8878192913385826
11
1.5989455118110236
21
0.8876199212598425
0
LINE
8
BLACK
6
CONTINUOUS
10
1.5989455118110236
20
0.8876199212598425
11
1.596492283464567
21
0.8889594881889764
0
LINE
8
BLACK
6
CONTINUOUS
10
1.596492283464567
20
0.8889594881889764
11
1.5960288188976377
21
0.8894943700787401
0
LINE
8
BLACK
6
CONTINUOUS
10
1.5960288188976377
20
0.8894943700787401
11
1.5943016141732282
21
0.8918016141732283
0
LINE
8
BLACK
6
CONTINUOUS
10
1.5943016141732282
20
0.8918016141732283
11
1.5896931889763779
21
0.8952514566929134
0
LINE
8
BLACK
6
CONTINUOUS
10
1.5896931889763779
20
0.8952514566929134
11
1.5896931496062991
21
0.8952514566929134
0
LINE
8
BLACK
6
CONTINUOUS
10
1.5896931496062991
20
0.8952514566929134
11
1.5896930708661416
21
0.8952515354330709
0
LINE
8
BLACK
6
CONTINUOUS
10
1.5896930708661416
20
0.8952515354330709
11
1.584299251968504
21
0.8972633464566929
0
LINE
8
BLACK
6
CONTINUOUS
10
1.584299251968504
20
0.8972633464566929
11
1.5842991732283465
21
0.8972633464566929
0
LINE
8
BLACK
6
CONTINUOUS
10
1.5842991732283465
20
0.8972633464566929
11
1.5842990551181102
21
0.8972633858267717
0
LINE
8
BLACK
6
CONTINUOUS
10
1.5842990551181102
20
0.8972633858267717
11
1.58191531496063
21
0.8975196456692913
0
LINE
8
BLACK
6
CONTINUOUS
10
1.58191531496063
20
0.8975196456692913
11
1.581915157480315
21
0.8975196456692913
0
LINE
8
BLACK
6
CONTINUOUS
10
1.581915157480315
20
0.8975196456692913
11
1.5819148818897637
21
0.8975196850393701
0
LINE
8
BLACK
6
CONTINUOUS
10
1.5819148818897637
20
0.8975196850393701
11
1.5430851181102361
21
0.8975196850393701
0
LINE
8
BLACK
6
CONTINUOUS
10
1.5430851181102361
20
0.8975196850393701
11
1.543084842519685
21
0.8975196456692913
0
LINE
8
BLACK
6
CONTINUOUS
10
1.543084842519685
20
0.8975196456692913
11
1.5430846456692913
21
0.8975196456692913
0
LINE
8
BLACK
6
CONTINUOUS
10
1.5430846456692913
20
0.8975196456692913
11
1.540700905511811
21
0.8972633858267717
0
LINE
8
BLACK
6
CONTINUOUS
10
1.540700905511811
20
0.8972633858267717
11
1.540700590551181
21
0.8972633070866142
0
LINE
8
BLACK
6
CONTINUOUS
10
1.540700590551181
20
0.8972633070866142
11
1.5376328740157479
21
0.8961190551181102
0
LINE
8
BLACK
6
CONTINUOUS
10
1.5376328740157479
20
0.8961190551181102
11
1.5353069291338581
21
0.8952515354330709
0
LINE
8
BLACK
6
CONTINUOUS
10
1.5353069291338581
20
0.8952515354330709
11
1.5353068503937009
21
0.8952514960629921
0
LINE
8
BLACK
6
CONTINUOUS
10
1.5353068503937009
20
0.8952514960629921
11
1.5353067716535433
21
0.8952514566929134
0
LINE
8
BLACK
6
CONTINUOUS
10
1.5353067716535433
20
0.8952514566929134
11
1.5306983464566928
21
0.8918016141732283
0
LINE
8
BLACK
6
CONTINUOUS
10
1.5306983464566928
20
0.8918016141732283
11
1.5272485039370078
21
0.8871931889763779
0
LINE
8
BLACK
6
CONTINUOUS
10
1.5272485039370078
20
0.8871931889763779
11
1.5272484645669291
21
0.8871930708661417
0
LINE
8
BLACK
6
CONTINUOUS
10
1.5272484645669291
20
0.8871930708661417
11
1.5254210629921259
21
0.8822937401574803
0
LINE
8
BLACK
6
CONTINUOUS
10
1.5254210629921259
20
0.8822937401574803
11
1.5237459842519685
21
0.8800561417322834
0
LINE
8
BLACK
6
CONTINUOUS
10
1.5237459842519685
20
0.8800561417322834
11
1.5211270866141733
21
0.8790793700787402
0
LINE
8
BLACK
6
CONTINUOUS
10
1.5211270866141733
20
0.8790793700787402
11
1.5183958267716535
21
0.8796735433070866
0
LINE
8
BLACK
6
CONTINUOUS
10
1.5183958267716535
20
0.8796735433070866
11
1.5164193700787401
21
0.8816500393700787
0
LINE
8
BLACK
6
CONTINUOUS
10
1.5164193700787401
20
0.8816500393700787
11
1.5161253543307087
21
0.8822938582677166
0
LINE
8
BLACK
6
CONTINUOUS
10
1.5161253543307087
20
0.8822938582677166
11
1.5152340551181103
21
0.8846835826771653
0
LINE
8
BLACK
6
CONTINUOUS
10
1.5152340551181103
20
0.8846835826771653
11
1.5152340157480315
21
0.8846836614173228
0
LINE
8
BLACK
6
CONTINUOUS
10
1.5152340157480315
20
0.8846836614173228
11
1.511787559055118
21
0.8892875590551181
0
LINE
8
BLACK
6
CONTINUOUS
10
1.511787559055118
20
0.8892875590551181
11
1.5071836614173229
21
0.8927340157480315
0
LINE
8
BLACK
6
CONTINUOUS
10
1.5071836614173229
20
0.8927340157480315
11
1.501795
21
0.8947438582677165
0
LINE
8
BLACK
6
CONTINUOUS
10
1.501795
20
0.8947438582677165
11
1.4994132677165355
21
0.8949999606299213
0
LINE
8
BLACK
6
CONTINUOUS
10
1.4994132677165355
20
0.8949999606299213
11
1.4994127952755905
21
0.895
0
LINE
8
BLACK
6
CONTINUOUS
10
1.4994127952755905
20
0.895
11
1.48
21
0.895
0
LINE
8
BLACK
6
CONTINUOUS
10
1.48
20
0.895
11
1.48
21
0.875
0
LINE
8
BLACK
6
CONTINUOUS
10
1.48
20
0.875
11
1.4975000000000001
21
0.875
0
LINE
8
BLACK
6
CONTINUOUS
10
1.4975000000000001
20
0.875
11
1.4975000000000001
21
0.84
0
LINE
8
BLACK
6
CONTINUOUS
10
1.4975000000000001
20
0.84
11
1.4424999999999999
21
0.84
0
LINE
8
BLACK
6
CONTINUOUS
10
1.4424999999999999
20
0.84
11
1.4424999999999999
21
0.875
0
LINE
8
BLACK
6
CONTINUOUS
10
1.4424999999999999
20
0.875
11
1.46
21
0.875
0
LINE
8
BLACK
6
CONTINUOUS
10
1.46
20
0.875
11
1.46
21
0.895
0
LINE
8
BLACK
6
CONTINUOUS
10
1.46
20
0.895
11
1.4405872047244095
21
0.895
0
LINE
8
BLACK
6
CONTINUOUS
10
1.4405872047244095
20
0.895
11
1.4405866929133857
21
0.8949999606299213
0
LINE
8
BLACK
6
CONTINUOUS
10
1.4405866929133857
20
0.8949999606299213
11
1.4382049606299212
21
0.8947438582677165
0
LINE
8
BLACK
6
CONTINUOUS
10
1.4382049606299212
20
0.8947438582677165
11
1.4328163385826771
21
0.8927340157480315
0
LINE
8
BLACK
6
CONTINUOUS
10
1.4328163385826771
20
0.8927340157480315
11
1.4328162992125983
21
0.8927340157480315
0
LINE
8
BLACK
6
CONTINUOUS
10
1.4328162992125983
20
0.8927340157480315
11
1.4282124015748032
21
0.8892875590551181
0
LINE
8
BLACK
6
CONTINUOUS
10
1.4282124015748032
20
0.8892875590551181
11
1.4247659448818897
21
0.8846836614173228
0
LINE
8
BLACK
6
CONTINUOUS
10
1.4247659448818897
20
0.8846836614173228
11
1.4246085039370078
21
0.8842614566929133
0
LINE
8
BLACK
6
CONTINUOUS
10
1.4246085039370078
20
0.8842614566929133
11
1.4229334645669292
21
0.8820238188976378
0
LINE
8
BLACK
6
CONTINUOUS
10
1.4229334645669292
20
0.8820238188976378
11
1.4203145669291337
21
0.8810470078740157
0
LINE
8
BLACK
6
CONTINUOUS
10
1.4203145669291337
20
0.8810470078740157
11
1.4175833070866142
21
0.8816411417322835
0
LINE
8
BLACK
6
CONTINUOUS
10
1.4175833070866142
20
0.8816411417322835
11
1.415606811023622
21
0.8836175984251968
0
LINE
8
BLACK
6
CONTINUOUS
10
1.415606811023622
20
0.8836175984251968
11
1.415
21
0.885995
0
LINE
8
BLACK
6
CONTINUOUS
10
1.415
20
0.885995
11
1.415
21
0.8994127952755905
0
LINE
8
BLACK
6
CONTINUOUS
10
1.415
20
0.8994127952755905
11
1.4149999606299213
21
0.8994132677165354
0
LINE
8
BLACK
6
CONTINUOUS
10
1.4149999606299213
20
0.8994132677165354
11
1.4147438582677165
21
0.901795
0
LINE
8
BLACK
6
CONTINUOUS
10
1.4147438582677165
20
0.901795
11
1.4127340157480315
21
0.9071836220472441
0
LINE
8
BLACK
6
CONTINUOUS
10
1.4127340157480315
20
0.9071836220472441
11
1.4127340157480315
21
0.9071836614173228
0
LINE
8
BLACK
6
CONTINUOUS
10
1.4127340157480315
20
0.9071836614173228
11
1.4092875590551182
21
0.9117875590551181
0
LINE
8
BLACK
6
CONTINUOUS
10
1.4092875590551182
20
0.9117875590551181
11
1.4046836614173228
21
0.9152340157480314
0
LINE
8
BLACK
6
CONTINUOUS
10
1.4046836614173228
20
0.9152340157480314
11
1.399295
21
0.9172438582677165
0
LINE
8
BLACK
6
CONTINUOUS
10
1.399295
20
0.9172438582677165
11
1.3969132677165355
21
0.9174999606299212
0
LINE
8
BLACK
6
CONTINUOUS
10
1.3969132677165355
20
0.9174999606299212
11
1.3969127952755904
21
0.9175
0
LINE
8
BLACK
6
CONTINUOUS
10
1.3969127952755904
20
0.9175
11
1.3875
21
0.9175
0
LINE
8
BLACK
6
CONTINUOUS
10
1.3875
20
0.9175
11
1.3875
21
0.8975
0
LINE
8
BLACK
6
CONTINUOUS
10
1.3875
20
0.8975
11
1.395
21
0.8975
0
LINE
8
BLACK
6
CONTINUOUS
10
1.395
20
0.8975
11
1.395
21
0.8425
0
LINE
8
BLACK
6
CONTINUOUS
10
1.395
20
0.8425
11
1.3599999999999999
21
0.8425
0
LINE
8
BLACK
6
CONTINUOUS
10
1.3599999999999999
20
0.8425
11
1.3599999999999999
21
0.8975
0
LINE
8
BLACK
6
CONTINUOUS
10
1.3599999999999999
20
0.8975
11
1.3674999999999999
21
0.8975
0
LINE
8
BLACK
6
CONTINUOUS
10
1.3674999999999999
20
0.8975
11
1.3674999999999999
21
0.9175
0
LINE
8
BLACK
6
CONTINUOUS
10
1.3674999999999999
20
0.9175
11
1.3580872047244095
21
0.9175
0
LINE
8
BLACK
6
CONTINUOUS
10
1.3580872047244095
20
0.9175
11
1.3580866929133859
21
0.9174999606299212
0
LINE
8
BLACK
6
CONTINUOUS
10
1.3580866929133859
20
0.9174999606299212
11
1.3557049606299212
21
0.9172438582677165
0
LINE
8
BLACK
6
CONTINUOUS
10
1.3557049606299212
20
0.9172438582677165
11
1.3503163385826771
21
0.9152340157480314
0
LINE
8
BLACK
6
CONTINUOUS
10
1.3503163385826771
20
0.9152340157480314
11
1.3503162992125983
21
0.9152340157480314
0
LINE
8
BLACK
6
CONTINUOUS
10
1.3503162992125983
20
0.9152340157480314
11
1.3457124015748032
21
0.9117875590551181
0
LINE
8
BLACK
6
CONTINUOUS
10
1.3457124015748032
20
0.9117875590551181
11
1.3439834645669291
21
0.9094779527559055
0
LINE
8
BLACK
6
CONTINUOUS
10
1.3439834645669291
20
0.9094779527559055
11
1.3417458267716535
21
0.907802874015748
0
LINE
8
BLACK
6
CONTINUOUS
10
1.3417458267716535
20
0.907802874015748
11
1.3389577952755904
21
0.9076035039370078
0
LINE
8
BLACK
6
CONTINUOUS
10
1.3389577952755904
20
0.9076035039370078
11
1.3365045669291338
21
0.9089430708661417
0
LINE
8
BLACK
6
CONTINUOUS
10
1.3365045669291338
20
0.9089430708661417
11
1.3360411023622047
21
0.9094779527559055
0
LINE
8
BLACK
6
CONTINUOUS
10
1.3360411023622047
20
0.9094779527559055
11
1.3343016141732282
21
0.9118016141732284
0
LINE
8
BLACK
6
CONTINUOUS
10
1.3343016141732282
20
0.9118016141732284
11
1.3296931889763779
21
0.9152514566929134
0
LINE
8
BLACK
6
CONTINUOUS
10
1.3296931889763779
20
0.9152514566929134
11
1.3296931496062991
21
0.9152514566929134
0
LINE
8
BLACK
6
CONTINUOUS
10
1.3296931496062991
20
0.9152514566929134
11
1.3296930708661416
21
0.9152515354330708
0
LINE
8
BLACK
6
CONTINUOUS
10
1.3296930708661416
20
0.9152515354330708
11
1.324299251968504
21
0.9172633464566929
0
LINE
8
BLACK
6
CONTINUOUS
10
1.324299251968504
20
0.9172633464566929
11
1.3242991732283464
21
0.9172633464566929
0
LINE
8
BLACK
6
CONTINUOUS
10
1.3242991732283464
20
0.9172633464566929
11
1.3242990551181102
21
0.9172633858267716
0
LINE
8
BLACK
6
CONTINUOUS
10
1.3242990551181102
20
0.9172633858267716
11
1.32191531496063
21
0.9175196456692913
0
LINE
8
BLACK
6
CONTINUOUS
10
1.32191531496063
20
0.9175196456692913
11
1.321915157480315
21
0.9175196456692913
0
LINE
8
BLACK
6
CONTINUOUS
10
1.321915157480315
20
0.9175196456692913
11
1.3219148818897637
21
0.9175196850393701
0
LINE
8
BLACK
6
CONTINUOUS
10
1.3219148818897637
20
0.9175196850393701
11
1.2830851181102363
21
0.9175196850393701
0
LINE
8
BLACK
6
CONTINUOUS
10
1.2830851181102363
20
0.9175196850393701
11
1.283084842519685
21
0.9175196456692913
0
LINE
8
BLACK
6
CONTINUOUS
10
1.283084842519685
20
0.9175196456692913
11
1.2830846456692913
21
0.9175196456692913
0
LINE
8
BLACK
6
CONTINUOUS
10
1.2830846456692913
20
0.9175196456692913
11
1.280700905511811
21
0.9172633858267716
0
LINE
8
BLACK
6
CONTINUOUS
10
1.280700905511811
20
0.9172633858267716
11
1.280700590551181
21
0.9172633070866142
0
LINE
8
BLACK
6
CONTINUOUS
10
1.280700590551181
20
0.9172633070866142
11
1.2776328740157481
21
0.9161190551181102
0
LINE
8
BLACK
6
CONTINUOUS
10
1.2776328740157481
20
0.9161190551181102
11
1.2753069291338583
21
0.9152515354330708
0
LINE
8
BLACK
6
CONTINUOUS
10
1.2753069291338583
20
0.9152515354330708
11
1.2753068503937008
21
0.9152514960629921
0
LINE
8
BLACK
6
CONTINUOUS
10
1.2753068503937008
20
0.9152514960629921
11
1.2753067716535433
21
0.9152514566929134
0
LINE
8
BLACK
6
CONTINUOUS
10
1.2753067716535433
20
0.9152514566929134
11
1.270698346456693
21
0.9118016141732284
0
LINE
8
BLACK
6
CONTINUOUS
10
1.270698346456693
20
0.9118016141732284
11
1.2672485039370078
21
0.9071931889763779
0
LINE
8
BLACK
6
CONTINUOUS
10
1.2672485039370078
20
0.9071931889763779
11
1.2672484251968503
21
0.9071929921259843
0
LINE
8
BLACK
6
CONTINUOUS
10
1.2672484251968503
20
0.9071929921259843
11
1.2652366535433071
21
0.9017993700787401
0
LINE
8
BLACK
6
CONTINUOUS
10
1.2652366535433071
20
0.9017993700787401
11
1.2652365748031495
21
0.9017990551181102
0
LINE
8
BLACK
6
CONTINUOUS
10
1.2652365748031495
20
0.9017990551181102
11
1.2649803149606298
21
0.8994153149606299
0
LINE
8
BLACK
6
CONTINUOUS
10
1.2649803149606298
20
0.8994153149606299
11
1.2649803149606298
21
0.8405846456692914
0
LINE
8
BLACK
6
CONTINUOUS
10
1.2649803149606298
20
0.8405846456692914
11
1.2652365748031495
21
0.838200905511811
0
LINE
8
BLACK
6
CONTINUOUS
10
1.2652365748031495
20
0.838200905511811
11
1.2652366535433071
21
0.8382005905511811
0
LINE
8
BLACK
6
CONTINUOUS
10
1.2652366535433071
20
0.8382005905511811
11
1.2672484251968503
21
0.832806968503937
0
LINE
8
BLACK
6
CONTINUOUS
10
1.2672484251968503
20
0.832806968503937
11
1.2672485039370078
21
0.8328067716535433
0
LINE
8
BLACK
6
CONTINUOUS
10
1.2672485039370078
20
0.8328067716535433
11
1.2706983858267715
21
0.8281983070866141
0
LINE
8
BLACK
6
CONTINUOUS
10
1.2706983858267715
20
0.8281983070866141
11
1.2730003543307087
21
0.8264750787401575
0
LINE
8
BLACK
6
CONTINUOUS
10
1.2730003543307087
20
0.8264750787401575
11
1.2746753937007873
21
0.8242374409448818
0
LINE
8
BLACK
6
CONTINUOUS
10
1.2746753937007873
20
0.8242374409448818
11
1.2748747637795275
21
0.8214494094488188
0
LINE
8
BLACK
6
CONTINUOUS
10
1.2748747637795275
20
0.8214494094488188
11
1.2739987007874016
21
0.8195311417322835
0
LINE
8
BLACK
6
CONTINUOUS
10
1.2739987007874016
20
0.8195311417322835
11
1.2722485039370079
21
0.8171931889763779
0
LINE
8
BLACK
6
CONTINUOUS
10
1.2722485039370079
20
0.8171931889763779
11
1.2722484251968504
21
0.8171929921259843
0
LINE
8
BLACK
6
CONTINUOUS
10
1.2722484251968504
20
0.8171929921259843
11
1.2702366535433069
21
0.8117993700787401
0
LINE
8
BLACK
6
CONTINUOUS
10
1.2702366535433069
20
0.8117993700787401
11
1.2702365748031497
21
0.8117990551181102
0
LINE
8
BLACK
6
CONTINUOUS
10
1.2702365748031497
20
0.8117990551181102
11
1.2699803149606299
21
0.8094153149606299
0
LINE
8
BLACK
6
CONTINUOUS
10
1.2699803149606299
20
0.8094153149606299
11
1.2699803149606299
21
0.7839826771653543
0
LINE
8
BLACK
6
CONTINUOUS
10
1.2699803149606299
20
0.7839826771653543
11
1.2691928346456693
21
0.7813007480314961
0
LINE
8
BLACK
6
CONTINUOUS
10
1.2691928346456693
20
0.7813007480314961
11
1.2685273622047244
21
0.780475
0
LINE
8
BLACK
6
CONTINUOUS
10
1.2685273622047244
20
0.780475
11
1.2584786220472441
21
0.7704262598425197
0
LINE
8
BLACK
6
CONTINUOUS
10
1.2584786220472441
20
0.7704262598425197
11
1.2582605118110235
21
0.770220905511811
0
LINE
8
BLACK
6
CONTINUOUS
10
1.2582605118110235
20
0.770220905511811
11
1.2572228740157481
21
0.7693016141732283
0
LINE
8
BLACK
6
CONTINUOUS
10
1.2572228740157481
20
0.7693016141732283
11
1.2564678346456692
21
0.7686327165354331
0
LINE
8
BLACK
6
CONTINUOUS
10
1.2564678346456692
20
0.7686327165354331
11
1.2551076377952755
21
0.7666622047244094
0
LINE
8
BLACK
6
CONTINUOUS
10
1.2551076377952755
20
0.7666622047244094
11
1.2549301574803149
21
0.7664209842519685
0
LINE
8
BLACK
6
CONTINUOUS
10
1.2549301574803149
20
0.7664209842519685
11
1.2534537401574803
21
0.7645364566929134
0
LINE
8
BLACK
6
CONTINUOUS
10
1.2534537401574803
20
0.7645364566929134
11
1.2534536614173228
21
0.7645362992125984
0
LINE
8
BLACK
6
CONTINUOUS
10
1.2534536614173228
20
0.7645362992125984
11
1.2532887795275591
21
0.7641700393700788
0
LINE
8
BLACK
6
CONTINUOUS
10
1.2532887795275591
20
0.7641700393700788
11
1.2528480708661418
21
0.7633885826771654
0
LINE
8
BLACK
6
CONTINUOUS
10
1.2528480708661418
20
0.7633885826771654
11
1.2526199212598426
21
0.7630580708661417
0
LINE
8
BLACK
6
CONTINUOUS
10
1.2526199212598426
20
0.7630580708661417
11
1.2526199212598426
21
0.763058031496063
0
LINE
8
BLACK
6
CONTINUOUS
10
1.2526199212598426
20
0.763058031496063
11
1.2517709842519684
21
0.7608197244094488
0
LINE
8
BLACK
6
CONTINUOUS
10
1.2517709842519684
20
0.7608197244094488
11
1.2516563779527559
21
0.7605430708661417
0
LINE
8
BLACK
6
CONTINUOUS
10
1.2516563779527559
20
0.7605430708661417
11
1.2506737007874016
21
0.7583595275590551
0
LINE
8
BLACK
6
CONTINUOUS
10
1.2506737007874016
20
0.7583595275590551
11
1.2506736614173228
21
0.7583594094488189
0
LINE
8
BLACK
6
CONTINUOUS
10
1.2506736614173228
20
0.7583594094488189
11
1.2506012204724408
21
0.7579641338582677
0
LINE
8
BLACK
6
CONTINUOUS
10
1.2506012204724408
20
0.7579641338582677
11
1.2503602362204724
21
0.757099842519685
0
LINE
8
BLACK
6
CONTINUOUS
10
1.2503602362204724
20
0.757099842519685
11
1.2502901181102362
21
0.7569148818897637
0
LINE
8
BLACK
6
CONTINUOUS
10
1.2502901181102362
20
0.7569148818897637
11
1.2502178740157479
21
0.7567243307086614
0
LINE
8
BLACK
6
CONTINUOUS
10
1.2502178740157479
20
0.7567243307086614
11
1.2502178346456692
21
0.7567241732283464
0
LINE
8
BLACK
6
CONTINUOUS
10
1.2502178346456692
20
0.7567241732283464
11
1.2499292913385827
21
0.7543477559055118
0
LINE
8
BLACK
6
CONTINUOUS
10
1.2499292913385827
20
0.7543477559055118
11
1.2498842125984251
21
0.7540515748031495
0
LINE
8
BLACK
6
CONTINUOUS
10
1.2498842125984251
20
0.7540515748031495
11
1.2494526771653542
21
0.7516966141732283
0
LINE
8
BLACK
6
CONTINUOUS
10
1.2494526771653542
20
0.7516966141732283
11
1.2495972440944882
21
0.7493066929133858
0
LINE
8
BLACK
6
CONTINUOUS
10
1.2495972440944882
20
0.7493066929133858
11
1.2496062992125985
21
0.7490071653543307
0
LINE
8
BLACK
6
CONTINUOUS
10
1.2496062992125985
20
0.7490071653543307
11
1.2496062992125985
21
0.7322101181102362
0
LINE
8
BLACK
6
CONTINUOUS
10
1.2496062992125985
20
0.7322101181102362
11
1.2488188188976377
21
0.7295281889763779
0
LINE
8
BLACK
6
CONTINUOUS
10
1.2488188188976377
20
0.7295281889763779
11
1.2476185433070865
21
0.7282390157480315
0
LINE
8
BLACK
6
CONTINUOUS
10
1.2476185433070865
20
0.7282390157480315
11
1.2456983858267716
21
0.7268016141732283
0
LINE
8
BLACK
6
CONTINUOUS
10
1.2456983858267716
20
0.7268016141732283
11
1.2456983464566929
21
0.7268015748031496
0
LINE
8
BLACK
6
CONTINUOUS
10
1.2456983464566929
20
0.7268015748031496
11
1.2422485039370079
21
0.722193188976378
0
LINE
8
BLACK
6
CONTINUOUS
10
1.2422485039370079
20
0.722193188976378
11
1.2422484251968504
21
0.7221929921259842
0
LINE
8
BLACK
6
CONTINUOUS
10
1.2422484251968504
20
0.7221929921259842
11
1.2402366535433071
21
0.7167993700787402
0
LINE
8
BLACK
6
CONTINUOUS
10
1.2402366535433071
20
0.7167993700787402
11
1.2402365748031496
21
0.7167990551181103
0
LINE
8
BLACK
6
CONTINUOUS
10
1.2402365748031496
20
0.7167990551181103
11
1.2399803149606299
21
0.7144153149606299
0
LINE
8
BLACK
6
CONTINUOUS
10
1.2399803149606299
20
0.7144153149606299
11
1.2399803149606299
21
0.6555846456692913
0
LINE
8
BLACK
6
CONTINUOUS
10
1.2399803149606299
20
0.6555846456692913
11
1.2402365748031496
21
0.653200905511811
0
LINE
8
BLACK
6
CONTINUOUS
10
1.2402365748031496
20
0.653200905511811
11
1.2402366535433071
21
0.6532005905511811
0
LINE
8
BLACK
6
CONTINUOUS
10
1.2402366535433071
20
0.6532005905511811
11
1.2422484251968504
21
0.647806968503937
0
LINE
8
BLACK
6
CONTINUOUS
10
1.2422484251968504
20
0.647806968503937
11
1.2422485039370079
21
0.6478067716535433
0
LINE
8
BLACK
6
CONTINUOUS
10
1.2422485039370079
20
0.6478067716535433
11
1.2456983464566929
21
0.6431983464566929
0
LINE
8
BLACK
6
CONTINUOUS
10
1.2456983464566929
20
0.6431983464566929
11
1.2476185039370078
21
0.6417609448818897
0
LINE
8
BLACK
6
CONTINUOUS
10
1.2476185039370078
20
0.6417609448818897
11
1.2492935433070866
21
0.6395233070866142
0
LINE
8
BLACK
6
CONTINUOUS
10
1.2492935433070866
20
0.6395233070866142
11
1.2496062992125985
21
0.6377898031496063
0
LINE
8
BLACK
6
CONTINUOUS
10
1.2496062992125985
20
0.6377898031496063
11
1.2496062992125985
21
0.6028606299212599
0
LINE
8
BLACK
6
CONTINUOUS
10
1.2496062992125985
20
0.6028606299212599
11
1.2488188188976377
21
0.6001787007874015
0
LINE
8
BLACK
6
CONTINUOUS
10
1.2488188188976377
20
0.6001787007874015
11
1.248153346456693
21
0.5993529527559055
0
LINE
8
BLACK
6
CONTINUOUS
10
1.248153346456693
20
0.5993529527559055
11
1.2395214566929134
21
0.590721062992126
0
LINE
8
BLACK
6
CONTINUOUS
10
1.2395214566929134
20
0.590721062992126
11
1.2370682283464567
21
0.5893814566929134
0
LINE
8
BLACK
6
CONTINUOUS
10
1.2370682283464567
20
0.5893814566929134
11
1.2342802362204723
21
0.5895808661417322
0
LINE
8
BLACK
6
CONTINUOUS
10
1.2342802362204723
20
0.5895808661417322
11
1.2321792125984252
21
0.5910816929133859
0
LINE
8
BLACK
6
CONTINUOUS
10
1.2321792125984252
20
0.5910816929133859
11
1.228258779527559
21
0.5958587795275591
0
LINE
8
BLACK
6
CONTINUOUS
10
1.228258779527559
20
0.5958587795275591
11
1.2225456692913386
21
0.6005474015748031
0
LINE
8
BLACK
6
CONTINUOUS
10
1.2225456692913386
20
0.6005474015748031
11
1.2160276377952757
21
0.6040313779527559
0
LINE
8
BLACK
6
CONTINUOUS
10
1.2160276377952757
20
0.6040313779527559
11
1.211125157480315
21
0.6055184645669291
0
LINE
8
BLACK
6
CONTINUOUS
10
1.211125157480315
20
0.6055184645669291
11
1.209057559055118
21
0.6067577559055118
0
LINE
8
BLACK
6
CONTINUOUS
10
1.209057559055118
20
0.6067577559055118
11
1.1970436614173228
21
0.6187717716535432
0
LINE
8
BLACK
6
CONTINUOUS
10
1.1970436614173228
20
0.6187717716535432
11
1.1957716929133857
21
0.6200437401574803
0
LINE
8
BLACK
6
CONTINUOUS
10
1.1957716929133857
20
0.6200437401574803
11
1.1944844488188977
21
0.6208525196850394
0
LINE
8
BLACK
6
CONTINUOUS
10
1.1944844488188977
20
0.6208525196850394
11
1.1940307086614173
21
0.6211744488188976
0
LINE
8
BLACK
6
CONTINUOUS
10
1.1940307086614173
20
0.6211744488188976
11
1.1928421259842519
21
0.6221224015748031
0
LINE
8
BLACK
6
CONTINUOUS
10
1.1928421259842519
20
0.6221224015748031
11
1.1914723228346455
21
0.6227820078740157
0
LINE
8
BLACK
6
CONTINUOUS
10
1.1914723228346455
20
0.6227820078740157
11
1.190985748031496
21
0.623050905511811
0
LINE
8
BLACK
6
CONTINUOUS
10
1.190985748031496
20
0.623050905511811
11
1.1896982283464568
21
0.6238599606299212
0
LINE
8
BLACK
6
CONTINUOUS
10
1.1896982283464568
20
0.6238599606299212
11
1.1882632283464567
21
0.6243620078740157
0
LINE
8
BLACK
6
CONTINUOUS
10
1.1882632283464567
20
0.6243620078740157
11
1.1877496456692913
21
0.6245747244094488
0
LINE
8
BLACK
6
CONTINUOUS
10
1.1877496456692913
20
0.6245747244094488
11
1.1863795275590552
21
0.6252346062992126
0
LINE
8
BLACK
6
CONTINUOUS
10
1.1863795275590552
20
0.6252346062992126
11
1.1848970866141733
21
0.6255729133858268
0
LINE
8
BLACK
6
CONTINUOUS
10
1.1848970866141733
20
0.6255729133858268
11
1.1843630314960629
21
0.6257267716535433
0
LINE
8
BLACK
6
CONTINUOUS
10
1.1843630314960629
20
0.6257267716535433
11
1.1829278346456693
21
0.6262290157480315
0
LINE
8
BLACK
6
CONTINUOUS
10
1.1829278346456693
20
0.6262290157480315
11
1.1814166141732283
21
0.6263992519685039
0
LINE
8
BLACK
6
CONTINUOUS
10
1.1814166141732283
20
0.6263992519685039
11
1.1808696062992126
21
0.626492125984252
0
LINE
8
BLACK
6
CONTINUOUS
10
1.1808696062992126
20
0.626492125984252
11
1.1793864960629921
21
0.6268307086614173
0
LINE
8
BLACK
6
CONTINUOUS
10
1.1793864960629921
20
0.6268307086614173
11
1.1793863385826771
21
0.6268307086614173
0
LINE
8
BLACK
6
CONTINUOUS
10
1.1793863385826771
20
0.6268307086614173
11
1.1602394488188976
21
0.6268307086614173
0
LINE
8
BLACK
6
CONTINUOUS
10
1.1602394488188976
20
0.6268307086614173
11
1.1575575196850394
21
0.6276181889763779
0
LINE
8
BLACK
6
CONTINUOUS
10
1.1575575196850394
20
0.6276181889763779
11
1.1567317716535432
21
0.6282836614173228
0
LINE
8
BLACK
6
CONTINUOUS
10
1.1567317716535432
20
0.6282836614173228
11
1.1434837401574802
21
0.6415316929133859
0
LINE
8
BLACK
6
CONTINUOUS
10
1.1434837401574802
20
0.6415316929133859
11
1.1421441338582676
21
0.6439849212598425
0
LINE
8
BLACK
6
CONTINUOUS
10
1.1421441338582676
20
0.6439849212598425
11
1.1423435433070865
21
0.6467729133858268
0
LINE
8
BLACK
6
CONTINUOUS
10
1.1423435433070865
20
0.6467729133858268
11
1.1440186220472441
21
0.6490105511811024
0
LINE
8
BLACK
6
CONTINUOUS
10
1.1440186220472441
20
0.6490105511811024
11
1.1466375196850394
21
0.6499873622047244
0
LINE
8
BLACK
6
CONTINUOUS
10
1.1466375196850394
20
0.6499873622047244
11
1.1469914173228346
21
0.65
0
LINE
8
BLACK
6
CONTINUOUS
10
1.1469914173228346
20
0.65
11
1.1499999999999999
21
0.65
0
LINE
8
BLACK
6
CONTINUOUS
10
1.1499999999999999
20
0.65
11
1.1499999999999999
21
0.7643977165354331
0
LINE
8
BLACK
6
CONTINUOUS
10
1.1499999999999999
20
0.7643977165354331
11
1.1507874803149607
21
0.7670796456692913
0
LINE
8
BLACK
6
CONTINUOUS
10
1.1507874803149607
20
0.7670796456692913
11
1.1526697637795276
21
0.7687976771653543
0
LINE
8
BLACK
6
CONTINUOUS
10
1.1526697637795276
20
0.7687976771653543
11
1.1528174015748032
21
0.7688745275590551
0
LINE
8
BLACK
6
CONTINUOUS
10
1.1528174015748032
20
0.7688745275590551
11
1.1528176377952755
21
0.7688746850393701
0
LINE
8
BLACK
6
CONTINUOUS
10
1.1528176377952755
20
0.7688746850393701
11
1.1528179527559055
21
0.7688748425196851
0
LINE
8
BLACK
6
CONTINUOUS
10
1.1528179527559055
20
0.7688748425196851
11
1.1620609842519685
21
0.7747633070866141
0
LINE
8
BLACK
6
CONTINUOUS
10
1.1620609842519685
20
0.7747633070866141
11
1.1680359448818898
21
0.7785697637795276
0
LINE
8
BLACK
6
CONTINUOUS
10
1.1680359448818898
20
0.7785697637795276
11
1.1698742519685039
21
0.7799803149606299
0
LINE
8
BLACK
6
CONTINUOUS
10
1.1698742519685039
20
0.7799803149606299
11
1.1793462992125985
21
0.7872484645669291
0
LINE
8
BLACK
6
CONTINUOUS
10
1.1793462992125985
20
0.7872484645669291
11
1.1823513385826772
21
0.7895542913385827
0
LINE
8
BLACK
6
CONTINUOUS
10
1.1823513385826772
20
0.7895542913385827
11
1.1823514173228347
21
0.7895543700787402
0
LINE
8
BLACK
6
CONTINUOUS
10
1.1823514173228347
20
0.7895543700787402
11
1.1823515748031497
21
0.7895544881889763
0
LINE
8
BLACK
6
CONTINUOUS
10
1.1823515748031497
20
0.7895544881889763
11
1.1956550787401574
21
0.8017449212598425
0
LINE
8
BLACK
6
CONTINUOUS
10
1.1956550787401574
20
0.8017449212598425
11
1.2078455118110236
21
0.8150484251968504
0
LINE
8
BLACK
6
CONTINUOUS
10
1.2078455118110236
20
0.8150484251968504
11
1.2188300393700786
21
0.829363779527559
0
LINE
8
BLACK
6
CONTINUOUS
10
1.2188300393700786
20
0.829363779527559
11
1.2285251574803149
21
0.8445820472440945
0
LINE
8
BLACK
6
CONTINUOUS
10
1.2285251574803149
20
0.8445820472440945
11
1.2302565748031495
21
0.8479080708661417
0
LINE
8
BLACK
6
CONTINUOUS
10
1.2302565748031495
20
0.8479080708661417
11
1.2368568897637795
21
0.8605870472440945
0
LINE
8
BLACK
6
CONTINUOUS
10
1.2368568897637795
20
0.8605870472440945
11
1.2416871653543307
21
0.8722484645669291
0
LINE
8
BLACK
6
CONTINUOUS
10
1.2416871653543307
20
0.8722484645669291
11
1.2437621653543307
21
0.8772579527559055
0
LINE
8
BLACK
6
CONTINUOUS
10
1.2437621653543307
20
0.8772579527559055
11
1.2491881496062991
21
0.8944669291338583
0
LINE
8
BLACK
6
CONTINUOUS
10
1.2491881496062991
20
0.8944669291338583
11
1.2530936220472442
21
0.9120833070866141
0
LINE
8
BLACK
6
CONTINUOUS
10
1.2530936220472442
20
0.9120833070866141
11
1.2554488188976378
21
0.9299730708661417
0
LINE
8
BLACK
6
CONTINUOUS
10
1.2554488188976378
20
0.9299730708661417
11
1.2561788976377952
21
0.9466941732283465
0
LINE
8
BLACK
6
CONTINUOUS
10
1.2561788976377952
20
0.9466941732283465
11
1.2562359055118111
21
0.9479999212598424
0
LINE
8
BLACK
6
CONTINUOUS
10
1.2562359055118111
20
0.9479999212598424
11
1.2562359055118111
21
0.9480000393700787
0
LINE
8
BLACK
6
CONTINUOUS
10
1.2562359055118111
20
0.9480000393700787
11
1.2559168897637796
21
0.9553069291338583
0
LINE
8
BLACK
6
CONTINUOUS
10
1.2559168897637796
20
0.9553069291338583
11
1.2554488188976378
21
0.9660269291338582
0
LINE
8
BLACK
6
CONTINUOUS
10
1.2554488188976378
20
0.9660269291338582
11
1.2530936220472442
21
0.9839166929133858
0
LINE
8
BLACK
6
CONTINUOUS
10
1.2530936220472442
20
0.9839166929133858
11
1.2491881496062991
21
1.0015330708661416
0
LINE
8
BLACK
6
CONTINUOUS
10
1.2491881496062991
20
1.0015330708661416
11
1.2437621653543307
21
1.0187420472440945
0
LINE
8
BLACK
6
CONTINUOUS
10
1.2437621653543307
20
1.0187420472440945
11
1.2368570078740158
21
1.0354126377952755
0
LINE
8
BLACK
6
CONTINUOUS
10
1.2368570078740158
20
1.0354126377952755
11
1.236856968503937
21
1.0354126377952755
0
LINE
8
BLACK
6
CONTINUOUS
10
1.236856968503937
20
1.0354126377952755
11
1.2368568897637795
21
1.0354129133858267
0
LINE
8
BLACK
6
CONTINUOUS
10
1.2368568897637795
20
1.0354129133858267
11
1.2285255118110237
21
1.0514172440944882
0
LINE
8
BLACK
6
CONTINUOUS
10
1.2285255118110237
20
1.0514172440944882
11
1.2285251574803149
21
1.0514179527559055
0
LINE
8
BLACK
6
CONTINUOUS
10
1.2285251574803149
20
1.0514179527559055
11
1.2188300393700786
21
1.0666362204724409
0
LINE
8
BLACK
6
CONTINUOUS
10
1.2188300393700786
20
1.0666362204724409
11
1.2078455118110236
21
1.0809515748031495
0
LINE
8
BLACK
6
CONTINUOUS
10
1.2078455118110236
20
1.0809515748031495
11
1.1956550787401574
21
1.0942550787401575
0
LINE
8
BLACK
6
CONTINUOUS
10
1.1956550787401574
20
1.0942550787401575
11
1.1823515748031497
21
1.1064455118110237
0
LINE
8
BLACK
6
CONTINUOUS
10
1.1823515748031497
20
1.1064455118110237
11
1.1680362204724408
21
1.1174300393700787
0
LINE
8
BLACK
6
CONTINUOUS
10
1.1680362204724408
20
1.1174300393700787
11
1.1528179527559055
21
1.1271251574803149
0
LINE
8
BLACK
6
CONTINUOUS
10
1.1528179527559055
20
1.1271251574803149
11
1.1469750393700786
21
1.1301667716535433
0
LINE
8
BLACK
6
CONTINUOUS
10
1.1469750393700786
20
1.1301667716535433
11
1.1368129133858267
21
1.1354568897637796
0
LINE
8
BLACK
6
CONTINUOUS
10
1.1368129133858267
20
1.1354568897637796
11
1.1368126377952756
21
1.1354570078740158
0
LINE
8
BLACK
6
CONTINUOUS
10
1.1368126377952756
20
1.1354570078740158
11
1.1201420472440944
21
1.1423621653543308
0
LINE
8
BLACK
6
CONTINUOUS
10
1.1201420472440944
20
1.1423621653543308
11
1.1029330708661418
21
1.1477881496062992
0
LINE
8
BLACK
6
CONTINUOUS
10
1.1029330708661418
20
1.1477881496062992
11
1.0853166929133857
21
1.151693622047244
0
LINE
8
BLACK
6
CONTINUOUS
10
1.0853166929133857
20
1.151693622047244
11
1.0674269291338583
21
1.1540488188976377
0
LINE
8
BLACK
6
CONTINUOUS
10
1.0674269291338583
20
1.1540488188976377
11
1.0530053543307087
21
1.154678464566929
0
LINE
8
BLACK
6
CONTINUOUS
10
1.0530053543307087
20
1.154678464566929
11
1.0494000393700786
21
1.1548359055118109
0
LINE
8
BLACK
6
CONTINUOUS
10
1.0494000393700786
20
1.1548359055118109
11
1.0493999606299211
21
1.1548359055118109
0
LINE
8
BLACK
6
CONTINUOUS
10
1.0493999606299211
20
1.1548359055118109
11
1.0448932677165355
21
1.1546391338582678
0
LINE
8
BLACK
6
CONTINUOUS
10
1.0448932677165355
20
1.1546391338582678
11
1.0313730708661417
21
1.1540488188976377
0
LINE
8
BLACK
6
CONTINUOUS
10
1.0313730708661417
20
1.1540488188976377
11
1.013483307086614
21
1.151693622047244
0
LINE
8
BLACK
6
CONTINUOUS
10
1.013483307086614
20
1.151693622047244
11
0.9958669291338582
21
1.1477881496062992
0
LINE
8
BLACK
6
CONTINUOUS
10
0.9958669291338582
20
1.1477881496062992
11
0.9786579527559055
21
1.1423621653543308
0
LINE
8
BLACK
6
CONTINUOUS
10
0.9786579527559055
20
1.1423621653543308
11
0.9668696062992126
21
1.1374792913385827
0
LINE
8
BLACK
6
CONTINUOUS
10
0.9668696062992126
20
1.1374792913385827
11
0.9619870472440945
21
1.1354568897637796
0
LINE
8
BLACK
6
CONTINUOUS
10
0.9619870472440945
20
1.1354568897637796
11
0.9459827165354331
21
1.1271255118110235
0
LINE
8
BLACK
6
CONTINUOUS
10
0.9459827165354331
20
1.1271255118110235
11
0.9459820472440945
21
1.1271251574803149
0
LINE
8
BLACK
6
CONTINUOUS
10
0.9459820472440945
20
1.1271251574803149
11
0.9307637795275591
21
1.1174300393700787
0
LINE
8
BLACK
6
CONTINUOUS
10
0.9307637795275591
20
1.1174300393700787
11
0.9164484251968503
21
1.1064455118110237
0
LINE
8
BLACK
6
CONTINUOUS
10
0.9164484251968503
20
1.1064455118110237
11
0.9031449212598425
21
1.0942550787401575
0
LINE
8
BLACK
6
CONTINUOUS
10
0.9031449212598425
20
1.0942550787401575
11
0.8909544881889764
21
1.0809515748031495
0
LINE
8
BLACK
6
CONTINUOUS
10
0.8909544881889764
20
1.0809515748031495
11
0.8909543700787401
21
1.0809514173228347
0
LINE
8
BLACK
6
CONTINUOUS
10
0.8909543700787401
20
1.0809514173228347
11
0.8909542913385826
21
1.0809513385826772
0
LINE
8
BLACK
6
CONTINUOUS
10
0.8909542913385826
20
1.0809513385826772
11
0.8799697637795275
21
1.0666359448818898
0
LINE
8
BLACK
6
CONTINUOUS
10
0.8799697637795275
20
1.0666359448818898
11
0.8755198031496063
21
1.0596509055118111
0
LINE
8
BLACK
6
CONTINUOUS
10
0.8755198031496063
20
1.0596509055118111
11
0.870274842519685
21
1.0514179527559055
0
LINE
8
BLACK
6
CONTINUOUS
10
0.870274842519685
20
1.0514179527559055
11
0.8702746456692914
21
1.0514175984251968
0
LINE
8
BLACK
6
CONTINUOUS
10
0.8702746456692914
20
1.0514175984251968
11
0.8702744488188976
21
1.0514172440944882
0
LINE
8
BLACK
6
CONTINUOUS
10
0.8702744488188976
20
1.0514172440944882
11
0.8619430708661417
21
1.0354129133858267
0
LINE
8
BLACK
6
CONTINUOUS
10
0.8619430708661417
20
1.0354129133858267
11
0.8579250393700787
21
1.0257124015748031
0
LINE
8
BLACK
6
CONTINUOUS
10
0.8579250393700787
20
1.0257124015748031
11
0.8551272047244094
21
1.0189577559055119
0
LINE
8
BLACK
6
CONTINUOUS
10
0.8551272047244094
20
1.0189577559055119
11
0.855037874015748
21
1.018742125984252
0
LINE
8
BLACK
6
CONTINUOUS
10
0.855037874015748
20
1.018742125984252
11
0.8550375590551181
21
1.0187412598425196
0
LINE
8
BLACK
6
CONTINUOUS
10
0.8550375590551181
20
1.0187412598425196
11
0.8496119291338583
21
1.0015333858267716
0
LINE
8
BLACK
6
CONTINUOUS
10
0.8496119291338583
20
1.0015333858267716
11
0.8496117716535433
21
1.0015327559055118
0
LINE
8
BLACK
6
CONTINUOUS
10
0.8496117716535433
20
1.0015327559055118
11
0.8457064173228346
21
0.9839168897637796
0
LINE
8
BLACK
6
CONTINUOUS
10
0.8457064173228346
20
0.9839168897637796
11
0.8457063385826772
21
0.9839165354330709
0
LINE
8
BLACK
6
CONTINUOUS
10
0.8457063385826772
20
0.9839165354330709
11
0.8433511811023622
21
0.9660272047244094
0
LINE
8
BLACK
6
CONTINUOUS
10
0.8433511811023622
20
0.9660272047244094
11
0.8433511417322834
21
0.9660267716535433
0
LINE
8
BLACK
6
CONTINUOUS
10
0.8433511417322834
20
0.9660267716535433
11
0.8425640944881889
21
0.9480000393700787
0
LINE
8
BLACK
6
CONTINUOUS
10
0.8425640944881889
20
0.9480000393700787
11
0.8425640944881889
21
0.9479999212598424
0
LINE
8
BLACK
6
CONTINUOUS
10
0.8425640944881889
20
0.9479999212598424
11
0.8430112992125984
21
0.9377574803149606
0
LINE
8
BLACK
6
CONTINUOUS
10
0.8430112992125984
20
0.9377574803149606
11
0.8423415354330709
21
0.935043779527559
0
LINE
8
BLACK
6
CONTINUOUS
10
0.8423415354330709
20
0.935043779527559
11
0.8403109842519685
21
0.9331229527559055
0
LINE
8
BLACK
6
CONTINUOUS
10
0.8403109842519685
20
0.9331229527559055
11
0.8375642913385827
21
0.932604842519685
0
LINE
8
BLACK
6
CONTINUOUS
10
0.8375642913385827
20
0.932604842519685
11
0.8360733858267716
21
0.9329936220472441
0
LINE
8
BLACK
6
CONTINUOUS
10
0.8360733858267716
20
0.9329936220472441
11
0.82
21
0.9399999999999999
0
LINE
8
BLACK
6
CONTINUOUS
10
0.82
20
0.9399999999999999
11
0.8199999606299212
21
0.9399999999999999
0
LINE
8
BLACK
6
CONTINUOUS
10
0.8199999606299212
20
0.9399999999999999
11
0.7924145669291338
21
0.9399999999999999
0
LINE
8
BLACK
6
CONTINUOUS
10
0.7924145669291338
20
0.9399999999999999
11
0.7897326377952756
21
0.9407874803149606
0
LINE
8
BLACK
6
CONTINUOUS
10
0.7897326377952756
20
0.9407874803149606
11
0.7879022047244094
21
0.9428999212598425
0
LINE
8
BLACK
6
CONTINUOUS
10
0.7879022047244094
20
0.9428999212598425
11
0.7875044094488188
21
0.9456666141732283
0
LINE
8
BLACK
6
CONTINUOUS
10
0.7875044094488188
20
0.9456666141732283
11
0.7886655905511811
21
0.9482091338582677
0
LINE
8
BLACK
6
CONTINUOUS
10
0.7886655905511811
20
0.9482091338582677
11
0.7894417716535432
21
0.948931811023622
0
LINE
8
BLACK
6
CONTINUOUS
10
0.7894417716535432
20
0.948931811023622
11
0.7918016141732284
21
0.9506983464566929
0
LINE
8
BLACK
6
CONTINUOUS
10
0.7918016141732284
20
0.9506983464566929
11
0.7952514566929134
21
0.9553067716535433
0
LINE
8
BLACK
6
CONTINUOUS
10
0.7952514566929134
20
0.9553067716535433
11
0.7952515354330708
21
0.955306968503937
0
LINE
8
BLACK
6
CONTINUOUS
10
0.7952515354330708
20
0.955306968503937
11
0.7972633070866142
21
0.9607005905511811
0
LINE
8
BLACK
6
CONTINUOUS
10
0.7972633070866142
20
0.9607005905511811
11
0.7972633858267716
21
0.960700905511811
0
LINE
8
BLACK
6
CONTINUOUS
10
0.7972633858267716
20
0.960700905511811
11
0.7975196456692913
21
0.9630846456692913
0
LINE
8
BLACK
6
CONTINUOUS
10
0.7975196456692913
20
0.9630846456692913
11
0.7975196850393701
21
0.9630853149606299
0
LINE
8
BLACK
6
CONTINUOUS
10
0.7975196850393701
20
0.9630853149606299
11
0.7975196850393701
21
1.0019146456692913
0
LINE
8
BLACK
6
CONTINUOUS
10
0.7975196850393701
20
1.0019146456692913
11
0.7975196456692913
21
1.0019153149606299
0
LINE
8
BLACK
6
CONTINUOUS
10
0.7975196456692913
20
1.0019153149606299
11
0.7972633858267716
21
1.0042990551181101
0
LINE
8
BLACK
6
CONTINUOUS
10
0.7972633858267716
20
1.0042990551181101
11
0.7972633070866142
21
1.0042993700787402
0
LINE
8
BLACK
6
CONTINUOUS
10
0.7972633070866142
20
1.0042993700787402
11
0.7969866141732284
21
1.0050411417322835
0
LINE
8
BLACK
6
CONTINUOUS
10
0.7969866141732284
20
1.0050411417322835
11
0.7952515354330708
21
1.0096930708661418
0
LINE
8
BLACK
6
CONTINUOUS
10
0.7952515354330708
20
1.0096930708661418
11
0.7918016141732284
21
1.0143016141732284
0
LINE
8
BLACK
6
CONTINUOUS
10
0.7918016141732284
20
1.0143016141732284
11
0.7917458661417323
21
1.0143433464566929
0
LINE
8
BLACK
6
CONTINUOUS
10
0.7917458661417323
20
1.0143433464566929
11
0.7894779527559055
21
1.0160411023622047
0
LINE
8
BLACK
6
CONTINUOUS
10
0.7894779527559055
20
1.0160411023622047
11
0.787802874015748
21
1.0182787401574802
0
LINE
8
BLACK
6
CONTINUOUS
10
0.787802874015748
20
1.0182787401574802
11
0.7876035039370078
21
1.0210667322834646
0
LINE
8
BLACK
6
CONTINUOUS
10
0.7876035039370078
20
1.0210667322834646
11
0.7889430708661417
21
1.02352
0
LINE
8
BLACK
6
CONTINUOUS
10
0.7889430708661417
20
1.02352
11
0.7894779527559055
21
1.023983464566929
0
LINE
8
BLACK
6
CONTINUOUS
10
0.7894779527559055
20
1.023983464566929
11
0.7917875590551181
21
1.0257124015748031
0
LINE
8
BLACK
6
CONTINUOUS
10
0.7917875590551181
20
1.0257124015748031
11
0.7952340157480314
21
1.0303162992125985
0
LINE
8
BLACK
6
CONTINUOUS
10
0.7952340157480314
20
1.0303162992125985
11
0.7952340157480314
21
1.0303163385826772
0
LINE
8
BLACK
6
CONTINUOUS
10
0.7952340157480314
20
1.0303163385826772
11
0.7972438582677165
21
1.0357049606299213
0
LINE
8
BLACK
6
CONTINUOUS
10
0.7972438582677165
20
1.0357049606299213
11
0.7974999606299212
21
1.0380866929133858
0
LINE
8
BLACK
6
CONTINUOUS
10
0.7974999606299212
20
1.0380866929133858
11
0.7975
21
1.0380871653543307
0
LINE
8
BLACK
6
CONTINUOUS
10
0.7975
20
1.0380871653543307
11
0.7975
21
1.0474999999999999
0
LINE
8
BLACK
6
CONTINUOUS
10
0.7975
20
1.0474999999999999
11
0.7775
21
1.0474999999999999
0
LINE
8
BLACK
6
CONTINUOUS
10
0.7775
20
1.0474999999999999
11
0.7775
21
1.04
0
LINE
8
BLACK
6
CONTINUOUS
10
0.7775
20
1.04
11
0.7225
21
1.04
0
LINE
8
BLACK
6
CONTINUOUS
10
0.7225
20
1.04
11
0.7225
21
1.0474999999999999
0
LINE
8
BLACK
6
CONTINUOUS
10
0.7225
20
1.0474999999999999
11
0.7025
21
1.0474999999999999
0
LINE
8
BLACK
6
CONTINUOUS
10
0.7025
20
1.0474999999999999
11
0.7025
21
1.0380866929133858
0
LINE
8
BLACK
6
CONTINUOUS
10
0.7025
20
1.0380866929133858
11
0.7027561023622048
21
1.0357049606299213
0
LINE
8
BLACK
6
CONTINUOUS
10
0.7027561023622048
20
1.0357049606299213
11
0.7047659448818897
21
1.0303163385826772
0
LINE
8
BLACK
6
CONTINUOUS
10
0.7047659448818897
20
1.0303163385826772
11
0.7047659448818897
21
1.0303162992125985
0
LINE
8
BLACK
6
CONTINUOUS
10
0.7047659448818897
20
1.0303162992125985
11
0.7082124409448819
21
1.0257124015748031
0
LINE
8
BLACK
6
CONTINUOUS
10
0.7082124409448819
20
1.0257124015748031
11
0.7105220472440945
21
1.0239834251968503
0
LINE
8
BLACK
6
CONTINUOUS
10
0.7105220472440945
20
1.0239834251968503
11
0.7121970866141732
21
1.0217457874015747
0
LINE
8
BLACK
6
CONTINUOUS
10
0.7121970866141732
20
1.0217457874015747
11
0.7123964566929134
21
1.0189577559055119
0
LINE
8
BLACK
6
CONTINUOUS
10
0.7123964566929134
20
1.0189577559055119
11
0.7110568897637796
21
1.0165045669291339
0
LINE
8
BLACK
6
CONTINUOUS
10
0.7110568897637796
20
1.0165045669291339
11
0.7105220866141733
21
1.0160411417322834
0
LINE
8
BLACK
6
CONTINUOUS
10
0.7105220866141733
20
1.0160411417322834
11
0.7095590551181102
21
1.0153201968503938
0
LINE
8
BLACK
6
CONTINUOUS
10
0.7095590551181102
20
1.0153201968503938
11
0.7069401574803149
21
1.0143433464566929
0
LINE
8
BLACK
6
CONTINUOUS
10
0.7069401574803149
20
1.0143433464566929
11
0.7065861811023622
21
1.0143307086614173
0
LINE
8
BLACK
6
CONTINUOUS
10
0.7065861811023622
20
1.0143307086614173
11
0.6934138188976378
21
1.0143307086614173
0
LINE
8
BLACK
6
CONTINUOUS
10
0.6934138188976378
20
1.0143307086614173
11
0.6907318897637795
21
1.0151181889763778
0
LINE
8
BLACK
6
CONTINUOUS
10
0.6907318897637795
20
1.0151181889763778
11
0.6904410236220472
21
1.015320157480315
0
LINE
8
BLACK
6
CONTINUOUS
10
0.6904410236220472
20
1.015320157480315
11
0.6871931889763779
21
1.0177514566929133
0
LINE
8
BLACK
6
CONTINUOUS
10
0.6871931889763779
20
1.0177514566929133
11
0.6871931496062992
21
1.0177514566929133
0
LINE
8
BLACK
6
CONTINUOUS
10
0.6871931496062992
20
1.0177514566929133
11
0.6871930708661417
21
1.0177515354330708
0
LINE
8
BLACK
6
CONTINUOUS
10
0.6871930708661417
20
1.0177515354330708
11
0.6817992519685039
21
1.0197633464566929
0
LINE
8
BLACK
6
CONTINUOUS
10
0.6817992519685039
20
1.0197633464566929
11
0.6817991732283465
21
1.0197633464566929
0
LINE
8
BLACK
6
CONTINUOUS
10
0.6817991732283465
20
1.0197633464566929
11
0.6817990551181102
21
1.0197633858267716
0
LINE
8
BLACK
6
CONTINUOUS
10
0.6817990551181102
20
1.0197633858267716
11
0.6794153149606299
21
1.0200196456692914
0
LINE
8
BLACK
6
CONTINUOUS
10
0.6794153149606299
20
1.0200196456692914
11
0.6794151574803149
21
1.0200196456692914
0
LINE
8
BLACK
6
CONTINUOUS
10
0.6794151574803149
20
1.0200196456692914
11
0.6794148818897637
21
1.0200196850393701
0
LINE
8
BLACK
6
CONTINUOUS
10
0.6794148818897637
20
1.0200196850393701
11
0.6205851181102362
21
1.0200196850393701
0
LINE
8
BLACK
6
CONTINUOUS
10
0.6205851181102362
20
1.0200196850393701
11
0.620584842519685
21
1.0200196456692914
0
LINE
8
BLACK
6
CONTINUOUS
10
0.620584842519685
20
1.0200196456692914
11
0.6205846456692913
21
1.0200196456692914
0
LINE
8
BLACK
6
CONTINUOUS
10
0.6205846456692913
20
1.0200196456692914
11
0.6182009055118111
21
1.0197633858267716
0
LINE
8
BLACK
6
CONTINUOUS
10
0.6182009055118111
20
1.0197633858267716
11
0.618200590551181
21
1.0197633070866141
0
LINE
8
BLACK
6
CONTINUOUS
10
0.618200590551181
20
1.0197633070866141
11
0.615132874015748
21
1.0186190551181102
0
LINE
8
BLACK
6
CONTINUOUS
10
0.615132874015748
20
1.0186190551181102
11
0.6128069291338583
21
1.0177515354330708
0
LINE
8
BLACK
6
CONTINUOUS
10
0.6128069291338583
20
1.0177515354330708
11
0.6128068503937008
21
1.0177514960629921
0
LINE
8
BLACK
6
CONTINUOUS
10
0.6128068503937008
20
1.0177514960629921
11
0.6128067716535432
21
1.0177514566929133
0
LINE
8
BLACK
6
CONTINUOUS
10
0.6128067716535432
20
1.0177514566929133
11
0.6081983464566929
21
1.0143016141732284
0
LINE
8
BLACK
6
CONTINUOUS
10
0.6081983464566929
20
1.0143016141732284
11
0.6047485039370079
21
1.0096931889763778
0
LINE
8
BLACK
6
CONTINUOUS
10
0.6047485039370079
20
1.0096931889763778
11
0.6047484251968503
21
1.0096929921259843
0
LINE
8
BLACK
6
CONTINUOUS
10
0.6047484251968503
20
1.0096929921259843
11
0.6027366535433071
21
1.0042993700787402
0
LINE
8
BLACK
6
CONTINUOUS
10
0.6027366535433071
20
1.0042993700787402
11
0.6027365748031496
21
1.0042990551181101
0
LINE
8
BLACK
6
CONTINUOUS
10
0.6027365748031496
20
1.0042990551181101
11
0.6024803149606299
21
1.0019153149606299
0
LINE
8
BLACK
6
CONTINUOUS
10
0.6024803149606299
20
1.0019153149606299
11
0.6024803149606299
21
0.9630846456692913
0
LINE
8
BLACK
6
CONTINUOUS
10
0.6024803149606299
20
0.9630846456692913
11
0.6027365748031496
21
0.960700905511811
0
LINE
8
BLACK
6
CONTINUOUS
10
0.6027365748031496
20
0.960700905511811
11
0.6027366535433071
21
0.9607005905511811
0
LINE
8
BLACK
6
CONTINUOUS
10
0.6027366535433071
20
0.9607005905511811
11
0.6047484251968503
21
0.955306968503937
0
LINE
8
BLACK
6
CONTINUOUS
10
0.6047484251968503
20
0.955306968503937
11
0.6047485039370079
21
0.9553067716535433
0
LINE
8
BLACK
6
CONTINUOUS
10
0.6047485039370079
20
0.9553067716535433
11
0.6081983464566929
21
0.9506983464566929
0
LINE
8
BLACK
6
CONTINUOUS
10
0.6081983464566929
20
0.9506983464566929
11
0.6105056299212598
21
0.9489711811023622
0
LINE
8
BLACK
6
CONTINUOUS
10
0.6105056299212598
20
0.9489711811023622
11
0.6121807086614173
21
0.9467335433070866
0
LINE
8
BLACK
6
CONTINUOUS
10
0.6121807086614173
20
0.9467335433070866
11
0.6123800787401574
21
0.9439455118110236
0
LINE
8
BLACK
6
CONTINUOUS
10
0.6123800787401574
20
0.9439455118110236
11
0.6110405118110236
21
0.9414922834645669
0
LINE
8
BLACK
6
CONTINUOUS
10
0.6110405118110236
20
0.9414922834645669
11
0.6105053937007874
21
0.9410286614173228
0
LINE
8
BLACK
6
CONTINUOUS
10
0.6105053937007874
20
0.9410286614173228
11
0.6104527952755905
21
0.9409892913385827
0
LINE
8
BLACK
6
CONTINUOUS
10
0.6104527952755905
20
0.9409892913385827
11
0.6078338582677165
21
0.9400126377952756
0
LINE
8
BLACK
6
CONTINUOUS
10
0.6078338582677165
20
0.9400126377952756
11
0.6074802362204724
21
0.9399999999999999
0
LINE
8
BLACK
6
CONTINUOUS
10
0.6074802362204724
20
0.9399999999999999
11
0.59
21
0.9399999999999999
0
LINE
8
BLACK
6
CONTINUOUS
10
0.59
20
0.9399999999999999
11
0.5905829921259842
21
0.7693734645669291
0
LINE
8
BLACK
6
CONTINUOUS
10
0.5905829921259842
20
0.7693734645669291
11
0.5898046850393701
21
0.7666888582677165
0
LINE
8
BLACK
6
CONTINUOUS
10
0.5898046850393701
20
0.7666888582677165
11
0.5876985433070866
21
0.7648512204724409
0
LINE
8
BLACK
6
CONTINUOUS
10
0.5876985433070866
20
0.7648512204724409
11
0.5856265748031496
21
0.7643958661417323
0
LINE
8
BLACK
6
CONTINUOUS
10
0.5856265748031496
20
0.7643958661417323
11
0.4274646062992126
21
0.7642650393700787
0
LINE
8
BLACK
6
CONTINUOUS
10
0.4274646062992126
20
0.7642650393700787
11
0.4247821653543307
21
0.7650503149606299
0
LINE
8
BLACK
6
CONTINUOUS
10
0.4247821653543307
20
0.7650503149606299
11
0.42295
21
0.767161220472441
0
LINE
8
BLACK
6
CONTINUOUS
10
0.42295
20
0.767161220472441
11
0.4225
21
0.7692256692913386
0
LINE
8
BLACK
6
CONTINUOUS
10
0.4225
20
0.7692256692913386
11
0.4225
21
0.7775
0
LINE
8
BLACK
6
CONTINUOUS
10
0.4225
20
0.7775
11
0.4025
21
0.7775
0
LINE
8
BLACK
6
CONTINUOUS
10
0.4025
20
0.7775
11
0.4025
21
0.77
0
LINE
8
BLACK
6
CONTINUOUS
10
0.4025
20
0.77
11
0.3475
21
0.77
0
LINE
8
BLACK
6
CONTINUOUS
10
0.3475
20
0.77
11
0.3475
21
0.7775
0
LINE
8
BLACK
6
CONTINUOUS
10
0.3475
20
0.7775
11
0.3275
21
0.7775
0
LINE
8
BLACK
6
CONTINUOUS
10
0.3275
20
0.7775
11
0.3275
21
0.7680866929133858
0
LINE
8
BLACK
6
CONTINUOUS
10
0.3275
20
0.7680866929133858
11
0.3277561023622047
21
0.7657049606299212
0
LINE
8
BLACK
6
CONTINUOUS
10
0.3277561023622047
20
0.7657049606299212
11
0.3297659448818898
21
0.7603163385826771
0
LINE
8
BLACK
6
CONTINUOUS
10
0.3297659448818898
20
0.7603163385826771
11
0.3297659448818898
21
0.7603162992125984
0
LINE
8
BLACK
6
CONTINUOUS
10
0.3297659448818898
20
0.7603162992125984
11
0.3332124409448819
21
0.7557124015748031
0
LINE
8
BLACK
6
CONTINUOUS
10
0.3332124409448819
20
0.7557124015748031
11
0.3355220472440945
21
0.7539834251968504
0
LINE
8
BLACK
6
CONTINUOUS
10
0.3355220472440945
20
0.7539834251968504
11
0.3371970866141732
21
0.7517457874015748
0
LINE
8
BLACK
6
CONTINUOUS
10
0.3371970866141732
20
0.7517457874015748
11
0.3373964566929134
21
0.7489577559055118
0
LINE
8
BLACK
6
CONTINUOUS
10
0.3373964566929134
20
0.7489577559055118
11
0.3360568897637795
21
0.7465045669291338
0
LINE
8
BLACK
6
CONTINUOUS
10
0.3360568897637795
20
0.7465045669291338
11
0.3355220472440945
21
0.7460411023622047
0
LINE
8
BLACK
6
CONTINUOUS
10
0.3355220472440945
20
0.7460411023622047
11
0.3331983858267716
21
0.7443016141732284
0
LINE
8
BLACK
6
CONTINUOUS
10
0.3331983858267716
20
0.7443016141732284
11
0.3331983464566929
21
0.7443015354330709
0
LINE
8
BLACK
6
CONTINUOUS
10
0.3331983464566929
20
0.7443015354330709
11
0.3331983070866142
21
0.7443015354330709
0
LINE
8
BLACK
6
CONTINUOUS
10
0.3331983070866142
20
0.7443015354330709
11
0.3297485039370079
21
0.7396931889763779
0
LINE
8
BLACK
6
CONTINUOUS
10
0.3297485039370079
20
0.7396931889763779
11
0.3297484251968504
21
0.7396929921259843
0
LINE
8
BLACK
6
CONTINUOUS
10
0.3297484251968504
20
0.7396929921259843
11
0.3277366535433071
21
0.7342993700787401
0
LINE
8
BLACK
6
CONTINUOUS
10
0.3277366535433071
20
0.7342993700787401
11
0.3277365748031496
21
0.7342990551181102
0
LINE
8
BLACK
6
CONTINUOUS
10
0.3277365748031496
20
0.7342990551181102
11
0.3274803149606299
21
0.7319153149606299
0
LINE
8
BLACK
6
CONTINUOUS
10
0.3274803149606299
20
0.7319153149606299
11
0.3274803149606299
21
0.6930846456692913
0
LINE
8
BLACK
6
CONTINUOUS
10
0.3274803149606299
20
0.6930846456692913
11
0.3277365748031496
21
0.690700905511811
0
LINE
8
BLACK
6
CONTINUOUS
10
0.3277365748031496
20
0.690700905511811
11
0.3277366141732284
21
0.6907008661417323
0
LINE
8
BLACK
6
CONTINUOUS
10
0.3277366141732284
20
0.6907008661417323
11
0.3277366141732284
21
0.6907007480314961
0
LINE
8
BLACK
6
CONTINUOUS
10
0.3277366141732284
20
0.6907007480314961
11
0.3277366535433071
21
0.6907007480314961
0
LINE
8
BLACK
6
CONTINUOUS
10
0.3277366535433071
20
0.6907007480314961
11
0.3282476377952756
21
0.6893307086614173
0
LINE
8
BLACK
6
CONTINUOUS
10
0.3282476377952756
20
0.6893307086614173
11
0.3294774409448819
21
0.6860335826771653
0
LINE
8
BLACK
6
CONTINUOUS
10
0.3294774409448819
20
0.6860335826771653
11
0.3296768503937008
21
0.6832455511811023
0
LINE
8
BLACK
6
CONTINUOUS
10
0.3296768503937008
20
0.6832455511811023
11
0.3294774409448819
21
0.6825664960629921
0
LINE
8
BLACK
6
CONTINUOUS
10
0.3294774409448819
20
0.6825664960629921
11
0.328445905511811
21
0.679800748031496
0
LINE
8
BLACK
6
CONTINUOUS
10
0.328445905511811
20
0.679800748031496
11
0.3277366141732284
21
0.677899094488189
0
LINE
8
BLACK
6
CONTINUOUS
10
0.3277366141732284
20
0.677899094488189
11
0.3277365748031496
21
0.6778990551181102
0
LINE
8
BLACK
6
CONTINUOUS
10
0.3277365748031496
20
0.6778990551181102
11
0.3274803149606299
21
0.6755153149606299
0
LINE
8
BLACK
6
CONTINUOUS
10
0.3274803149606299
20
0.6755153149606299
11
0.3274803149606299
21
0.6531480708661417
0
LINE
8
BLACK
6
CONTINUOUS
10
0.3274803149606299
20
0.6531480708661417
11
0.3266928346456693
21
0.6504661417322835
0
LINE
8
BLACK
6
CONTINUOUS
10
0.3266928346456693
20
0.6504661417322835
11
0.3245803937007874
21
0.6486357086614173
0
LINE
8
BLACK
6
CONTINUOUS
10
0.3245803937007874
20
0.6486357086614173
11
0.3218137007874016
21
0.6482379133858267
0
LINE
8
BLACK
6
CONTINUOUS
10
0.3218137007874016
20
0.6482379133858267
11
0.320298031496063
21
0.6487946456692913
0
LINE
8
BLACK
6
CONTINUOUS
10
0.320298031496063
20
0.6487946456692913
11
0.3202712992125984
21
0.648739094488189
0
LINE
8
BLACK
6
CONTINUOUS
10
0.3202712992125984
20
0.648739094488189
11
0.3200202755905512
21
0.6488599606299212
0
LINE
8
BLACK
6
CONTINUOUS
10
0.3200202755905512
20
0.6488599606299212
11
0.3185852755905512
21
0.6493620078740158
0
LINE
8
BLACK
6
CONTINUOUS
10
0.3185852755905512
20
0.6493620078740158
11
0.3180716929133858
21
0.6495747244094489
0
LINE
8
BLACK
6
CONTINUOUS
10
0.3180716929133858
20
0.6495747244094489
11
0.3167015748031496
21
0.6502346062992126
0
LINE
8
BLACK
6
CONTINUOUS
10
0.3167015748031496
20
0.6502346062992126
11
0.3152191338582677
21
0.6505729133858268
0
LINE
8
BLACK
6
CONTINUOUS
10
0.3152191338582677
20
0.6505729133858268
11
0.3146850787401575
21
0.6507267716535433
0
LINE
8
BLACK
6
CONTINUOUS
10
0.3146850787401575
20
0.6507267716535433
11
0.3132498818897638
21
0.6512290157480315
0
LINE
8
BLACK
6
CONTINUOUS
10
0.3132498818897638
20
0.6512290157480315
11
0.3117386614173228
21
0.6513992519685039
0
LINE
8
BLACK
6
CONTINUOUS
10
0.3117386614173228
20
0.6513992519685039
11
0.3111916535433071
21
0.651492125984252
0
LINE
8
BLACK
6
CONTINUOUS
10
0.3111916535433071
20
0.651492125984252
11
0.3097085433070866
21
0.6518307086614173
0
LINE
8
BLACK
6
CONTINUOUS
10
0.3097085433070866
20
0.6518307086614173
11
0.3097083858267716
21
0.6518307086614173
0
LINE
8
BLACK
6
CONTINUOUS
10
0.3097083858267716
20
0.6518307086614173
11
0.3072534251968504
21
0.6518307086614173
0
LINE
8
BLACK
6
CONTINUOUS
10
0.3072534251968504
20
0.6518307086614173
11
0.3045714960629921
21
0.6526181889763779
0
LINE
8
BLACK
6
CONTINUOUS
10
0.3045714960629921
20
0.6526181889763779
11
0.302741062992126
21
0.6547306299212599
0
LINE
8
BLACK
6
CONTINUOUS
10
0.302741062992126
20
0.6547306299212599
11
0.3023212204724409
21
0.6562611417322834
0
LINE
8
BLACK
6
CONTINUOUS
10
0.3023212204724409
20
0.6562611417322834
11
0.3022633858267716
21
0.6567990551181102
0
LINE
8
BLACK
6
CONTINUOUS
10
0.3022633858267716
20
0.6567990551181102
11
0.3022633070866141
21
0.6567993700787401
0
LINE
8
BLACK
6
CONTINUOUS
10
0.3022633070866141
20
0.6567993700787401
11
0.3015536220472441
21
0.6587020866141732
0
LINE
8
BLACK
6
CONTINUOUS
10
0.3015536220472441
20
0.6587020866141732
11
0.3002515354330709
21
0.6621930708661418
0
LINE
8
BLACK
6
CONTINUOUS
10
0.3002515354330709
20
0.6621930708661418
11
0.2968016141732283
21
0.6668016141732284
0
LINE
8
BLACK
6
CONTINUOUS
10
0.2968016141732283
20
0.6668016141732284
11
0.2968015354330709
21
0.6668016535433071
0
LINE
8
BLACK
6
CONTINUOUS
10
0.2968015354330709
20
0.6668016535433071
11
0.2966204724409449
21
0.6670435433070866
0
LINE
8
BLACK
6
CONTINUOUS
10
0.2966204724409449
20
0.6670435433070866
11
0.2956436220472441
21
0.6696624409448819
0
LINE
8
BLACK
6
CONTINUOUS
10
0.2956436220472441
20
0.6696624409448819
11
0.2962377559055118
21
0.6723937007874016
0
LINE
8
BLACK
6
CONTINUOUS
10
0.2962377559055118
20
0.6723937007874016
11
0.2966204330708661
21
0.6729891732283464
0
LINE
8
BLACK
6
CONTINUOUS
10
0.2966204330708661
20
0.6729891732283464
11
0.3002340157480315
21
0.6778162992125984
0
LINE
8
BLACK
6
CONTINUOUS
10
0.3002340157480315
20
0.6778162992125984
11
0.3002340157480315
21
0.6778163385826772
0
LINE
8
BLACK
6
CONTINUOUS
10
0.3002340157480315
20
0.6778163385826772
11
0.3022438582677165
21
0.6832049606299212
0
LINE
8
BLACK
6
CONTINUOUS
10
0.3022438582677165
20
0.6832049606299212
11
0.3024999606299212
21
0.6855866929133858
0
LINE
8
BLACK
6
CONTINUOUS
10
0.3024999606299212
20
0.6855866929133858
11
0.3025
21
0.6855871653543307
0
LINE
8
BLACK
6
CONTINUOUS
10
0.3025
20
0.6855871653543307
11
0.3025
21
0.71
0
LINE
8
BLACK
6
CONTINUOUS
10
0.3025
20
0.71
11
0.2825
21
0.71
0
LINE
8
BLACK
6
CONTINUOUS
10
0.2825
20
0.71
11
0.2825
21
0.6875
0
LINE
8
BLACK
6
CONTINUOUS
10
0.2825
20
0.6875
11
0.2175
21
0.6875
0
LINE
8
BLACK
6
CONTINUOUS
10
0.2175
20
0.6875
11
0.2175
21
0.71
0
LINE
8
BLACK
6
CONTINUOUS
10
0.2175
20
0.71
11
0.1825
21
0.71
0
LINE
8
BLACK
6
CONTINUOUS
10
0.1825
20
0.71
11
0.1825
21
0.6875
0
LINE
8
BLACK
6
CONTINUOUS
10
0.1825
20
0.6875
11
0.1175
21
0.6875
0
LINE
8
BLACK
6
CONTINUOUS
10
0.1175
20
0.6875
11
0.1175
21
0.71
0
LINE
8
BLACK
6
CONTINUOUS
10
0.1175
20
0.71
11
0.0975
21
0.71
0
LINE
8
BLACK
6
CONTINUOUS
10
0.0975
20
0.71
11
0.0975
21
0.6855866929133858
0
LINE
8
BLACK
6
CONTINUOUS
10
0.0975
20
0.6855866929133858
11
0.0977561023622047
21
0.6832049606299212
0
LINE
8
BLACK
6
CONTINUOUS
10
0.0977561023622047
20
0.6832049606299212
11
0.0997659448818898
21
0.6778163385826772
0
LINE
8
BLACK
6
CONTINUOUS
10
0.0997659448818898
20
0.6778163385826772
11
0.0997659448818898
21
0.6778162992125984
0
LINE
8
BLACK
6
CONTINUOUS
10
0.0997659448818898
20
0.6778162992125984
11
0.1033795275590551
21
0.6729891732283464
0
LINE
8
BLACK
6
CONTINUOUS
10
0.1033795275590551
20
0.6729891732283464
11
0.1043563385826772
21
0.6703702755905512
0
LINE
8
BLACK
6
CONTINUOUS
10
0.1043563385826772
20
0.6703702755905512
11
0.1037621653543307
21
0.6676389763779528
0
LINE
8
BLACK
6
CONTINUOUS
10
0.1037621653543307
20
0.6676389763779528
11
0.1033795275590551
21
0.6670435433070866
0
LINE
8
BLACK
6
CONTINUOUS
10
0.1033795275590551
20
0.6670435433070866
11
0.1031984251968504
21
0.6668016535433071
0
LINE
8
BLACK
6
CONTINUOUS
10
0.1031984251968504
20
0.6668016535433071
11
0.1031983858267717
21
0.6668016141732284
0
LINE
8
BLACK
6
CONTINUOUS
10
0.1031983858267717
20
0.6668016141732284
11
0.1013531496062992
21
0.6643366535433071
0
LINE
8
BLACK
6
CONTINUOUS
10
0.1013531496062992
20
0.6643366535433071
11
0.0997484251968504
21
0.662193031496063
0
LINE
8
BLACK
6
CONTINUOUS
10
0.0997484251968504
20
0.662193031496063
11
0.0997484251968504
21
0.6621929921259843
0
LINE
8
BLACK
6
CONTINUOUS
10
0.0997484251968504
20
0.6621929921259843
11
0.0977366535433071
21
0.6567993700787401
0
LINE
8
BLACK
6
CONTINUOUS
10
0.0977366535433071
20
0.6567993700787401
11
0.0977365748031496
21
0.6567990551181102
0
LINE
8
BLACK
6
CONTINUOUS
10
0.0977365748031496
20
0.6567990551181102
11
0.0974803149606299
21
0.6544153149606299
0
LINE
8
BLACK
6
CONTINUOUS
10
0.0974803149606299
20
0.6544153149606299
11
0.0974803149606299
21
0.5855846456692914
0
LINE
8
BLACK
6
CONTINUOUS
10
0.0974803149606299
20
0.5855846456692914
11
0.0977365748031496
21
0.583200905511811
0
LINE
8
BLACK
6
CONTINUOUS
10
0.0977365748031496
20
0.583200905511811
11
0.0977366535433071
21
0.5832005905511811
0
LINE
8
BLACK
6
CONTINUOUS
10
0.0977366535433071
20
0.5832005905511811
11
0.0997484251968504
21
0.577806968503937
0
LINE
8
BLACK
6
CONTINUOUS
10
0.0997484251968504
20
0.577806968503937
11
0.0997485039370079
21
0.5778067716535433
0
LINE
8
BLACK
6
CONTINUOUS
10
0.0997485039370079
20
0.5778067716535433
11
0.1033795275590551
21
0.5729563779527559
0
LINE
8
BLACK
6
CONTINUOUS
10
0.1033795275590551
20
0.5729563779527559
11
0.1043563385826772
21
0.5703374803149606
0
LINE
8
BLACK
6
CONTINUOUS
10
0.1043563385826772
20
0.5703374803149606
11
0.1037622047244094
21
0.5676062204724409
0
LINE
8
BLACK
6
CONTINUOUS
10
0.1037622047244094
20
0.5676062204724409
11
0.1033795275590551
21
0.5670107874015748
0
LINE
8
BLACK
6
CONTINUOUS
10
0.1033795275590551
20
0.5670107874015748
11
0.0997659448818898
21
0.5621836614173228
0
LINE
8
BLACK
6
CONTINUOUS
10
0.0997659448818898
20
0.5621836614173228
11
0.0997659448818898
21
0.562183622047244
0
LINE
8
BLACK
6
CONTINUOUS
10
0.0997659448818898
20
0.562183622047244
11
0.0977561023622047
21
0.556795
0
LINE
8
BLACK
6
CONTINUOUS
10
0.0977561023622047
20
0.556795
11
0.0975
21
0.5544132677165354
0
LINE
8
BLACK
6
CONTINUOUS
10
0.0975
20
0.5544132677165354
11
0.0975
21
0.53
0
LINE
8
BLACK
6
CONTINUOUS
10
0.0975
20
0.53
11
0.1175
21
0.53
0
LINE
8
BLACK
6
CONTINUOUS
10
0.1175
20
0.53
11
0.1175
21
0.5525
0
LINE
8
BLACK
6
CONTINUOUS
10
0.1175
20
0.5525
11
0.1825
21
0.5525
0
LINE
8
BLACK
6
CONTINUOUS
10
0.1825
20
0.5525
11
0.1825
21
0.53
0
LINE
8
BLACK
6
CONTINUOUS
10
0.1825
20
0.53
11
0.2175
21
0.53
0
LINE
8
BLACK
6
CONTINUOUS
10
0.2175
20
0.53
11
0.2175
21
0.5525
0
LINE
8
BLACK
6
CONTINUOUS
10
0.2175
20
0.5525
11
0.2825
21
0.5525
0
LINE
8
BLACK
6
CONTINUOUS
10
0.2825
20
0.5525
11
0.2825
21
0.53
0
LINE
8
BLACK
6
CONTINUOUS
10
0.2825
20
0.53
11
0.3025
21
0.53
0
LINE
8
BLACK
6
CONTINUOUS
10
0.3025
20
0.53
11
0.3025
21
0.5544127952755905
0
LINE
8
BLACK
6
CONTINUOUS
10
0.3025
20
0.5544127952755905
11
0.3024999606299212
21
0.5544132677165354
0
LINE
8
BLACK
6
CONTINUOUS
10
0.3024999606299212
20
0.5544132677165354
11
0.3022438582677165
21
0.556795
0
LINE
8
BLACK
6
CONTINUOUS
10
0.3022438582677165
20
0.556795
11
0.3002340157480315
21
0.562183622047244
0
LINE
8
BLACK
6
CONTINUOUS
10
0.3002340157480315
20
0.562183622047244
11
0.3002339763779527
21
0.5621837007874015
0
LINE
8
BLACK
6
CONTINUOUS
10
0.3002339763779527
20
0.5621837007874015
11
0.2966204724409449
21
0.5670107086614173
0
LINE
8
BLACK
6
CONTINUOUS
10
0.2966204724409449
20
0.5670107086614173
11
0.2956436220472441
21
0.5696296062992126
0
LINE
8
BLACK
6
CONTINUOUS
10
0.2956436220472441
20
0.5696296062992126
11
0.2962377559055118
21
0.5723608661417323
0
LINE
8
BLACK
6
CONTINUOUS
10
0.2962377559055118
20
0.5723608661417323
11
0.2966204330708661
21
0.5729563385826771
0
LINE
8
BLACK
6
CONTINUOUS
10
0.2966204330708661
20
0.5729563385826771
11
0.2981256692913386
21
0.5749670866141732
0
LINE
8
BLACK
6
CONTINUOUS
10
0.2981256692913386
20
0.5749670866141732
11
0.3003633070866142
21
0.5766421653543307
0
LINE
8
BLACK
6
CONTINUOUS
10
0.3003633070866142
20
0.5766421653543307
11
0.3031513385826772
21
0.5768415354330708
0
LINE
8
BLACK
6
CONTINUOUS
10
0.3031513385826772
20
0.5768415354330708
11
0.3056045275590551
21
0.5755020078740157
0
LINE
8
BLACK
6
CONTINUOUS
10
0.3056045275590551
20
0.5755020078740157
11
0.3199783070866142
21
0.5611283070866142
0
LINE
8
BLACK
6
CONTINUOUS
10
0.3199783070866142
20
0.5611283070866142
11
0.3199783070866142
21
0.5611282677165355
0
LINE
8
BLACK
6
CONTINUOUS
10
0.3199783070866142
20
0.5611282677165355
11
0.325050157480315
21
0.5560563779527559
0
LINE
8
BLACK
6
CONTINUOUS
10
0.325050157480315
20
0.5560563779527559
11
0.3250502755905512
21
0.5560562598425197
0
LINE
8
BLACK
6
CONTINUOUS
10
0.3250502755905512
20
0.5560562598425197
11
0.3263375984251968
21
0.5552474015748031
0
LINE
8
BLACK
6
CONTINUOUS
10
0.3263375984251968
20
0.5552474015748031
11
0.326791062992126
21
0.5549256692913386
0
LINE
8
BLACK
6
CONTINUOUS
10
0.326791062992126
20
0.5549256692913386
11
0.3279800393700787
21
0.5539775196850394
0
LINE
8
BLACK
6
CONTINUOUS
10
0.3279800393700787
20
0.5539775196850394
11
0.3293498031496063
21
0.5533178740157481
0
LINE
8
BLACK
6
CONTINUOUS
10
0.3293498031496063
20
0.5533178740157481
11
0.3298365748031496
21
0.5530488188976378
0
LINE
8
BLACK
6
CONTINUOUS
10
0.3298365748031496
20
0.5530488188976378
11
0.3301029921259843
21
0.5528814173228346
0
LINE
8
BLACK
6
CONTINUOUS
10
0.3301029921259843
20
0.5528814173228346
11
0.3314349212598425
21
0.5516540157480315
0
LINE
8
BLACK
6
CONTINUOUS
10
0.3314349212598425
20
0.5516540157480315
11
0.3331984251968504
21
0.5492983070866142
0
LINE
8
BLACK
6
CONTINUOUS
10
0.3331984251968504
20
0.5492983070866142
11
0.3378067716535433
21
0.5458485039370079
0
LINE
8
BLACK
6
CONTINUOUS
10
0.3378067716535433
20
0.5458485039370079
11
0.337806968503937
21
0.5458484251968504
0
LINE
8
BLACK
6
CONTINUOUS
10
0.337806968503937
20
0.5458484251968504
11
0.3432005905511811
21
0.5438366535433071
0
LINE
8
BLACK
6
CONTINUOUS
10
0.3432005905511811
20
0.5438366535433071
11
0.343200905511811
21
0.5438365748031496
0
LINE
8
BLACK
6
CONTINUOUS
10
0.343200905511811
20
0.5438365748031496
11
0.3441481889763779
21
0.5437347637795276
0
LINE
8
BLACK
6
CONTINUOUS
10
0.3441481889763779
20
0.5437347637795276
11
0.3467305905511811
21
0.5426650787401575
0
LINE
8
BLACK
6
CONTINUOUS
10
0.3467305905511811
20
0.5426650787401575
11
0.3483246850393701
21
0.5403690944881889
0
LINE
8
BLACK
6
CONTINUOUS
10
0.3483246850393701
20
0.5403690944881889
11
0.3485785433070866
21
0.5387976771653543
0
LINE
8
BLACK
6
CONTINUOUS
10
0.3485785433070866
20
0.5387976771653543
11
0.3484
21
0.357
0
LINE
8
BLACK
6
CONTINUOUS
10
0.3484
20
0.357
11
0.6101118897637795
21
0.357
0
LINE
8
BLACK
6
CONTINUOUS
10
0.6101118897637795
20
0.357
11
0.6127938188976377
21
0.3562125196850394
0
LINE
8
BLACK
6
CONTINUOUS
10
0.6127938188976377
20
0.3562125196850394
11
0.6146242519685039
21
0.3541000787401575
0
LINE
8
BLACK
6
CONTINUOUS
10
0.6146242519685039
20
0.3541000787401575
11
0.6150220472440945
21
0.3513333858267716
0
LINE
8
BLACK
6
CONTINUOUS
10
0.6150220472440945
20
0.3513333858267716
11
0.6149549212598425
21
0.3509657086614173
0
LINE
8
BLACK
6
CONTINUOUS
10
0.6149549212598425
20
0.3509657086614173
11
0.6121064173228347
21
0.3381168897637795
0
LINE
8
BLACK
6
CONTINUOUS
10
0.6121064173228347
20
0.3381168897637795
11
0.6121063385826772
21
0.3381165354330709
0
LINE
8
BLACK
6
CONTINUOUS
10
0.6121063385826772
20
0.3381165354330709
11
0.6097511811023621
21
0.3202272047244095
0
LINE
8
BLACK
6
CONTINUOUS
10
0.6097511811023621
20
0.3202272047244095
11
0.6097511417322834
21
0.3202267716535433
0
LINE
8
BLACK
6
CONTINUOUS
10
0.6097511417322834
20
0.3202267716535433
11
0.608964094488189
21
0.3022000393700787
0
LINE
8
BLACK
6
CONTINUOUS
10
0.608964094488189
20
0.3022000393700787
11
0.608964094488189
21
0.3021999212598425
0
LINE
8
BLACK
6
CONTINUOUS
10
0.608964094488189
20
0.3021999212598425
11
0.6097511417322834
21
0.2841731889763779
0
LINE
8
BLACK
6
CONTINUOUS
10
0.6097511417322834
20
0.2841731889763779
11
0.6097511811023621
21
0.2841727559055118
0
LINE
8
BLACK
6
CONTINUOUS
10
0.6097511811023621
20
0.2841727559055118
11
0.6121063385826772
21
0.2662834251968504
0
LINE
8
BLACK
6
CONTINUOUS
10
0.6121063385826772
20
0.2662834251968504
11
0.6121064173228347
21
0.2662830708661417
0
LINE
8
BLACK
6
CONTINUOUS
10
0.6121064173228347
20
0.2662830708661417
11
0.6160117716535433
21
0.2486672047244095
0
LINE
8
BLACK
6
CONTINUOUS
10
0.6160117716535433
20
0.2486672047244095
11
0.6160119291338583
21
0.2486665748031496
0
LINE
8
BLACK
6
CONTINUOUS
10
0.6160119291338583
20
0.2486665748031496
11
0.6214375590551181
21
0.2314587007874016
0
LINE
8
BLACK
6
CONTINUOUS
10
0.6214375590551181
20
0.2314587007874016
11
0.621437874015748
21
0.2314578346456693
0
LINE
8
BLACK
6
CONTINUOUS
10
0.621437874015748
20
0.2314578346456693
11
0.6283430708661417
21
0.2147870472440945
0
LINE
8
BLACK
6
CONTINUOUS
10
0.6283430708661417
20
0.2147870472440945
11
0.6366744488188977
21
0.1987827165354331
0
LINE
8
BLACK
6
CONTINUOUS
10
0.6366744488188977
20
0.1987827165354331
11
0.636674842519685
21
0.1987820472440945
0
LINE
8
BLACK
6
CONTINUOUS
10
0.636674842519685
20
0.1987820472440945
11
0.6463697637795276
21
0.1835640157480315
0
LINE
8
BLACK
6
CONTINUOUS
10
0.6463697637795276
20
0.1835640157480315
11
0.6573542913385827
21
0.1692486220472441
0
LINE
8
BLACK
6
CONTINUOUS
10
0.6573542913385827
20
0.1692486220472441
11
0.6573547244094488
21
0.1692481496062992
0
LINE
8
BLACK
6
CONTINUOUS
10
0.6573547244094488
20
0.1692481496062992
11
0.6695449212598426
21
0.1559449212598425
0
LINE
8
BLACK
6
CONTINUOUS
10
0.6695449212598426
20
0.1559449212598425
11
0.6828481496062992
21
0.1437547244094488
0
LINE
8
BLACK
6
CONTINUOUS
10
0.6828481496062992
20
0.1437547244094488
11
0.6828486220472441
21
0.1437542913385827
0
LINE
8
BLACK
6
CONTINUOUS
10
0.6828486220472441
20
0.1437542913385827
11
0.6971640157480314
21
0.1327697637795276
0
LINE
8
BLACK
6
CONTINUOUS
10
0.6971640157480314
20
0.1327697637795276
11
0.7123820472440945
21
0.123074842519685
0
LINE
8
BLACK
6
CONTINUOUS
10
0.7123820472440945
20
0.123074842519685
11
0.7123827165354331
21
0.1230744488188976
0
LINE
8
BLACK
6
CONTINUOUS
10
0.7123827165354331
20
0.1230744488188976
11
0.7283870472440944
21
0.1147430708661417
0
LINE
8
BLACK
6
CONTINUOUS
10
0.7283870472440944
20
0.1147430708661417
11
0.7450578346456693
21
0.107837874015748
0
LINE
8
BLACK
6
CONTINUOUS
10
0.7450578346456693
20
0.107837874015748
11
0.7450587007874016
21
0.1078375590551181
0
LINE
8
BLACK
6
CONTINUOUS
10
0.7450587007874016
20
0.1078375590551181
11
0.7622665748031496
21
0.1024119291338583
0
LINE
8
BLACK
6
CONTINUOUS
10
0.7622665748031496
20
0.1024119291338583
11
0.7622672047244095
21
0.1024117716535433
0
LINE
8
BLACK
6
CONTINUOUS
10
0.7622672047244095
20
0.1024117716535433
11
0.7798830708661417
21
0.0985064173228346
0
LINE
8
BLACK
6
CONTINUOUS
10
0.7798830708661417
20
0.0985064173228346
11
0.7798834251968504
21
0.0985063385826772
0
LINE
8
BLACK
6
CONTINUOUS
10
0.7798834251968504
20
0.0985063385826772
11
0.7977727559055118
21
0.0961511811023622
0
LINE
8
BLACK
6
CONTINUOUS
10
0.7977727559055118
20
0.0961511811023622
11
0.7977731889763779
21
0.0961511417322835
0
LINE
8
BLACK
6
CONTINUOUS
10
0.7977731889763779
20
0.0961511417322835
11
0.8157999606299212
21
0.095364094488189
0
LINE
8
BLACK
6
CONTINUOUS
10
0.8157999606299212
20
0.095364094488189
11
0.8158
21
0.095364094488189
0
LINE
8
BLACK
6
CONTINUOUS
10
0.8158
20
0.095364094488189
11
0.8158000393700787
21
0.095364094488189
0
LINE
8
BLACK
6
CONTINUOUS
10
0.8158000393700787
20
0.095364094488189
11
0.8338267716535432
21
0.0961511417322835
0
LINE
8
BLACK
6
CONTINUOUS
10
0.8338267716535432
20
0.0961511417322835
11
0.8338272047244094
21
0.0961511811023622
0
LINE
8
BLACK
6
CONTINUOUS
10
0.8338272047244094
20
0.0961511811023622
11
0.8517165354330708
21
0.0985063385826772
0
LINE
8
BLACK
6
CONTINUOUS
10
0.8517165354330708
20
0.0985063385826772
11
0.8517168897637795
21
0.0985064173228346
0
LINE
8
BLACK
6
CONTINUOUS
10
0.8517168897637795
20
0.0985064173228346
11
0.8693327559055118
21
0.1024117716535433
0
LINE
8
BLACK
6
CONTINUOUS
10
0.8693327559055118
20
0.1024117716535433
11
0.8693333858267717
21
0.1024119291338583
0
LINE
8
BLACK
6
CONTINUOUS
10
0.8693333858267717
20
0.1024119291338583
11
0.8865412598425196
21
0.1078375590551181
0
LINE
8
BLACK
6
CONTINUOUS
10
0.8865412598425196
20
0.1078375590551181
11
0.8865418110236221
21
0.1078377559055118
0
LINE
8
BLACK
6
CONTINUOUS
10
0.8865418110236221
20
0.1078377559055118
11
0.8865420472440945
21
0.1078378346456693
0
LINE
8
BLACK
6
CONTINUOUS
10
0.8865420472440945
20
0.1078378346456693
11
0.8917620078740157
21
0.11
0
LINE
8
BLACK
6
CONTINUOUS
10
0.8917620078740157
20
0.11
11
0.9032129133858268
21
0.1147430708661417
0
LINE
8
BLACK
6
CONTINUOUS
10
0.9032129133858268
20
0.1147430708661417
11
0.9192172440944881
21
0.1230744488188976
0
LINE
8
BLACK
6
CONTINUOUS
10
0.9192172440944881
20
0.1230744488188976
11
0.9192175984251968
21
0.1230746456692913
0
LINE
8
BLACK
6
CONTINUOUS
10
0.9192175984251968
20
0.1230746456692913
11
0.9192179527559055
21
0.123074842519685
0
LINE
8
BLACK
6
CONTINUOUS
10
0.9192179527559055
20
0.123074842519685
11
0.927450905511811
21
0.1283198031496063
0
LINE
8
BLACK
6
CONTINUOUS
10
0.927450905511811
20
0.1283198031496063
11
0.9344359448818897
21
0.1327697637795276
0
LINE
8
BLACK
6
CONTINUOUS
10
0.9344359448818897
20
0.1327697637795276
11
0.9365778346456692
21
0.1344132677165354
0
LINE
8
BLACK
6
CONTINUOUS
10
0.9365778346456692
20
0.1344132677165354
11
0.9467043307086614
21
0.1421835826771654
0
LINE
8
BLACK
6
CONTINUOUS
10
0.9467043307086614
20
0.1421835826771654
11
0.9487513385826771
21
0.1437542913385827
0
LINE
8
BLACK
6
CONTINUOUS
10
0.9487513385826771
20
0.1437542913385827
11
0.9487514173228346
21
0.1437543700787401
0
LINE
8
BLACK
6
CONTINUOUS
10
0.9487514173228346
20
0.1437543700787401
11
0.9487515748031495
21
0.1437544881889764
0
LINE
8
BLACK
6
CONTINUOUS
10
0.9487515748031495
20
0.1437544881889764
11
0.9620550787401575
21
0.1559449212598425
0
LINE
8
BLACK
6
CONTINUOUS
10
0.9620550787401575
20
0.1559449212598425
11
0.9742455118110236
21
0.1692484251968504
0
LINE
8
BLACK
6
CONTINUOUS
10
0.9742455118110236
20
0.1692484251968504
11
0.9852300393700787
21
0.1835637795275591
0
LINE
8
BLACK
6
CONTINUOUS
10
0.9852300393700787
20
0.1835637795275591
11
0.994925157480315
21
0.1987820472440945
0
LINE
8
BLACK
6
CONTINUOUS
10
0.994925157480315
20
0.1987820472440945
11
0.9976346062992125
21
0.203986811023622
0
LINE
8
BLACK
6
CONTINUOUS
10
0.9976346062992125
20
0.203986811023622
11
1.0032568897637795
21
0.2147870472440945
0
LINE
8
BLACK
6
CONTINUOUS
10
1.0032568897637795
20
0.2147870472440945
11
1.0089369291338584
21
0.2285
0
LINE
8
BLACK
6
CONTINUOUS
10
1.0089369291338584
20
0.2285
11
1.0101621653543307
21
0.2314579527559055
0
LINE
8
BLACK
6
CONTINUOUS
10
1.0101621653543307
20
0.2314579527559055
11
1.0155881496062993
21
0.2486669291338583
0
LINE
8
BLACK
6
CONTINUOUS
10
1.0155881496062993
20
0.2486669291338583
11
1.0194936220472441
21
0.2662833070866142
0
LINE
8
BLACK
6
CONTINUOUS
10
1.0194936220472441
20
0.2662833070866142
11
1.0218488188976378
21
0.2841730708661417
0
LINE
8
BLACK
6
CONTINUOUS
10
1.0218488188976378
20
0.2841730708661417
11
1.0222124015748031
21
0.2925
0
LINE
8
BLACK
6
CONTINUOUS
10
1.0222124015748031
20
0.2925
11
1.022635905511811
21
0.3022
0
LINE
8
BLACK
6
CONTINUOUS
10
1.022635905511811
20
0.3022
11
1.0226089763779527
21
0.3028163385826771
0
LINE
8
BLACK
6
CONTINUOUS
10
1.0226089763779527
20
0.3028163385826771
11
1.0221861811023623
21
0.3125
0
LINE
8
BLACK
6
CONTINUOUS
10
1.0221861811023623
20
0.3125
11
1.0218488188976378
21
0.3202269291338583
0
LINE
8
BLACK
6
CONTINUOUS
10
1.0218488188976378
20
0.3202269291338583
11
1.0194936220472441
21
0.3381166929133858
0
LINE
8
BLACK
6
CONTINUOUS
10
1.0194936220472441
20
0.3381166929133858
11
1.0155881496062993
21
0.3557330708661417
0
LINE
8
BLACK
6
CONTINUOUS
10
1.0155881496062993
20
0.3557330708661417
11
1.0101621653543307
21
0.3729420472440945
0
LINE
8
BLACK
6
CONTINUOUS
10
1.0101621653543307
20
0.3729420472440945
11
1.0032570078740157
21
0.3896126377952756
0
LINE
8
BLACK
6
CONTINUOUS
10
1.0032570078740157
20
0.3896126377952756
11
1.003256968503937
21
0.3896126377952756
0
LINE
8
BLACK
6
CONTINUOUS
10
1.003256968503937
20
0.3896126377952756
11
1.0032568897637795
21
0.3896129133858268
0
LINE
8
BLACK
6
CONTINUOUS
10
1.0032568897637795
20
0.3896129133858268
11
0.9963507874015748
21
0.4028793307086614
0
LINE
8
BLACK
6
CONTINUOUS
10
0.9963507874015748
20
0.4028793307086614
11
0.994925157480315
21
0.4056179527559055
0
LINE
8
BLACK
6
CONTINUOUS
10
0.994925157480315
20
0.4056179527559055
11
0.9856113779527559
21
0.4202375590551181
0
LINE
8
BLACK
6
CONTINUOUS
10
0.9856113779527559
20
0.4202375590551181
11
0.9848345669291338
21
0.4229225984251969
0
LINE
8
BLACK
6
CONTINUOUS
10
0.9848345669291338
20
0.4229225984251969
11
0.9856326771653543
21
0.4256013779527559
0
LINE
8
BLACK
6
CONTINUOUS
10
0.9856326771653543
20
0.4256013779527559
11
0.9877523622047244
21
0.4274233858267716
0
LINE
8
BLACK
6
CONTINUOUS
10
0.9877523622047244
20
0.4274233858267716
11
0.989745905511811
21
0.4278633070866142
0
LINE
8
BLACK
6
CONTINUOUS
10
0.989745905511811
20
0.4278633070866142
11
1.0420336614173229
21
0.4283824015748031
0
LINE
8
BLACK
6
CONTINUOUS
10
1.0420336614173229
20
0.4283824015748031
11
1.0419354724409449
21
0.4337711811023622
0
LINE
8
BLACK
6
CONTINUOUS
10
1.0419354724409449
20
0.4337711811023622
11
1.0426739370078739
21
0.4364670078740157
0
LINE
8
BLACK
6
CONTINUOUS
10
1.0426739370078739
20
0.4364670078740157
11
1.0447526771653544
21
0.4383356299212599
0
LINE
8
BLACK
6
CONTINUOUS
10
1.0447526771653544
20
0.4383356299212599
11
1.0475116535433071
21
0.438783779527559
0
LINE
8
BLACK
6
CONTINUOUS
10
1.0475116535433071
20
0.438783779527559
11
1.0486287401574803
21
0.4385094488188976
0
LINE
8
BLACK
6
CONTINUOUS
10
1.0486287401574803
20
0.4385094488188976
11
1.0504774015748031
21
0.4378199606299212
0
LINE
8
BLACK
6
CONTINUOUS
10
1.0504774015748031
20
0.4378199606299212
11
1.0507008661417323
21
0.4377366141732283
0
LINE
8
BLACK
6
CONTINUOUS
10
1.0507008661417323
20
0.4377366141732283
11
1.0507009055118111
21
0.4377365748031496
0
LINE
8
BLACK
6
CONTINUOUS
10
1.0507009055118111
20
0.4377365748031496
11
1.0530846456692913
21
0.4374803149606299
0
LINE
8
BLACK
6
CONTINUOUS
10
1.0530846456692913
20
0.4374803149606299
11
1.0530851181102363
21
0.4374803149606299
0
LINE
8
BLACK
6
CONTINUOUS
10
1.0530851181102363
20
0.4374803149606299
11
1.0671456692913386
21
0.4374803149606299
0
LINE
8
BLACK
6
CONTINUOUS
10
1.0671456692913386
20
0.4374803149606299
11
1.0698275984251968
21
0.4366928346456693
0
LINE
8
BLACK
6
CONTINUOUS
10
1.0698275984251968
20
0.4366928346456693
11
1.0716580314960629
21
0.4345803937007874
0
LINE
8
BLACK
6
CONTINUOUS
10
1.0716580314960629
20
0.4345803937007874
11
1.0721062992125985
21
0.43251968503937
0
LINE
8
BLACK
6
CONTINUOUS
10
1.0721062992125985
20
0.43251968503937
11
1.0721062992125985
21
0.4196112598425197
0
LINE
8
BLACK
6
CONTINUOUS
10
1.0721062992125985
20
0.4196112598425197
11
1.0713188188976377
21
0.4169293307086614
0
LINE
8
BLACK
6
CONTINUOUS
10
1.0713188188976377
20
0.4169293307086614
11
1.0692063779527559
21
0.4150988976377953
0
LINE
8
BLACK
6
CONTINUOUS
10
1.0692063779527559
20
0.4150988976377953
11
1.0682862992125983
21
0.4147835433070866
0
LINE
8
BLACK
6
CONTINUOUS
10
1.0682862992125983
20
0.4147835433070866
11
1.0682008267716536
21
0.4147633464566929
0
LINE
8
BLACK
6
CONTINUOUS
10
1.0682008267716536
20
0.4147633464566929
11
1.0682007480314961
21
0.4147633464566929
0
LINE
8
BLACK
6
CONTINUOUS
10
1.0682007480314961
20
0.4147633464566929
11
1.0682006299212599
21
0.4147633070866142
0
LINE
8
BLACK
6
CONTINUOUS
10
1.0682006299212599
20
0.4147633070866142
11
1.0682004724409448
21
0.4147632677165354
0
LINE
8
BLACK
6
CONTINUOUS
10
1.0682004724409448
20
0.4147632677165354
11
1.064886968503937
21
0.4135273622047244
0
LINE
8
BLACK
6
CONTINUOUS
10
1.064886968503937
20
0.4135273622047244
11
1.0628069291338582
21
0.4127515354330709
0
LINE
8
BLACK
6
CONTINUOUS
10
1.0628069291338582
20
0.4127515354330709
11
1.0628068503937007
21
0.4127514960629921
0
LINE
8
BLACK
6
CONTINUOUS
10
1.0628068503937007
20
0.4127514960629921
11
1.0628067716535432
21
0.4127514566929134
0
LINE
8
BLACK
6
CONTINUOUS
10
1.0628067716535432
20
0.4127514566929134
11
1.0581983464566929
21
0.4093016141732284
0
LINE
8
BLACK
6
CONTINUOUS
10
1.0581983464566929
20
0.4093016141732284
11
1.0547485039370079
21
0.404693188976378
0
LINE
8
BLACK
6
CONTINUOUS
10
1.0547485039370079
20
0.404693188976378
11
1.0547484251968504
21
0.4046929921259843
0
LINE
8
BLACK
6
CONTINUOUS
10
1.0547484251968504
20
0.4046929921259843
11
1.0527366535433071
21
0.3992993700787402
0
LINE
8
BLACK
6
CONTINUOUS
10
1.0527366535433071
20
0.3992993700787402
11
1.0527365748031496
21
0.3992990551181102
0
LINE
8
BLACK
6
CONTINUOUS
10
1.0527365748031496
20
0.3992990551181102
11
1.0524803149606299
21
0.3969153149606299
0
LINE
8
BLACK
6
CONTINUOUS
10
1.0524803149606299
20
0.3969153149606299
11
1.0524803149606299
21
0.3580846456692913
0
LINE
8
BLACK
6
CONTINUOUS
10
1.0524803149606299
20
0.3580846456692913
11
1.0527365748031496
21
0.355700905511811
0
LINE
8
BLACK
6
CONTINUOUS
10
1.0527365748031496
20
0.355700905511811
11
1.0527366535433071
21
0.3557005905511811
0
LINE
8
BLACK
6
CONTINUOUS
10
1.0527366535433071
20
0.3557005905511811
11
1.0547484251968504
21
0.350306968503937
0
LINE
8
BLACK
6
CONTINUOUS
10
1.0547484251968504
20
0.350306968503937
11
1.0547485039370079
21
0.3503067716535433
0
LINE
8
BLACK
6
CONTINUOUS
10
1.0547485039370079
20
0.3503067716535433
11
1.0581983464566929
21
0.3456983858267716
0
LINE
8
BLACK
6
CONTINUOUS
10
1.0581983464566929
20
0.3456983858267716
11
1.0605220866141731
21
0.3439588188976378
0
LINE
8
BLACK
6
CONTINUOUS
10
1.0605220866141731
20
0.3439588188976378
11
1.0621970866141732
21
0.3417211417322835
0
LINE
8
BLACK
6
CONTINUOUS
10
1.0621970866141732
20
0.3417211417322835
11
1.0623964566929134
21
0.3389331496062992
0
LINE
8
BLACK
6
CONTINUOUS
10
1.0623964566929134
20
0.3389331496062992
11
1.0610568503937008
21
0.3364799212598425
0
LINE
8
BLACK
6
CONTINUOUS
10
1.0610568503937008
20
0.3364799212598425
11
1.0605220078740156
21
0.3360164960629921
0
LINE
8
BLACK
6
CONTINUOUS
10
1.0605220078740156
20
0.3360164960629921
11
1.0582124015748031
21
0.3342875590551181
0
LINE
8
BLACK
6
CONTINUOUS
10
1.0582124015748031
20
0.3342875590551181
11
1.0547659448818898
21
0.3296836614173228
0
LINE
8
BLACK
6
CONTINUOUS
10
1.0547659448818898
20
0.3296836614173228
11
1.0547659448818898
21
0.3296836220472441
0
LINE
8
BLACK
6
CONTINUOUS
10
1.0547659448818898
20
0.3296836220472441
11
1.0527561023622047
21
0.324295
0
LINE
8
BLACK
6
CONTINUOUS
10
1.0527561023622047
20
0.324295
11
1.0525
21
0.3219132677165354
0
LINE
8
BLACK
6
CONTINUOUS
10
1.0525
20
0.3219132677165354
11
1.0525
21
0.3125
0
LINE
8
BLACK
6
CONTINUOUS
10
1.0525
20
0.3125
11
1.0725
21
0.3125
0
LINE
8
BLACK
6
CONTINUOUS
10
1.0725
20
0.3125
11
1.0725
21
0.32
0
LINE
8
BLACK
6
CONTINUOUS
10
1.0725
20
0.32
11
1.1274999999999999
21
0.32
0
LINE
8
BLACK
6
CONTINUOUS
10
1.1274999999999999
20
0.32
11
1.1274999999999999
21
0.3125
0
LINE
8
BLACK
6
CONTINUOUS
10
1.1274999999999999
20
0.3125
11
1.1624999999999999
21
0.3125
0
LINE
8
BLACK
6
CONTINUOUS
10
1.1624999999999999
20
0.3125
11
1.1624999999999999
21
0.32
0
LINE
8
BLACK
6
CONTINUOUS
10
1.1624999999999999
20
0.32
11
1.2175
21
0.32
0
LINE
8
BLACK
6
CONTINUOUS
10
1.2175
20
0.32
11
1.2175
21
0.3125
0
LINE
8
BLACK
6
CONTINUOUS
10
1.2175
20
0.3125
11
1.2424999999999999
21
0.3125
0
LINE
8
BLACK
6
CONTINUOUS
10
1.2424999999999999
20
0.3125
11
1.2424999999999999
21
0.32
0
LINE
8
BLACK
6
CONTINUOUS
10
1.2424999999999999
20
0.32
11
1.2974999999999999
21
0.32
0
LINE
8
BLACK
6
CONTINUOUS
10
1.2974999999999999
20
0.32
11
1.2974999999999999
21
0.3125
0
LINE
8
BLACK
6
CONTINUOUS
10
1.2974999999999999
20
0.3125
11
1.3174999999999999
21
0.3125
0
LINE
8
BLACK
6
CONTINUOUS
10
1.3174999999999999
20
0.3125
11
1.3174999999999999
21
0.3219127952755905
0
LINE
8
BLACK
6
CONTINUOUS
10
1.3174999999999999
20
0.3219127952755905
11
1.3174999606299211
21
0.3219132677165354
0
LINE
8
BLACK
6
CONTINUOUS
10
1.3174999606299211
20
0.3219132677165354
11
1.3172438582677166
21
0.324295
0
LINE
8
BLACK
6
CONTINUOUS
10
1.3172438582677166
20
0.324295
11
1.3152340157480316
21
0.3296836220472441
0
LINE
8
BLACK
6
CONTINUOUS
10
1.3152340157480316
20
0.3296836220472441
11
1.3152340157480316
21
0.3296836614173228
0
LINE
8
BLACK
6
CONTINUOUS
10
1.3152340157480316
20
0.3296836614173228
11
1.311787559055118
21
0.3342875196850393
0
LINE
8
BLACK
6
CONTINUOUS
10
1.311787559055118
20
0.3342875196850393
11
1.3094779921259843
21
0.3360164566929134
0
LINE
8
BLACK
6
CONTINUOUS
10
1.3094779921259843
20
0.3360164566929134
11
1.3078029133858267
21
0.338254094488189
0
LINE
8
BLACK
6
CONTINUOUS
10
1.3078029133858267
20
0.338254094488189
11
1.307603464566929
21
0.3410420866141732
0
LINE
8
BLACK
6
CONTINUOUS
10
1.307603464566929
20
0.3410420866141732
11
1.3089430314960631
21
0.3434953543307087
0
LINE
8
BLACK
6
CONTINUOUS
10
1.3089430314960631
20
0.3434953543307087
11
1.3094779133858268
21
0.3439588188976378
0
LINE
8
BLACK
6
CONTINUOUS
10
1.3094779133858268
20
0.3439588188976378
11
1.3118015748031495
21
0.3456983464566929
0
LINE
8
BLACK
6
CONTINUOUS
10
1.3118015748031495
20
0.3456983464566929
11
1.3152514566929134
21
0.3503067716535433
0
LINE
8
BLACK
6
CONTINUOUS
10
1.3152514566929134
20
0.3503067716535433
11
1.3152515354330709
21
0.350306968503937
0
LINE
8
BLACK
6
CONTINUOUS
10
1.3152515354330709
20
0.350306968503937
11
1.3172633070866142
21
0.3557005905511811
0
LINE
8
BLACK
6
CONTINUOUS
10
1.3172633070866142
20
0.3557005905511811
11
1.3172633858267717
21
0.355700905511811
0
LINE
8
BLACK
6
CONTINUOUS
10
1.3172633858267717
20
0.355700905511811
11
1.3175196456692913
21
0.3580846456692913
0
LINE
8
BLACK
6
CONTINUOUS
10
1.3175196456692913
20
0.3580846456692913
11
1.31751968503937
21
0.3580853149606299
0
LINE
8
BLACK
6
CONTINUOUS
10
1.31751968503937
20
0.3580853149606299
11
1.31751968503937
21
0.3969146456692914
0
LINE
8
BLACK
6
CONTINUOUS
10
1.31751968503937
20
0.3969146456692914
11
1.3175196456692913
21
0.3969153149606299
0
LINE
8
BLACK
6
CONTINUOUS
10
1.3175196456692913
20
0.3969153149606299
11
1.3172633858267717
21
0.3992990551181102
0
LINE
8
BLACK
6
CONTINUOUS
10
1.3172633858267717
20
0.3992990551181102
11
1.3172633070866142
21
0.3992993700787402
0
LINE
8
BLACK
6
CONTINUOUS
10
1.3172633070866142
20
0.3992993700787402
11
1.3169866141732283
21
0.4000411417322834
0
LINE
8
BLACK
6
CONTINUOUS
10
1.3169866141732283
20
0.4000411417322834
11
1.3152515354330709
21
0.4046930708661417
0
LINE
8
BLACK
6
CONTINUOUS
10
1.3152515354330709
20
0.4046930708661417
11
1.3132258661417322
21
0.4073990157480315
0
LINE
8
BLACK
6
CONTINUOUS
10
1.3132258661417322
20
0.4073990157480315
11
1.3118016141732283
21
0.4093016141732284
0
LINE
8
BLACK
6
CONTINUOUS
10
1.3118016141732283
20
0.4093016141732284
11
1.3071931889763779
21
0.4127514566929134
0
LINE
8
BLACK
6
CONTINUOUS
10
1.3071931889763779
20
0.4127514566929134
11
1.3071931496062992
21
0.4127514566929134
0
LINE
8
BLACK
6
CONTINUOUS
10
1.3071931496062992
20
0.4127514566929134
11
1.3071930708661417
21
0.4127515354330709
0
LINE
8
BLACK
6
CONTINUOUS
10
1.3071930708661417
20
0.4127515354330709
11
1.3025020472440945
21
0.4145012204724409
0
LINE
8
BLACK
6
CONTINUOUS
10
1.3025020472440945
20
0.4145012204724409
11
1.30179937007874
21
0.4147633070866142
0
LINE
8
BLACK
6
CONTINUOUS
10
1.30179937007874
20
0.4147633070866142
11
1.3017993307086615
21
0.4147633070866142
0
LINE
8
BLACK
6
CONTINUOUS
10
1.3017993307086615
20
0.4147633070866142
11
1.301799251968504
21
0.4147633464566929
0
LINE
8
BLACK
6
CONTINUOUS
10
1.301799251968504
20
0.4147633464566929
11
1.3017991732283465
21
0.4147633464566929
0
LINE
8
BLACK
6
CONTINUOUS
10
1.3017991732283465
20
0.4147633464566929
11
1.3017990551181102
21
0.4147633858267716
0
LINE
8
BLACK
6
CONTINUOUS
10
1.3017990551181102
20
0.4147633858267716
11
1.2994153149606298
21
0.4150196456692913
0
LINE
8
BLACK
6
CONTINUOUS
10
1.2994153149606298
20
0.4150196456692913
11
1.299415157480315
21
0.4150196456692913
0
LINE
8
BLACK
6
CONTINUOUS
10
1.299415157480315
20
0.4150196456692913
11
1.2994148818897637
21
0.4150196850393701
0
LINE
8
BLACK
6
CONTINUOUS
10
1.2994148818897637
20
0.4150196850393701
11
1.2405851181102361
21
0.4150196850393701
0
LINE
8
BLACK
6
CONTINUOUS
10
1.2405851181102361
20
0.4150196850393701
11
1.240584842519685
21
0.4150196456692913
0
LINE
8
BLACK
6
CONTINUOUS
10
1.240584842519685
20
0.4150196456692913
11
1.2405846456692913
21
0.4150196456692913
0
LINE
8
BLACK
6
CONTINUOUS
10
1.2405846456692913
20
0.4150196456692913
11
1.2382009055118111
21
0.4147633858267716
0
LINE
8
BLACK
6
CONTINUOUS
10
1.2382009055118111
20
0.4147633858267716
11
1.2382008661417323
21
0.4147633464566929
0
LINE
8
BLACK
6
CONTINUOUS
10
1.2382008661417323
20
0.4147633464566929
11
1.238200748031496
21
0.4147633464566929
0
LINE
8
BLACK
6
CONTINUOUS
10
1.238200748031496
20
0.4147633464566929
11
1.2365484645669291
21
0.4141470472440945
0
LINE
8
BLACK
6
CONTINUOUS
10
1.2365484645669291
20
0.4141470472440945
11
1.234328779527559
21
0.4138581889763779
0
LINE
8
BLACK
6
CONTINUOUS
10
1.234328779527559
20
0.4138581889763779
11
1.2305596456692913
21
0.4142294094488189
0
LINE
8
BLACK
6
CONTINUOUS
10
1.2305596456692913
20
0.4142294094488189
11
1.2278001181102363
21
0.4145012204724409
0
LINE
8
BLACK
6
CONTINUOUS
10
1.2278001181102363
20
0.4145012204724409
11
1.2277999212598425
21
0.4145012204724409
0
LINE
8
BLACK
6
CONTINUOUS
10
1.2277999212598425
20
0.4145012204724409
11
1.2266679133858267
21
0.4143896850393701
0
LINE
8
BLACK
6
CONTINUOUS
10
1.2266679133858267
20
0.4143896850393701
11
1.2247520472440945
21
0.4142010236220472
0
LINE
8
BLACK
6
CONTINUOUS
10
1.2247520472440945
20
0.4142010236220472
11
1.2225322440944881
21
0.4144899212598425
0
LINE
8
BLACK
6
CONTINUOUS
10
1.2225322440944881
20
0.4144899212598425
11
1.2217992519685039
21
0.4147633464566929
0
LINE
8
BLACK
6
CONTINUOUS
10
1.2217992519685039
20
0.4147633464566929
11
1.2217990944881889
21
0.4147633464566929
0
LINE
8
BLACK
6
CONTINUOUS
10
1.2217990944881889
20
0.4147633464566929
11
1.2217990551181102
21
0.4147633858267716
0
LINE
8
BLACK
6
CONTINUOUS
10
1.2217990551181102
20
0.4147633858267716
11
1.2194153149606299
21
0.4150196456692913
0
LINE
8
BLACK
6
CONTINUOUS
10
1.2194153149606299
20
0.4150196456692913
11
1.2194151574803149
21
0.4150196456692913
0
LINE
8
BLACK
6
CONTINUOUS
10
1.2194151574803149
20
0.4150196456692913
11
1.2194148818897637
21
0.4150196850393701
0
LINE
8
BLACK
6
CONTINUOUS
10
1.2194148818897637
20
0.4150196850393701
11
1.2194146456692914
21
0.4150196850393701
0
LINE
8
BLACK
6
CONTINUOUS
10
1.2194146456692914
20
0.4150196850393701
11
1.2048362992125985
21
0.4150196850393701
0
LINE
8
BLACK
6
CONTINUOUS
10
1.2048362992125985
20
0.4150196850393701
11
1.20215437007874
21
0.4158071653543307
0
LINE
8
BLACK
6
CONTINUOUS
10
1.20215437007874
20
0.4158071653543307
11
1.200323937007874
21
0.4179196062992126
0
LINE
8
BLACK
6
CONTINUOUS
10
1.200323937007874
20
0.4179196062992126
11
1.1999261417322835
21
0.4206862992125984
0
LINE
8
BLACK
6
CONTINUOUS
10
1.1999261417322835
20
0.4206862992125984
11
1.2010873228346457
21
0.4232288188976378
0
LINE
8
BLACK
6
CONTINUOUS
10
1.2010873228346457
20
0.4232288188976378
11
1.2016711811023622
21
0.4237518503937008
0
LINE
8
BLACK
6
CONTINUOUS
10
1.2016711811023622
20
0.4237518503937008
11
1.2016561417322835
21
0.4237688582677165
0
LINE
8
BLACK
6
CONTINUOUS
10
1.2016561417322835
20
0.4237688582677165
11
1.2018807480314961
21
0.4239678346456693
0
LINE
8
BLACK
6
CONTINUOUS
10
1.2018807480314961
20
0.4239678346456693
11
1.2021081102362206
21
0.4242244488188976
0
LINE
8
BLACK
6
CONTINUOUS
10
1.2021081102362206
20
0.4242244488188976
11
1.2034689370078739
21
0.4257605118110236
0
LINE
8
BLACK
6
CONTINUOUS
10
1.2034689370078739
20
0.4257605118110236
11
1.2036742913385827
21
0.4259786220472441
0
LINE
8
BLACK
6
CONTINUOUS
10
1.2036742913385827
20
0.4259786220472441
11
1.3459760236220473
21
0.5682803543307087
0
LINE
8
BLACK
6
CONTINUOUS
10
1.3459760236220473
20
0.5682803543307087
11
1.3484292519685039
21
0.5696199606299213
0
LINE
8
BLACK
6
CONTINUOUS
10
1.3484292519685039
20
0.5696199606299213
11
1.3512172440944881
21
0.5694205511811024
0
LINE
8
BLACK
6
CONTINUOUS
10
1.3512172440944881
20
0.5694205511811024
11
1.3534548818897638
21
0.5677454724409449
0
LINE
8
BLACK
6
CONTINUOUS
10
1.3534548818897638
20
0.5677454724409449
11
1.3544316929133857
21
0.5651265748031495
0
LINE
8
BLACK
6
CONTINUOUS
10
1.3544316929133857
20
0.5651265748031495
11
1.3541315748031495
21
0.5630391338582676
0
LINE
8
BLACK
6
CONTINUOUS
10
1.3541315748031495
20
0.5630391338582676
11
1.3527372440944883
21
0.5593007480314961
0
LINE
8
BLACK
6
CONTINUOUS
10
1.3527372440944883
20
0.5593007480314961
11
1.3527366141732282
21
0.5592990944881889
0
LINE
8
BLACK
6
CONTINUOUS
10
1.3527366141732282
20
0.5592990944881889
11
1.3527365748031497
21
0.5592990551181102
0
LINE
8
BLACK
6
CONTINUOUS
10
1.3527365748031497
20
0.5592990551181102
11
1.3524803149606299
21
0.55691531496063
0
LINE
8
BLACK
6
CONTINUOUS
10
1.3524803149606299
20
0.55691531496063
11
1.3524803149606299
21
0.5330846456692914
0
LINE
8
BLACK
6
CONTINUOUS
10
1.3524803149606299
20
0.5330846456692914
11
1.3527365748031497
21
0.530700905511811
0
LINE
8
BLACK
6
CONTINUOUS
10
1.3527365748031497
20
0.530700905511811
11
1.352736653543307
21
0.5307005905511811
0
LINE
8
BLACK
6
CONTINUOUS
10
1.352736653543307
20
0.5307005905511811
11
1.3547484251968505
21
0.525306968503937
0
LINE
8
BLACK
6
CONTINUOUS
10
1.3547484251968505
20
0.525306968503937
11
1.3547485039370077
21
0.5253067716535433
0
LINE
8
BLACK
6
CONTINUOUS
10
1.3547485039370077
20
0.5253067716535433
11
1.3564957480314961
21
0.5229727952755905
0
LINE
8
BLACK
6
CONTINUOUS
10
1.3564957480314961
20
0.5229727952755905
11
1.357472559055118
21
0.5203538976377953
0
LINE
8
BLACK
6
CONTINUOUS
10
1.357472559055118
20
0.5203538976377953
11
1.3568784251968504
21
0.5176226377952756
0
LINE
8
BLACK
6
CONTINUOUS
10
1.3568784251968504
20
0.5176226377952756
11
1.3564957480314961
21
0.5170272047244094
0
LINE
8
BLACK
6
CONTINUOUS
10
1.3564957480314961
20
0.5170272047244094
11
1.3547485039370077
21
0.5146931889763779
0
LINE
8
BLACK
6
CONTINUOUS
10
1.3547485039370077
20
0.5146931889763779
11
1.3547484251968505
21
0.5146929921259843
0
LINE
8
BLACK
6
CONTINUOUS
10
1.3547484251968505
20
0.5146929921259843
11
1.352736653543307
21
0.5092993700787402
0
LINE
8
BLACK
6
CONTINUOUS
10
1.352736653543307
20
0.5092993700787402
11
1.3527365748031497
21
0.5092990551181102
0
LINE
8
BLACK
6
CONTINUOUS
10
1.3527365748031497
20
0.5092990551181102
11
1.3524803149606299
21
0.5069153149606299
0
LINE
8
BLACK
6
CONTINUOUS
10
1.3524803149606299
20
0.5069153149606299
11
1.3524803149606299
21
0.4830846456692913
0
LINE
8
BLACK
6
CONTINUOUS
10
1.3524803149606299
20
0.4830846456692913
11
1.3527365748031497
21
0.480700905511811
0
LINE
8
BLACK
6
CONTINUOUS
10
1.3527365748031497
20
0.480700905511811
11
1.352736653543307
21
0.4807005905511811
0
LINE
8
BLACK
6
CONTINUOUS
10
1.352736653543307
20
0.4807005905511811
11
1.3547484251968505
21
0.475306968503937
0
LINE
8
BLACK
6
CONTINUOUS
10
1.3547484251968505
20
0.475306968503937
11
1.3547485039370077
21
0.4753067716535433
0
LINE
8
BLACK
6
CONTINUOUS
10
1.3547485039370077
20
0.4753067716535433
11
1.3564957480314961
21
0.4729727952755906
0
LINE
8
BLACK
6
CONTINUOUS
10
1.3564957480314961
20
0.4729727952755906
11
1.357472559055118
21
0.4703538976377953
0
LINE
8
BLACK
6
CONTINUOUS
10
1.357472559055118
20
0.4703538976377953
11
1.3568784251968504
21
0.4676226377952756
0
LINE
8
BLACK
6
CONTINUOUS
10
1.3568784251968504
20
0.4676226377952756
11
1.3564957480314961
21
0.4670272047244095
0
LINE
8
BLACK
6
CONTINUOUS
10
1.3564957480314961
20
0.4670272047244095
11
1.3547485039370077
21
0.464693188976378
0
LINE
8
BLACK
6
CONTINUOUS
10
1.3547485039370077
20
0.464693188976378
11
1.3547484251968505
21
0.4646929921259842
0
LINE
8
BLACK
6
CONTINUOUS
10
1.3547484251968505
20
0.4646929921259842
11
1.352736653543307
21
0.4592993700787402
0
LINE
8
BLACK
6
CONTINUOUS
10
1.352736653543307
20
0.4592993700787402
11
1.3527365748031497
21
0.4592990551181102
0
LINE
8
BLACK
6
CONTINUOUS
10
1.3527365748031497
20
0.4592990551181102
11
1.3524803149606299
21
0.4569153149606299
0
LINE
8
BLACK
6
CONTINUOUS
10
1.3524803149606299
20
0.4569153149606299
11
1.3524803149606299
21
0.4330846456692913
0
LINE
8
BLACK
6
CONTINUOUS
10
1.3524803149606299
20
0.4330846456692913
11
1.3527365748031497
21
0.430700905511811
0
LINE
8
BLACK
6
CONTINUOUS
10
1.3527365748031497
20
0.430700905511811
11
1.352736653543307
21
0.4307005905511811
0
LINE
8
BLACK
6
CONTINUOUS
10
1.352736653543307
20
0.4307005905511811
11
1.3547484251968505
21
0.425306968503937
0
LINE
8
BLACK
6
CONTINUOUS
10
1.3547484251968505
20
0.425306968503937
11
1.3547485039370077
21
0.4253067716535433
0
LINE
8
BLACK
6
CONTINUOUS
10
1.3547485039370077
20
0.4253067716535433
11
1.3581983464566929
21
0.4206983464566929
0
LINE
8
BLACK
6
CONTINUOUS
10
1.3581983464566929
20
0.4206983464566929
11
1.3628067716535432
21
0.4172485039370079
0
LINE
8
BLACK
6
CONTINUOUS
10
1.3628067716535432
20
0.4172485039370079
11
1.362806968503937
21
0.4172484251968504
0
LINE
8
BLACK
6
CONTINUOUS
10
1.362806968503937
20
0.4172484251968504
11
1.3682005905511812
21
0.4152366535433071
0
LINE
8
BLACK
6
CONTINUOUS
10
1.3682005905511812
20
0.4152366535433071
11
1.3682009055118109
21
0.4152365748031496
0
LINE
8
BLACK
6
CONTINUOUS
10
1.3682009055118109
20
0.4152365748031496
11
1.3705846456692914
21
0.4149803149606299
0
LINE
8
BLACK
6
CONTINUOUS
10
1.3705846456692914
20
0.4149803149606299
11
1.3705851181102362
21
0.4149803149606299
0
LINE
8
BLACK
6
CONTINUOUS
10
1.3705851181102362
20
0.4149803149606299
11
1.3835173228346456
21
0.4149803149606299
0
LINE
8
BLACK
6
CONTINUOUS
10
1.3835173228346456
20
0.4149803149606299
11
1.3861992519685038
21
0.4141928346456693
0
LINE
8
BLACK
6
CONTINUOUS
10
1.3861992519685038
20
0.4141928346456693
11
1.387025
21
0.4135273622047244
0
LINE
8
BLACK
6
CONTINUOUS
10
1.387025
20
0.4135273622047244
11
1.393153346456693
21
0.4073990157480315
0
LINE
8
BLACK
6
CONTINUOUS
10
1.393153346456693
20
0.4073990157480315
11
1.3944929527559056
21
0.4049457874015748
0
LINE
8
BLACK
6
CONTINUOUS
10
1.3944929527559056
20
0.4049457874015748
11
1.3946062992125985
21
0.4038913385826772
0
LINE
8
BLACK
6
CONTINUOUS
10
1.3946062992125985
20
0.4038913385826772
11
1.3946062992125985
21
0.3872101181102362
0
LINE
8
BLACK
6
CONTINUOUS
10
1.3946062992125985
20
0.3872101181102362
11
1.3938188188976377
21
0.384528188976378
0
LINE
8
BLACK
6
CONTINUOUS
10
1.3938188188976377
20
0.384528188976378
11
1.3926185433070866
21
0.3832390157480315
0
LINE
8
BLACK
6
CONTINUOUS
10
1.3926185433070866
20
0.3832390157480315
11
1.3906983858267716
21
0.3818016141732283
0
LINE
8
BLACK
6
CONTINUOUS
10
1.3906983858267716
20
0.3818016141732283
11
1.3906983464566929
21
0.3818015748031496
0
LINE
8
BLACK
6
CONTINUOUS
10
1.3906983464566929
20
0.3818015748031496
11
1.3872485039370079
21
0.3771931889763779
0
LINE
8
BLACK
6
CONTINUOUS
10
1.3872485039370079
20
0.3771931889763779
11
1.3872484251968504
21
0.3771929921259842
0
LINE
8
BLACK
6
CONTINUOUS
10
1.3872484251968504
20
0.3771929921259842
11
1.3852366535433072
21
0.3717993700787401
0
LINE
8
BLACK
6
CONTINUOUS
10
1.3852366535433072
20
0.3717993700787401
11
1.3852365748031497
21
0.3717990551181102
0
LINE
8
BLACK
6
CONTINUOUS
10
1.3852365748031497
20
0.3717990551181102
11
1.3849803149606299
21
0.3694153149606299
0
LINE
8
BLACK
6
CONTINUOUS
10
1.3849803149606299
20
0.3694153149606299
11
1.3849803149606299
21
0.3495504724409449
0
LINE
8
BLACK
6
CONTINUOUS
10
1.3849803149606299
20
0.3495504724409449
11
1.3841928346456693
21
0.3468685433070866
0
LINE
8
BLACK
6
CONTINUOUS
10
1.3841928346456693
20
0.3468685433070866
11
1.3835273622047244
21
0.3460427952755906
0
LINE
8
BLACK
6
CONTINUOUS
10
1.3835273622047244
20
0.3460427952755906
11
1.3259683070866142
21
0.2884837401574803
0
LINE
8
BLACK
6
CONTINUOUS
10
1.3259683070866142
20
0.2884837401574803
11
1.3235150787401575
21
0.2871441338582677
0
LINE
8
BLACK
6
CONTINUOUS
10
1.3235150787401575
20
0.2871441338582677
11
1.3207270866141732
21
0.2873435433070866
0
LINE
8
BLACK
6
CONTINUOUS
10
1.3207270866141732
20
0.2873435433070866
11
1.3184894488188976
21
0.2890186220472441
0
LINE
8
BLACK
6
CONTINUOUS
10
1.3184894488188976
20
0.2890186220472441
11
1.3175126377952755
21
0.2916375196850394
0
LINE
8
BLACK
6
CONTINUOUS
10
1.3175126377952755
20
0.2916375196850394
11
1.3174999999999999
21
0.2919914173228346
0
LINE
8
BLACK
6
CONTINUOUS
10
1.3174999999999999
20
0.2919914173228346
11
1.3174999999999999
21
0.2925
0
LINE
8
BLACK
6
CONTINUOUS
10
1.3174999999999999
20
0.2925
11
1.2974999999999999
21
0.2925
0
LINE
8
BLACK
6
CONTINUOUS
10
1.2974999999999999
20
0.2925
11
1.2974999999999999
21
0.285
0
LINE
8
BLACK
6
CONTINUOUS
10
1.2974999999999999
20
0.285
11
1.28
21
0.285
0
LINE
8
BLACK
6
CONTINUOUS
10
1.28
20
0.285
11
1.28
21
0.265
0
LINE
8
BLACK
6
CONTINUOUS
10
1.28
20
0.265
11
1.2905085826771654
21
0.265
0
LINE
8
BLACK
6
CONTINUOUS
10
1.2905085826771654
20
0.265
11
1.2931905118110236
21
0.2642125196850393
0
LINE
8
BLACK
6
CONTINUOUS
10
1.2931905118110236
20
0.2642125196850393
11
1.2950209448818897
21
0.2621000787401574
0
LINE
8
BLACK
6
CONTINUOUS
10
1.2950209448818897
20
0.2621000787401574
11
1.2954187401574804
21
0.2593333858267716
0
LINE
8
BLACK
6
CONTINUOUS
10
1.2954187401574804
20
0.2593333858267716
11
1.2942575590551182
21
0.2567908661417323
0
LINE
8
BLACK
6
CONTINUOUS
10
1.2942575590551182
20
0.2567908661417323
11
1.2940162598425196
21
0.2565316929133858
0
LINE
8
BLACK
6
CONTINUOUS
10
1.2940162598425196
20
0.2565316929133858
11
1.2914572047244095
21
0.2539726377952756
0
LINE
8
BLACK
6
CONTINUOUS
10
1.2914572047244095
20
0.2539726377952756
11
1.2890039763779528
21
0.252633031496063
0
LINE
8
BLACK
6
CONTINUOUS
10
1.2890039763779528
20
0.252633031496063
11
1.2879495275590551
21
0.2525196850393701
0
LINE
8
BLACK
6
CONTINUOUS
10
1.2879495275590551
20
0.2525196850393701
11
1.2755851181102362
21
0.2525196850393701
0
LINE
8
BLACK
6
CONTINUOUS
10
1.2755851181102362
20
0.2525196850393701
11
1.275584842519685
21
0.2525196456692914
0
LINE
8
BLACK
6
CONTINUOUS
10
1.275584842519685
20
0.2525196456692914
11
1.2755846456692914
21
0.2525196456692914
0
LINE
8
BLACK
6
CONTINUOUS
10
1.2755846456692914
20
0.2525196456692914
11
1.273200905511811
21
0.2522633858267717
0
LINE
8
BLACK
6
CONTINUOUS
10
1.273200905511811
20
0.2522633858267717
11
1.2732005905511812
21
0.2522633070866142
0
LINE
8
BLACK
6
CONTINUOUS
10
1.2732005905511812
20
0.2522633070866142
11
1.270132874015748
21
0.2511190551181102
0
LINE
8
BLACK
6
CONTINUOUS
10
1.270132874015748
20
0.2511190551181102
11
1.2678069291338583
21
0.2502515354330709
0
LINE
8
BLACK
6
CONTINUOUS
10
1.2678069291338583
20
0.2502515354330709
11
1.2631983858267717
21
0.2468016141732284
0
LINE
8
BLACK
6
CONTINUOUS
10
1.2631983858267717
20
0.2468016141732284
11
1.2631982677165354
21
0.2468014960629921
0
LINE
8
BLACK
6
CONTINUOUS
10
1.2631982677165354
20
0.2468014960629921
11
1.2629728346456692
21
0.2466327165354331
0
LINE
8
BLACK
6
CONTINUOUS
10
1.2629728346456692
20
0.2466327165354331
11
1.260353937007874
21
0.245655905511811
0
LINE
8
BLACK
6
CONTINUOUS
10
1.260353937007874
20
0.245655905511811
11
1.2576226377952755
21
0.2462500393700787
0
LINE
8
BLACK
6
CONTINUOUS
10
1.2576226377952755
20
0.2462500393700787
11
1.2570271653543308
21
0.2466327165354331
0
LINE
8
BLACK
6
CONTINUOUS
10
1.2570271653543308
20
0.2466327165354331
11
1.2568016929133858
21
0.2468014960629921
0
LINE
8
BLACK
6
CONTINUOUS
10
1.2568016929133858
20
0.2468014960629921
11
1.2568016141732283
21
0.2468016141732284
0
LINE
8
BLACK
6
CONTINUOUS
10
1.2568016141732283
20
0.2468016141732284
11
1.2521930708661417
21
0.2502515354330709
0
LINE
8
BLACK
6
CONTINUOUS
10
1.2521930708661417
20
0.2502515354330709
11
1.2467992519685038
21
0.2522633464566929
0
LINE
8
BLACK
6
CONTINUOUS
10
1.2467992519685038
20
0.2522633464566929
11
1.2467991732283463
21
0.2522633464566929
0
LINE
8
BLACK
6
CONTINUOUS
10
1.2467991732283463
20
0.2522633464566929
11
1.2467990551181103
21
0.2522633858267717
0
LINE
8
BLACK
6
CONTINUOUS
10
1.2467990551181103
20
0.2522633858267717
11
1.2444153149606298
21
0.2525196456692914
0
LINE
8
BLACK
6
CONTINUOUS
10
1.2444153149606298
20
0.2525196456692914
11
1.2444151574803148
21
0.2525196456692914
0
LINE
8
BLACK
6
CONTINUOUS
10
1.2444151574803148
20
0.2525196456692914
11
1.2444148818897638
21
0.2525196850393701
0
LINE
8
BLACK
6
CONTINUOUS
10
1.2444148818897638
20
0.2525196850393701
11
1.1755851181102361
21
0.2525196850393701
0
LINE
8
BLACK
6
CONTINUOUS
10
1.1755851181102361
20
0.2525196850393701
11
1.1755848425196851
21
0.2525196456692914
0
LINE
8
BLACK
6
CONTINUOUS
10
1.1755848425196851
20
0.2525196456692914
11
1.1755846456692913
21
0.2525196456692914
0
LINE
8
BLACK
6
CONTINUOUS
10
1.1755846456692913
20
0.2525196456692914
11
1.1732009055118109
21
0.2522633858267717
0
LINE
8
BLACK
6
CONTINUOUS
10
1.1732009055118109
20
0.2522633858267717
11
1.1732005905511811
21
0.2522633070866142
0
LINE
8
BLACK
6
CONTINUOUS
10
1.1732005905511811
20
0.2522633070866142
11
1.1701328740157479
21
0.2511190551181102
0
LINE
8
BLACK
6
CONTINUOUS
10
1.1701328740157479
20
0.2511190551181102
11
1.1678069291338582
21
0.2502515354330709
0
LINE
8
BLACK
6
CONTINUOUS
10
1.1678069291338582
20
0.2502515354330709
11
1.1678068503937007
21
0.2502514960629921
0
LINE
8
BLACK
6
CONTINUOUS
10
1.1678068503937007
20
0.2502514960629921
11
1.1678067716535432
21
0.2502514566929134
0
LINE
8
BLACK
6
CONTINUOUS
10
1.1678067716535432
20
0.2502514566929134
11
1.1629563385826771
21
0.2466204330708661
0
LINE
8
BLACK
6
CONTINUOUS
10
1.1629563385826771
20
0.2466204330708661
11
1.1603374409448819
21
0.2456436220472441
0
LINE
8
BLACK
6
CONTINUOUS
10
1.1603374409448819
20
0.2456436220472441
11
1.1576061811023621
21
0.2462377559055118
0
LINE
8
BLACK
6
CONTINUOUS
10
1.1576061811023621
20
0.2462377559055118
11
1.1570107086614172
21
0.2466204724409449
0
LINE
8
BLACK
6
CONTINUOUS
10
1.1570107086614172
20
0.2466204724409449
11
1.1521837007874016
21
0.2502339763779527
0
LINE
8
BLACK
6
CONTINUOUS
10
1.1521837007874016
20
0.2502339763779527
11
1.1521836220472441
21
0.2502340157480315
0
LINE
8
BLACK
6
CONTINUOUS
10
1.1521836220472441
20
0.2502340157480315
11
1.146795
21
0.2522438582677165
0
LINE
8
BLACK
6
CONTINUOUS
10
1.146795
20
0.2522438582677165
11
1.1444132677165355
21
0.2524999606299212
0
LINE
8
BLACK
6
CONTINUOUS
10
1.1444132677165355
20
0.2524999606299212
11
1.1444127952755905
21
0.2525
0
LINE
8
BLACK
6
CONTINUOUS
10
1.1444127952755905
20
0.2525
11
1.1199999999999999
21
0.2525
0
LINE
8
BLACK
6
CONTINUOUS
10
1.1199999999999999
20
0.2525
11
1.1199999999999999
21
0.2325
0
LINE
8
BLACK
6
CONTINUOUS
10
1.1199999999999999
20
0.2325
11
1.1425000000000001
21
0.2325
0
LINE
8
BLACK
6
CONTINUOUS
10
1.1425000000000001
20
0.2325
11
1.1425000000000001
21
0.1675
0
LINE
8
BLACK
6
CONTINUOUS
10
1.1425000000000001
20
0.1675
11
1.1199999999999999
21
0.1675
0
LINE
8
BLACK
6
CONTINUOUS
10
1.1199999999999999
20
0.1675
11
1.1199999999999999
21
0.1325
0
LINE
8
BLACK
6
CONTINUOUS
10
1.1199999999999999
20
0.1325
11
1.1425000000000001
21
0.1325
0
LINE
8
BLACK
6
CONTINUOUS
10
1.1425000000000001
20
0.1325
11
1.1425000000000001
21
0.0675
0
LINE
8
BLACK
6
CONTINUOUS
10
1.1425000000000001
20
0.0675
11
1.1199999999999999
21
0.0675
0
LINE
8
BLACK
6
CONTINUOUS
10
1.1199999999999999
20
0.0675
11
1.1199999999999999
21
0.0475
0
LINE
8
BLACK
6
CONTINUOUS
10
1.1199999999999999
20
0.0475
11
1.1444132677165355
21
0.0475
0
LINE
8
BLACK
6
CONTINUOUS
10
1.1444132677165355
20
0.0475
11
1.146795
21
0.0477561023622047
0
LINE
8
BLACK
6
CONTINUOUS
10
1.146795
20
0.0477561023622047
11
1.1521836220472441
21
0.0497659448818898
0
LINE
8
BLACK
6
CONTINUOUS
10
1.1521836220472441
20
0.0497659448818898
11
1.1521836614173229
21
0.0497659448818898
0
LINE
8
BLACK
6
CONTINUOUS
10
1.1521836614173229
20
0.0497659448818898
11
1.1570107874015747
21
0.0533795275590551
0
LINE
8
BLACK
6
CONTINUOUS
10
1.1570107874015747
20
0.0533795275590551
11
1.1596296850393701
21
0.0543563385826772
0
LINE
8
BLACK
6
CONTINUOUS
10
1.1596296850393701
20
0.0543563385826772
11
1.1623609448818897
21
0.0537622047244095
0
LINE
8
BLACK
6
CONTINUOUS
10
1.1623609448818897
20
0.0537622047244095
11
1.1629563779527559
21
0.0533795275590551
0
LINE
8
BLACK
6
CONTINUOUS
10
1.1629563779527559
20
0.0533795275590551
11
1.1678067716535432
21
0.0497485039370079
0
LINE
8
BLACK
6
CONTINUOUS
10
1.1678067716535432
20
0.0497485039370079
11
1.1678069685039369
21
0.0497484251968504
0
LINE
8
BLACK
6
CONTINUOUS
10
1.1678069685039369
20
0.0497484251968504
11
1.1732005905511811
21
0.0477366535433071
0
LINE
8
BLACK
6
CONTINUOUS
10
1.1732005905511811
20
0.0477366535433071
11
1.1732009055118109
21
0.0477365748031496
0
LINE
8
BLACK
6
CONTINUOUS
10
1.1732009055118109
20
0.0477365748031496
11
1.1755846456692913
21
0.0474803149606299
0
LINE
8
BLACK
6
CONTINUOUS
10
1.1755846456692913
20
0.0474803149606299
11
1.1755851181102361
21
0.0474803149606299
0
LINE
8
BLACK
6
CONTINUOUS
10
1.1755851181102361
20
0.0474803149606299
11
1.2154495275590551
21
0.0474803149606299
0
LINE
8
BLACK
6
CONTINUOUS
10
1.2154495275590551
20
0.0474803149606299
11
1.2181314566929133
21
0.0466928346456693
0
LINE
8
BLACK
6
CONTINUOUS
10
1.2181314566929133
20
0.0466928346456693
11
1.2189572047244095
21
0.0460273622047244
0
LINE
8
BLACK
6
CONTINUOUS
10
1.2189572047244095
20
0.0460273622047244
11
1.2392673228346456
21
0.0257172440944882
0
LINE
8
BLACK
6
CONTINUOUS
10
1.2392673228346456
20
0.0257172440944882
11
1.2443393700787402
21
0.0206451968503937
0
LINE
8
BLACK
6
CONTINUOUS
10
1.2443393700787402
20
0.0206451968503937
11
1.2445280708661417
21
0.0204564960629921
0
LINE
8
BLACK
6
CONTINUOUS
10
1.2445280708661417
20
0.0204564960629921
11
1.2458676377952755
21
0.0180032677165354
0
LINE
8
BLACK
6
CONTINUOUS
10
1.2458676377952755
20
0.0180032677165354
11
1.2456682283464566
21
0.0152152362204724
0
LINE
8
BLACK
6
CONTINUOUS
10
1.2456682283464566
20
0.0152152362204724
11
1.2439931496062993
21
0.0129776377952756
0
LINE
8
BLACK
6
CONTINUOUS
10
1.2439931496062993
20
0.0129776377952756
11
1.2413742125984251
21
0.0120008267716535
0
LINE
8
BLACK
6
CONTINUOUS
10
1.2413742125984251
20
0.0120008267716535
11
1.2410203543307086
21
0.011988188976378
0
LINE
8
BLACK
6
CONTINUOUS
10
1.2410203543307086
20
0.011988188976378
11
1.0544914566929133
21
0.011988188976378
0
LINE
8
BLACK
6
CONTINUOUS
10
1.0544914566929133
20
0.011988188976378
11
1.0518095275590551
21
0.0127756692913386
0
LINE
8
BLACK
6
CONTINUOUS
10
1.0518095275590551
20
0.0127756692913386
11
1.049979094488189
21
0.0148881102362205
0
LINE
8
BLACK
6
CONTINUOUS
10
1.049979094488189
20
0.0148881102362205
11
1.049531653543307
21
0.0168584645669291
0
LINE
8
BLACK
6
CONTINUOUS
10
1.049531653543307
20
0.0168584645669291
11
1.0493702362204724
21
0.0257172440944882
0
LINE
8
BLACK
6
CONTINUOUS
10
1.0493702362204724
20
0.0257172440944882
11
1.0488896062992126
21
0.0520970078740157
0
LINE
8
BLACK
6
CONTINUOUS
10
1.0488896062992126
20
0.0520970078740157
11
1.0488896850393701
21
0.0520884645669291
0
LINE
8
BLACK
6
CONTINUOUS
10
1.0488896850393701
20
0.0520884645669291
11
1.049364094488189
21
0.017015905511811
0
LINE
8
BLACK
6
CONTINUOUS
10
1.049364094488189
20
0.017015905511811
11
1.0486129921259841
21
0.0143235826771654
0
LINE
8
BLACK
6
CONTINUOUS
10
1.0486129921259841
20
0.0143235826771654
11
1.0465255118110235
21
0.0124647637795276
0
LINE
8
BLACK
6
CONTINUOUS
10
1.0465255118110235
20
0.0124647637795276
11
1.0444039370078739
21
0.011988188976378
0
LINE
8
BLACK
6
CONTINUOUS
10
1.0444039370078739
20
0.011988188976378
11
0.0169488188976378
21
0.011988188976378
0
LINE
8
BLACK
6
CONTINUOUS
10
0.0169488188976378
20
0.011988188976378
11
0.0142668897637795
21
0.0127756692913386
0
LINE
8
BLACK
6
CONTINUOUS
10
0.0142668897637795
20
0.0127756692913386
11
0.0124364566929134
21
0.0148881102362205
0
LINE
8
BLACK
6
CONTINUOUS
10
0.0124364566929134
20
0.0148881102362205
11
0.011988188976378
21
0.0169488188976378
0
LINE
8
BLACK
6
CONTINUOUS
10
0.011988188976378
20
0.0169488188976378
11
0.011988188976378
21
0.2465866929133858
0
LINE
8
BLACK
6
CONTINUOUS
10
0.011988188976378
20
0.2465866929133858
11
0.011988188976378
21
0.7975
0
LINE
8
BLACK
6
CONTINUOUS
10
0.011988188976378
20
0.7975
11
0.011988188976378
21
1.0674999999999999
0
LINE
8
BLACK
6
CONTINUOUS
10
0.011988188976378
20
1.0674999999999999
11
0.011988188976378
21
1.1830511811023621
0
LINE
8
BLACK
6
CONTINUOUS
10
0.011988188976378
20
1.1830511811023621
11
0.0127756692913386
21
1.1857331102362205
0
LINE
8
BLACK
6
CONTINUOUS
10
0.0127756692913386
20
1.1857331102362205
11
0.0148881102362205
21
1.1875635433070866
0
LINE
8
BLACK
6
CONTINUOUS
10
0.0148881102362205
20
1.1875635433070866
11
0.0169488188976378
21
1.188011811023622
0
LINE
8
BLACK
6
CONTINUOUS
10
0.0169488188976378
20
1.188011811023622
11
1.9830511811023621
21
1.188011811023622
0
LINE
8
BLACK
6
CONTINUOUS
10
1.9830511811023621
20
1.188011811023622
11
1.9857331102362203
21
1.1872243307086614
0
LINE
8
BLACK
6
CONTINUOUS
10
1.0574999999999999
20
0.09
11
1.0574999999999999
21
0.0655866929133858
0
LINE
8
BLACK
6
CONTINUOUS
10
1.0574999999999999
20
0.0655866929133858
11
1.0577561023622046
21
0.0632049606299213
0
LINE
8
BLACK
6
CONTINUOUS
10
1.0577561023622046
20
0.0632049606299213
11
1.0597659448818897
21
0.0578163385826772
0
LINE
8
BLACK
6
CONTINUOUS
10
1.0597659448818897
20
0.0578163385826772
11
1.0597659448818897
21
0.0578162992125984
0
LINE
8
BLACK
6
CONTINUOUS
10
1.0597659448818897
20
0.0578162992125984
11
1.0632124015748032
21
0.0532124015748031
0
LINE
8
BLACK
6
CONTINUOUS
10
1.0632124015748032
20
0.0532124015748031
11
1.0678162992125984
21
0.0497659448818898
0
LINE
8
BLACK
6
CONTINUOUS
10
1.0678162992125984
20
0.0497659448818898
11
1.0732049606299212
21
0.0477561023622047
0
LINE
8
BLACK
6
CONTINUOUS
10
1.0732049606299212
20
0.0477561023622047
11
1.0755866929133857
21
0.0475
0
LINE
8
BLACK
6
CONTINUOUS
10
1.0755866929133857
20
0.0475
11
1.0999999999999999
21
0.0475
0
LINE
8
BLACK
6
CONTINUOUS
10
1.0999999999999999
20
0.0475
11
1.0999999999999999
21
0.0675
0
LINE
8
BLACK
6
CONTINUOUS
10
1.0999999999999999
20
0.0675
11
1.0774999999999999
21
0.0675
0
LINE
8
BLACK
6
CONTINUOUS
10
1.0774999999999999
20
0.0675
11
1.0774999999999999
21
0.09
0
LINE
8
BLACK
6
CONTINUOUS
10
1.0774999999999999
20
0.09
11
1.0574999999999999
21
0.09
0
LINE
8
BLACK
6
CONTINUOUS
10
1.5425
20
0.0675
11
1.52
21
0.0675
0
LINE
8
BLACK
6
CONTINUOUS
10
1.52
20
0.0675
11
1.52
21
0.0475
0
LINE
8
BLACK
6
CONTINUOUS
10
1.52
20
0.0475
11
1.5444132677165354
21
0.0475
0
LINE
8
BLACK
6
CONTINUOUS
10
1.5444132677165354
20
0.0475
11
1.5467949999999999
21
0.0477561023622047
0
LINE
8
BLACK
6
CONTINUOUS
10
1.5467949999999999
20
0.0477561023622047
11
1.552183622047244
21
0.0497659448818898
0
LINE
8
BLACK
6
CONTINUOUS
10
1.552183622047244
20
0.0497659448818898
11
1.5521836614173228
21
0.0497659448818898
0
LINE
8
BLACK
6
CONTINUOUS
10
1.5521836614173228
20
0.0497659448818898
11
1.5567875590551181
21
0.0532124015748031
0
LINE
8
BLACK
6
CONTINUOUS
10
1.5567875590551181
20
0.0532124015748031
11
1.5602340157480314
21
0.0578162992125984
0
LINE
8
BLACK
6
CONTINUOUS
10
1.5602340157480314
20
0.0578162992125984
11
1.5602340157480314
21
0.0578163385826772
0
LINE
8
BLACK
6
CONTINUOUS
10
1.5602340157480314
20
0.0578163385826772
11
1.5622438582677165
21
0.0632049606299213
0
LINE
8
BLACK
6
CONTINUOUS
10
1.5622438582677165
20
0.0632049606299213
11
1.5624999606299212
21
0.0655866929133858
0
LINE
8
BLACK
6
CONTINUOUS
10
1.5624999606299212
20
0.0655866929133858
11
1.5625
21
0.0655871653543307
0
LINE
8
BLACK
6
CONTINUOUS
10
1.5625
20
0.0655871653543307
11
1.5625
21
0.09
0
LINE
8
BLACK
6
CONTINUOUS
10
1.5625
20
0.09
11
1.5425
21
0.09
0
LINE
8
BLACK
6
CONTINUOUS
10
1.5425
20
0.09
11
1.5425
21
0.0675
0
LINE
8
BLACK
6
CONTINUOUS
10
1.5425
20
0.1675
11
1.52
21
0.1675
0
LINE
8
BLACK
6
CONTINUOUS
10
1.52
20
0.1675
11
1.52
21
0.1325
0
LINE
8
BLACK
6
CONTINUOUS
10
1.52
20
0.1325
11
1.5425
21
0.1325
0
LINE
8
BLACK
6
CONTINUOUS
10
1.5425
20
0.1325
11
1.5425
21
0.11
0
LINE
8
BLACK
6
CONTINUOUS
10
1.5425
20
0.11
11
1.5625
21
0.11
0
LINE
8
BLACK
6
CONTINUOUS
10
1.5625
20
0.11
11
1.5625
21
0.1344127952755906
0
LINE
8
BLACK
6
CONTINUOUS
10
1.5625
20
0.1344127952755906
11
1.5624999606299212
21
0.1344132677165354
0
LINE
8
BLACK
6
CONTINUOUS
10
1.5624999606299212
20
0.1344132677165354
11
1.5622438582677165
21
0.136795
0
LINE
8
BLACK
6
CONTINUOUS
10
1.5622438582677165
20
0.136795
11
1.5602340551181102
21
0.1421835826771654
0
LINE
8
BLACK
6
CONTINUOUS
10
1.5602340551181102
20
0.1421835826771654
11
1.5566081496062991
21
0.1470271653543307
0
LINE
8
BLACK
6
CONTINUOUS
10
1.5566081496062991
20
0.1470271653543307
11
1.5556313385826772
21
0.149646062992126
0
LINE
8
BLACK
6
CONTINUOUS
10
1.5556313385826772
20
0.149646062992126
11
1.5562254724409448
21
0.1523773622047244
0
LINE
8
BLACK
6
CONTINUOUS
10
1.5562254724409448
20
0.1523773622047244
11
1.5566081496062991
21
0.1529728346456693
0
LINE
8
BLACK
6
CONTINUOUS
10
1.5566081496062991
20
0.1529728346456693
11
1.5602340551181102
21
0.1578163779527559
0
LINE
8
BLACK
6
CONTINUOUS
10
1.5602340551181102
20
0.1578163779527559
11
1.5622438582677165
21
0.1632049606299213
0
LINE
8
BLACK
6
CONTINUOUS
10
1.5622438582677165
20
0.1632049606299213
11
1.5624999606299212
21
0.1655866929133858
0
LINE
8
BLACK
6
CONTINUOUS
10
1.5624999606299212
20
0.1655866929133858
11
1.5625
21
0.1655871653543307
0
LINE
8
BLACK
6
CONTINUOUS
10
1.5625
20
0.1655871653543307
11
1.5625
21
0.19
0
LINE
8
BLACK
6
CONTINUOUS
10
1.5625
20
0.19
11
1.5425
21
0.19
0
LINE
8
BLACK
6
CONTINUOUS
10
1.5425
20
0.19
11
1.5425
21
0.1675
0
LINE
8
BLACK
6
CONTINUOUS
10
1.0574999999999999
20
0.19
11
1.0574999999999999
21
0.1655866929133858
0
LINE
8
BLACK
6
CONTINUOUS
10
1.0574999999999999
20
0.1655866929133858
11
1.0577561023622046
21
0.1632049606299213
0
LINE
8
BLACK
6
CONTINUOUS
10
1.0577561023622046
20
0.1632049606299213
11
1.0597659448818897
21
0.1578163385826772
0
LINE
8
BLACK
6
CONTINUOUS
10
1.0597659448818897
20
0.1578163385826772
11
1.0597659448818897
21
0.1578162992125984
0
LINE
8
BLACK
6
CONTINUOUS
10
1.0597659448818897
20
0.1578162992125984
11
1.063391811023622
21
0.1529727952755905
0
LINE
8
BLACK
6
CONTINUOUS
10
1.063391811023622
20
0.1529727952755905
11
1.0643686220472441
21
0.1503538976377953
0
LINE
8
BLACK
6
CONTINUOUS
10
1.0643686220472441
20
0.1503538976377953
11
1.0637744881889764
21
0.1476226377952756
0
LINE
8
BLACK
6
CONTINUOUS
10
1.0637744881889764
20
0.1476226377952756
11
1.063391811023622
21
0.1470272047244094
0
LINE
8
BLACK
6
CONTINUOUS
10
1.063391811023622
20
0.1470272047244094
11
1.0597659448818897
21
0.1421836614173228
0
LINE
8
BLACK
6
CONTINUOUS
10
1.0597659448818897
20
0.1421836614173228
11
1.0597659448818897
21
0.1421836220472441
0
LINE
8
BLACK
6
CONTINUOUS
10
1.0597659448818897
20
0.1421836220472441
11
1.0577561023622046
21
0.136795
0
LINE
8
BLACK
6
CONTINUOUS
10
1.0577561023622046
20
0.136795
11
1.0574999999999999
21
0.1344132677165354
0
LINE
8
BLACK
6
CONTINUOUS
10
1.0574999999999999
20
0.1344132677165354
11
1.0574999999999999
21
0.11
0
LINE
8
BLACK
6
CONTINUOUS
10
1.0574999999999999
20
0.11
11
1.0774999999999999
21
0.11
0
LINE
8
BLACK
6
CONTINUOUS
10
1.0774999999999999
20
0.11
11
1.0774999999999999
21
0.1325
0
LINE
8
BLACK
6
CONTINUOUS
10
1.0774999999999999
20
0.1325
11
1.0999999999999999
21
0.1325
0
LINE
8
BLACK
6
CONTINUOUS
10
1.0999999999999999
20
0.1325
11
1.0999999999999999
21
0.1675
0
LINE
8
BLACK
6
CONTINUOUS
10
1.0999999999999999
20
0.1675
11
1.0774999999999999
21
0.1675
0
LINE
8
BLACK
6
CONTINUOUS
10
1.0774999999999999
20
0.1675
11
1.0774999999999999
21
0.19
0
LINE
8
BLACK
6
CONTINUOUS
10
1.0774999999999999
20
0.19
11
1.0574999999999999
21
0.19
0
LINE
8
BLACK
6
CONTINUOUS
10
1.52
20
0.2325
11
1.5425
21
0.2325
0
LINE
8
BLACK
6
CONTINUOUS
10
1.5425
20
0.2325
11
1.5425
21
0.21
0
LINE
8
BLACK
6
CONTINUOUS
10
1.5425
20
0.21
11
1.5625
21
0.21
0
LINE
8
BLACK
6
CONTINUOUS
10
1.5625
20
0.21
11
1.5625
21
0.2344127952755906
0
LINE
8
BLACK
6
CONTINUOUS
10
1.5625
20
0.2344127952755906
11
1.5624999606299212
21
0.2344132677165354
0
LINE
8
BLACK
6
CONTINUOUS
10
1.5624999606299212
20
0.2344132677165354
11
1.5622438582677165
21
0.236795
0
LINE
8
BLACK
6
CONTINUOUS
10
1.5622438582677165
20
0.236795
11
1.5602340157480314
21
0.2421836220472441
0
LINE
8
BLACK
6
CONTINUOUS
10
1.5602340157480314
20
0.2421836220472441
11
1.5602340157480314
21
0.2421836614173228
0
LINE
8
BLACK
6
CONTINUOUS
10
1.5602340157480314
20
0.2421836614173228
11
1.5567875590551181
21
0.2467875590551181
0
LINE
8
BLACK
6
CONTINUOUS
10
1.5567875590551181
20
0.2467875590551181
11
1.5521836614173228
21
0.2502340157480315
0
LINE
8
BLACK
6
CONTINUOUS
10
1.5521836614173228
20
0.2502340157480315
11
1.5467949999999999
21
0.2522438582677165
0
LINE
8
BLACK
6
CONTINUOUS
10
1.5467949999999999
20
0.2522438582677165
11
1.5444132677165354
21
0.2524999606299212
0
LINE
8
BLACK
6
CONTINUOUS
10
1.5444132677165354
20
0.2524999606299212
11
1.5444127952755906
21
0.2525
0
LINE
8
BLACK
6
CONTINUOUS
10
1.5444127952755906
20
0.2525
11
1.52
21
0.2525
0
LINE
8
BLACK
6
CONTINUOUS
10
1.52
20
0.2525
11
1.52
21
0.2325
0
LINE
8
BLACK
6
CONTINUOUS
10
1.0755866929133857
20
0.2524999606299212
11
1.0732049606299212
21
0.2522438582677165
0
LINE
8
BLACK
6
CONTINUOUS
10
1.0732049606299212
20
0.2522438582677165
11
1.0678163385826771
21
0.2502340157480315
0
LINE
8
BLACK
6
CONTINUOUS
10
1.0678163385826771
20
0.2502340157480315
11
1.0678162992125984
21
0.2502340157480315
0
LINE
8
BLACK
6
CONTINUOUS
10
1.0678162992125984
20
0.2502340157480315
11
1.0632124015748032
21
0.2467875590551181
0
LINE
8
BLACK
6
CONTINUOUS
10
1.0632124015748032
20
0.2467875590551181
11
1.0597659448818897
21
0.2421836614173228
0
LINE
8
BLACK
6
CONTINUOUS
10
1.0597659448818897
20
0.2421836614173228
11
1.0597659448818897
21
0.2421836220472441
0
LINE
8
BLACK
6
CONTINUOUS
10
1.0597659448818897
20
0.2421836220472441
11
1.0577561023622046
21
0.236795
0
LINE
8
BLACK
6
CONTINUOUS
10
1.0577561023622046
20
0.236795
11
1.0574999999999999
21
0.2344132677165354
0
LINE
8
BLACK
6
CONTINUOUS
10
1.0574999999999999
20
0.2344132677165354
11
1.0574999999999999
21
0.21
0
LINE
8
BLACK
6
CONTINUOUS
10
1.0574999999999999
20
0.21
11
1.0774999999999999
21
0.21
0
LINE
8
BLACK
6
CONTINUOUS
10
1.0774999999999999
20
0.21
11
1.0774999999999999
21
0.2325
0
LINE
8
BLACK
6
CONTINUOUS
10
1.0774999999999999
20
0.2325
11
1.0999999999999999
21
0.2325
0
LINE
8
BLACK
6
CONTINUOUS
10
1.0999999999999999
20
0.2325
11
1.0999999999999999
21
0.2525
0
LINE
8
BLACK
6
CONTINUOUS
10
1.0999999999999999
20
0.2525
11
1.0755872047244095
21
0.2525
0
LINE
8
BLACK
6
CONTINUOUS
10
1.0755872047244095
20
0.2525
11
1.0755866929133857
21
0.2524999606299212
0
LINE
8
BLACK
6
CONTINUOUS
10
0.4807
20
0.271
11
0.4807
21
0.2465866929133858
0
LINE
8
BLACK
6
CONTINUOUS
10
0.4807
20
0.2465866929133858
11
0.4809561023622047
21
0.2442049606299213
0
LINE
8
BLACK
6
CONTINUOUS
10
0.4809561023622047
20
0.2442049606299213
11
0.4829659448818898
21
0.2388163385826772
0
LINE
8
BLACK
6
CONTINUOUS
10
0.4829659448818898
20
0.2388163385826772
11
0.4829659448818898
21
0.2388162992125984
0
LINE
8
BLACK
6
CONTINUOUS
10
0.4829659448818898
20
0.2388162992125984
11
0.4864124015748031
21
0.2342124015748031
0
LINE
8
BLACK
6
CONTINUOUS
10
0.4864124015748031
20
0.2342124015748031
11
0.4910162992125984
21
0.2307659448818898
0
LINE
8
BLACK
6
CONTINUOUS
10
0.4910162992125984
20
0.2307659448818898
11
0.4964049606299212
21
0.2287561023622047
0
LINE
8
BLACK
6
CONTINUOUS
10
0.4964049606299212
20
0.2287561023622047
11
0.4987866929133858
21
0.2285
0
LINE
8
BLACK
6
CONTINUOUS
10
0.4987866929133858
20
0.2285
11
0.5232
21
0.2285
0
LINE
8
BLACK
6
CONTINUOUS
10
0.5232
20
0.2285
11
0.5232
21
0.2485
0
LINE
8
BLACK
6
CONTINUOUS
10
0.5232
20
0.2485
11
0.5007
21
0.2485
0
LINE
8
BLACK
6
CONTINUOUS
10
0.5007
20
0.2485
11
0.5007
21
0.271
0
LINE
8
BLACK
6
CONTINUOUS
10
0.5007
20
0.271
11
0.4807
21
0.271
0
LINE
8
BLACK
6
CONTINUOUS
10
0.5657
20
0.2485
11
0.5432
21
0.2485
0
LINE
8
BLACK
6
CONTINUOUS
10
0.5432
20
0.2485
11
0.5432
21
0.2285
0
LINE
8
BLACK
6
CONTINUOUS
10
0.5432
20
0.2285
11
0.5676132677165354
21
0.2285
0
LINE
8
BLACK
6
CONTINUOUS
10
0.5676132677165354
20
0.2285
11
0.569995
21
0.2287561023622047
0
LINE
8
BLACK
6
CONTINUOUS
10
0.569995
20
0.2287561023622047
11
0.5753836220472441
21
0.2307659448818898
0
LINE
8
BLACK
6
CONTINUOUS
10
0.5753836220472441
20
0.2307659448818898
11
0.5753836614173228
21
0.2307659448818898
0
LINE
8
BLACK
6
CONTINUOUS
10
0.5753836614173228
20
0.2307659448818898
11
0.5799875590551181
21
0.2342124015748031
0
LINE
8
BLACK
6
CONTINUOUS
10
0.5799875590551181
20
0.2342124015748031
11
0.5834340157480314
21
0.2388162992125984
0
LINE
8
BLACK
6
CONTINUOUS
10
0.5834340157480314
20
0.2388162992125984
11
0.5834340157480314
21
0.2388163385826772
0
LINE
8
BLACK
6
CONTINUOUS
10
0.5834340157480314
20
0.2388163385826772
11
0.5854438582677165
21
0.2442049606299213
0
LINE
8
BLACK
6
CONTINUOUS
10
0.5854438582677165
20
0.2442049606299213
11
0.5856999606299212
21
0.2465866929133858
0
LINE
8
BLACK
6
CONTINUOUS
10
0.5856999606299212
20
0.2465866929133858
11
0.5857
21
0.2465871653543307
0
LINE
8
BLACK
6
CONTINUOUS
10
0.5857
20
0.2465871653543307
11
0.5857
21
0.271
0
LINE
8
BLACK
6
CONTINUOUS
10
0.5857
20
0.271
11
0.5657
21
0.271
0
LINE
8
BLACK
6
CONTINUOUS
10
0.5657
20
0.271
11
0.5657
21
0.2485
0
LINE
8
BLACK
6
CONTINUOUS
10
1.0525
20
0.2830866929133858
11
1.0527561023622047
21
0.2807049606299212
0
LINE
8
BLACK
6
CONTINUOUS
10
1.0527561023622047
20
0.2807049606299212
11
1.0547659448818898
21
0.2753163385826772
0
LINE
8
BLACK
6
CONTINUOUS
10
1.0547659448818898
20
0.2753163385826772
11
1.0547659448818898
21
0.2753162992125984
0
LINE
8
BLACK
6
CONTINUOUS
10
1.0547659448818898
20
0.2753162992125984
11
1.0582124015748031
21
0.2707124015748031
0
LINE
8
BLACK
6
CONTINUOUS
10
1.0582124015748031
20
0.2707124015748031
11
1.0628162992125985
21
0.2672659448818898
0
LINE
8
BLACK
6
CONTINUOUS
10
1.0628162992125985
20
0.2672659448818898
11
1.0682049606299213
21
0.2652561023622047
0
LINE
8
BLACK
6
CONTINUOUS
10
1.0682049606299213
20
0.2652561023622047
11
1.0705866929133858
21
0.265
0
LINE
8
BLACK
6
CONTINUOUS
10
1.0705866929133858
20
0.265
11
1.0900000000000001
21
0.265
0
LINE
8
BLACK
6
CONTINUOUS
10
1.0900000000000001
20
0.265
11
1.0900000000000001
21
0.285
0
LINE
8
BLACK
6
CONTINUOUS
10
1.0900000000000001
20
0.285
11
1.0725
21
0.285
0
LINE
8
BLACK
6
CONTINUOUS
10
1.0725
20
0.285
11
1.0725
21
0.2925
0
LINE
8
BLACK
6
CONTINUOUS
10
1.0725
20
0.2925
11
1.0525
21
0.2925
0
LINE
8
BLACK
6
CONTINUOUS
10
1.0525
20
0.2925
11
1.0525
21
0.2830866929133858
0
LINE
8
BLACK
6
CONTINUOUS
10
1.1274999999999999
20
0.285
11
1.1099999999999999
21
0.285
0
LINE
8
BLACK
6
CONTINUOUS
10
1.1099999999999999
20
0.285
11
1.1099999999999999
21
0.265
0
LINE
8
BLACK
6
CONTINUOUS
10
1.1099999999999999
20
0.265
11
1.1294132677165354
21
0.265
0
LINE
8
BLACK
6
CONTINUOUS
10
1.1294132677165354
20
0.265
11
1.1317949999999999
21
0.2652561023622047
0
LINE
8
BLACK
6
CONTINUOUS
10
1.1317949999999999
20
0.2652561023622047
11
1.137183622047244
21
0.2672659448818898
0
LINE
8
BLACK
6
CONTINUOUS
10
1.137183622047244
20
0.2672659448818898
11
1.1371836614173227
21
0.2672659448818898
0
LINE
8
BLACK
6
CONTINUOUS
10
1.1371836614173227
20
0.2672659448818898
11
1.1420272047244093
21
0.270891811023622
0
LINE
8
BLACK
6
CONTINUOUS
10
1.1420272047244093
20
0.270891811023622
11
1.1446461023622048
21
0.2718686220472441
0
LINE
8
BLACK
6
CONTINUOUS
10
1.1446461023622048
20
0.2718686220472441
11
1.1473773622047243
21
0.2712744881889764
0
LINE
8
BLACK
6
CONTINUOUS
10
1.1473773622047243
20
0.2712744881889764
11
1.1479727952755905
21
0.270891811023622
0
LINE
8
BLACK
6
CONTINUOUS
10
1.1479727952755905
20
0.270891811023622
11
1.1528162992125983
21
0.2672659448818898
0
LINE
8
BLACK
6
CONTINUOUS
10
1.1528162992125983
20
0.2672659448818898
11
1.1582049606299212
21
0.2652561023622047
0
LINE
8
BLACK
6
CONTINUOUS
10
1.1582049606299212
20
0.2652561023622047
11
1.1605866929133859
21
0.265
0
LINE
8
BLACK
6
CONTINUOUS
10
1.1605866929133859
20
0.265
11
1.1799999999999999
21
0.265
0
LINE
8
BLACK
6
CONTINUOUS
10
1.1799999999999999
20
0.265
11
1.1799999999999999
21
0.285
0
LINE
8
BLACK
6
CONTINUOUS
10
1.1799999999999999
20
0.285
11
1.1624999999999999
21
0.285
0
LINE
8
BLACK
6
CONTINUOUS
10
1.1624999999999999
20
0.285
11
1.1624999999999999
21
0.2925
0
LINE
8
BLACK
6
CONTINUOUS
10
1.1624999999999999
20
0.2925
11
1.1274999999999999
21
0.2925
0
LINE
8
BLACK
6
CONTINUOUS
10
1.1274999999999999
20
0.2925
11
1.1274999999999999
21
0.285
0
LINE
8
BLACK
6
CONTINUOUS
10
1.2175
20
0.285
11
1.2
21
0.285
0
LINE
8
BLACK
6
CONTINUOUS
10
1.2
20
0.285
11
1.2
21
0.265
0
LINE
8
BLACK
6
CONTINUOUS
10
1.2
20
0.265
11
1.2194132677165355
21
0.265
0
LINE
8
BLACK
6
CONTINUOUS
10
1.2194132677165355
20
0.265
11
1.221795
21
0.2652561023622047
0
LINE
8
BLACK
6
CONTINUOUS
10
1.221795
20
0.2652561023622047
11
1.2271836614173228
21
0.2672659448818898
0
LINE
8
BLACK
6
CONTINUOUS
10
1.2271836614173228
20
0.2672659448818898
11
1.2274949606299213
21
0.2674359448818898
0
LINE
8
BLACK
6
CONTINUOUS
10
1.2274949606299213
20
0.2674359448818898
11
1.2275459842519685
21
0.2673424409448819
0
LINE
8
BLACK
6
CONTINUOUS
10
1.2275459842519685
20
0.2673424409448819
11
1.2296465354330708
21
0.2681257086614173
0
LINE
8
BLACK
6
CONTINUOUS
10
1.2296465354330708
20
0.2681257086614173
11
1.2323777559055118
21
0.2675312992125984
0
LINE
8
BLACK
6
CONTINUOUS
10
1.2323777559055118
20
0.2675312992125984
11
1.2326453543307085
21
0.2673592913385827
0
LINE
8
BLACK
6
CONTINUOUS
10
1.2326453543307085
20
0.2673592913385827
11
1.2328162992125984
21
0.2672659448818898
0
LINE
8
BLACK
6
CONTINUOUS
10
1.2328162992125984
20
0.2672659448818898
11
1.2382049606299212
21
0.2652561023622047
0
LINE
8
BLACK
6
CONTINUOUS
10
1.2382049606299212
20
0.2652561023622047
11
1.2405866929133857
21
0.265
0
LINE
8
BLACK
6
CONTINUOUS
10
1.2405866929133857
20
0.265
11
1.26
21
0.265
0
LINE
8
BLACK
6
CONTINUOUS
10
1.26
20
0.265
11
1.26
21
0.285
0
LINE
8
BLACK
6
CONTINUOUS
10
1.26
20
0.285
11
1.2424999999999999
21
0.285
0
LINE
8
BLACK
6
CONTINUOUS
10
1.2424999999999999
20
0.285
11
1.2424999999999999
21
0.2925
0
LINE
8
BLACK
6
CONTINUOUS
10
1.2424999999999999
20
0.2925
11
1.2175
21
0.2925
0
LINE
8
BLACK
6
CONTINUOUS
10
1.2175
20
0.2925
11
1.2175
21
0.285
0
LINE
8
BLACK
6
CONTINUOUS
10
0.5432
20
0.3135
11
0.5657
21
0.3135
0
LINE
8
BLACK
6
CONTINUOUS
10
0.5657
20
0.3135
11
0.5657
21
0.291
0
LINE
8
BLACK
6
CONTINUOUS
10
0.5657
20
0.291
11
0.5857
21
0.291
0
LINE
8
BLACK
6
CONTINUOUS
10
0.5857
20
0.291
11
0.5857
21
0.3154127952755905
0
LINE
8
BLACK
6
CONTINUOUS
10
0.5857
20
0.3154127952755905
11
0.5856999606299212
21
0.3154132677165354
0
LINE
8
BLACK
6
CONTINUOUS
10
0.5856999606299212
20
0.3154132677165354
11
0.5854438582677165
21
0.317795
0
LINE
8
BLACK
6
CONTINUOUS
10
0.5854438582677165
20
0.317795
11
0.5834340157480314
21
0.3231836220472441
0
LINE
8
BLACK
6
CONTINUOUS
10
0.5834340157480314
20
0.3231836220472441
11
0.5834340157480314
21
0.3231836614173229
0
LINE
8
BLACK
6
CONTINUOUS
10
0.5834340157480314
20
0.3231836614173229
11
0.5799875590551181
21
0.3277875590551181
0
LINE
8
BLACK
6
CONTINUOUS
10
0.5799875590551181
20
0.3277875590551181
11
0.5753836614173228
21
0.3312340157480315
0
LINE
8
BLACK
6
CONTINUOUS
10
0.5753836614173228
20
0.3312340157480315
11
0.569995
21
0.3332438582677165
0
LINE
8
BLACK
6
CONTINUOUS
10
0.569995
20
0.3332438582677165
11
0.5676132677165354
21
0.3334999606299213
0
LINE
8
BLACK
6
CONTINUOUS
10
0.5676132677165354
20
0.3334999606299213
11
0.5676127952755905
21
0.3335
0
LINE
8
BLACK
6
CONTINUOUS
10
0.5676127952755905
20
0.3335
11
0.5432
21
0.3335
0
LINE
8
BLACK
6
CONTINUOUS
10
0.5432
20
0.3335
11
0.5432
21
0.3135
0
LINE
8
BLACK
6
CONTINUOUS
10
0.4987866929133858
20
0.3334999606299213
11
0.4964049606299212
21
0.3332438582677165
0
LINE
8
BLACK
6
CONTINUOUS
10
0.4964049606299212
20
0.3332438582677165
11
0.4910163385826772
21
0.3312340157480315
0
LINE
8
BLACK
6
CONTINUOUS
10
0.4910163385826772
20
0.3312340157480315
11
0.4910162992125984
21
0.3312340157480315
0
LINE
8
BLACK
6
CONTINUOUS
10
0.4910162992125984
20
0.3312340157480315
11
0.4864124015748031
21
0.3277875590551181
0
LINE
8
BLACK
6
CONTINUOUS
10
0.4864124015748031
20
0.3277875590551181
11
0.4829659448818898
21
0.3231836614173229
0
LINE
8
BLACK
6
CONTINUOUS
10
0.4829659448818898
20
0.3231836614173229
11
0.4829659448818898
21
0.3231836220472441
0
LINE
8
BLACK
6
CONTINUOUS
10
0.4829659448818898
20
0.3231836220472441
11
0.4809561023622047
21
0.317795
0
LINE
8
BLACK
6
CONTINUOUS
10
0.4809561023622047
20
0.317795
11
0.4807
21
0.3154132677165354
0
LINE
8
BLACK
6
CONTINUOUS
10
0.4807
20
0.3154132677165354
11
0.4807
21
0.291
0
LINE
8
BLACK
6
CONTINUOUS
10
0.4807
20
0.291
11
0.5007
21
0.291
0
LINE
8
BLACK
6
CONTINUOUS
10
0.5007
20
0.291
11
0.5007
21
0.3135
0
LINE
8
BLACK
6
CONTINUOUS
10
0.5007
20
0.3135
11
0.5232
21
0.3135
0
LINE
8
BLACK
6
CONTINUOUS
10
0.5232
20
0.3135
11
0.5232
21
0.3335
0
LINE
8
BLACK
6
CONTINUOUS
10
0.5232
20
0.3335
11
0.4987872047244095
21
0.3335
0
LINE
8
BLACK
6
CONTINUOUS
10
0.4987872047244095
20
0.3335
11
0.4987866929133858
21
0.3334999606299213
0
LINE
8
BLACK
6
CONTINUOUS
10
1.5149999999999999
20
0.3125
11
1.5075000000000001
21
0.3125
0
LINE
8
BLACK
6
CONTINUOUS
10
1.5075000000000001
20
0.3125
11
1.5075000000000001
21
0.2925
0
LINE
8
BLACK
6
CONTINUOUS
10
1.5075000000000001
20
0.2925
11
1.5169132677165353
21
0.2925
0
LINE
8
BLACK
6
CONTINUOUS
10
1.5169132677165353
20
0.2925
11
1.5192950000000001
21
0.2927561023622047
0
LINE
8
BLACK
6
CONTINUOUS
10
1.5192950000000001
20
0.2927561023622047
11
1.5246836220472442
21
0.2947659448818897
0
LINE
8
BLACK
6
CONTINUOUS
10
1.5246836220472442
20
0.2947659448818897
11
1.5246836614173227
21
0.2947659448818897
0
LINE
8
BLACK
6
CONTINUOUS
10
1.5246836614173227
20
0.2947659448818897
11
1.529287559055118
21
0.2982124015748032
0
LINE
8
BLACK
6
CONTINUOUS
10
1.529287559055118
20
0.2982124015748032
11
1.5327340157480314
21
0.3028162992125984
0
LINE
8
BLACK
6
CONTINUOUS
10
1.5327340157480314
20
0.3028162992125984
11
1.5327340157480314
21
0.3028163385826771
0
LINE
8
BLACK
6
CONTINUOUS
10
1.5327340157480314
20
0.3028163385826771
11
1.5347438582677164
21
0.3082049606299213
0
LINE
8
BLACK
6
CONTINUOUS
10
1.5347438582677164
20
0.3082049606299213
11
1.5349999606299212
21
0.3105866929133858
0
LINE
8
BLACK
6
CONTINUOUS
10
1.5349999606299212
20
0.3105866929133858
11
1.5349999999999999
21
0.3105871653543307
0
LINE
8
BLACK
6
CONTINUOUS
10
1.5349999999999999
20
0.3105871653543307
11
1.5349999999999999
21
0.3225
0
LINE
8
BLACK
6
CONTINUOUS
10
1.5349999999999999
20
0.3225
11
1.5349999999999999
21
0.33
0
LINE
8
BLACK
6
CONTINUOUS
10
1.5349999999999999
20
0.33
11
1.5149999999999999
21
0.33
0
LINE
8
BLACK
6
CONTINUOUS
10
1.5149999999999999
20
0.33
11
1.5149999999999999
21
0.3125
0
LINE
8
BLACK
6
CONTINUOUS
10
1.5725
20
0.3130866929133858
11
1.5727561023622048
21
0.3107049606299213
0
LINE
8
BLACK
6
CONTINUOUS
10
1.5727561023622048
20
0.3107049606299213
11
1.5747659448818898
21
0.3053163385826771
0
LINE
8
BLACK
6
CONTINUOUS
10
1.5747659448818898
20
0.3053163385826771
11
1.5747659448818898
21
0.3053162992125984
0
LINE
8
BLACK
6
CONTINUOUS
10
1.5747659448818898
20
0.3053162992125984
11
1.5782124015748031
21
0.3007124015748032
0
LINE
8
BLACK
6
CONTINUOUS
10
1.5782124015748031
20
0.3007124015748032
11
1.5828162992125985
21
0.2972659448818897
0
LINE
8
BLACK
6
CONTINUOUS
10
1.5828162992125985
20
0.2972659448818897
11
1.5882049606299211
21
0.2952561023622047
0
LINE
8
BLACK
6
CONTINUOUS
10
1.5882049606299211
20
0.2952561023622047
11
1.5905866929133858
21
0.295
0
LINE
8
BLACK
6
CONTINUOUS
10
1.5905866929133858
20
0.295
11
1.6099999999999999
21
0.295
0
LINE
8
BLACK
6
CONTINUOUS
10
1.6099999999999999
20
0.295
11
1.6099999999999999
21
0.315
0
LINE
8
BLACK
6
CONTINUOUS
10
1.6099999999999999
20
0.315
11
1.5925
21
0.315
0
LINE
8
BLACK
6
CONTINUOUS
10
1.5925
20
0.315
11
1.5925
21
0.3225
0
LINE
8
BLACK
6
CONTINUOUS
10
1.5925
20
0.3225
11
1.5725
21
0.3225
0
LINE
8
BLACK
6
CONTINUOUS
10
1.5725
20
0.3225
11
1.5725
21
0.3130866929133858
0
LINE
8
BLACK
6
CONTINUOUS
10
1.6475
20
0.315
11
1.6299999999999999
21
0.315
0
LINE
8
BLACK
6
CONTINUOUS
10
1.6299999999999999
20
0.315
11
1.6299999999999999
21
0.295
0
LINE
8
BLACK
6
CONTINUOUS
10
1.6299999999999999
20
0.295
11
1.6494132677165354
21
0.295
0
LINE
8
BLACK
6
CONTINUOUS
10
1.6494132677165354
20
0.295
11
1.6517949999999999
21
0.2952561023622047
0
LINE
8
BLACK
6
CONTINUOUS
10
1.6517949999999999
20
0.2952561023622047
11
1.657183622047244
21
0.2972659448818897
0
LINE
8
BLACK
6
CONTINUOUS
10
1.657183622047244
20
0.2972659448818897
11
1.6571836614173228
21
0.2972659448818897
0
LINE
8
BLACK
6
CONTINUOUS
10
1.6571836614173228
20
0.2972659448818897
11
1.6617875590551181
21
0.3007124015748032
0
LINE
8
BLACK
6
CONTINUOUS
10
1.6617875590551181
20
0.3007124015748032
11
1.6652340157480314
21
0.3053162992125984
0
LINE
8
BLACK
6
CONTINUOUS
10
1.6652340157480314
20
0.3053162992125984
11
1.6652340157480314
21
0.3053163385826771
0
LINE
8
BLACK
6
CONTINUOUS
10
1.6652340157480314
20
0.3053163385826771
11
1.6672438582677165
21
0.3107049606299213
0
LINE
8
BLACK
6
CONTINUOUS
10
1.6672438582677165
20
0.3107049606299213
11
1.6674999606299212
21
0.3130866929133858
0
LINE
8
BLACK
6
CONTINUOUS
10
1.6674999606299212
20
0.3130866929133858
11
1.6675
21
0.3130871653543307
0
LINE
8
BLACK
6
CONTINUOUS
10
1.6675
20
0.3130871653543307
11
1.6675
21
0.3225
0
LINE
8
BLACK
6
CONTINUOUS
10
1.6675
20
0.3225
11
1.6475
21
0.3225
0
LINE
8
BLACK
6
CONTINUOUS
10
1.6475
20
0.3225
11
1.6475
21
0.315
0
LINE
8
BLACK
6
CONTINUOUS
10
1.7075
20
0.41
11
1.7075
21
0.3855866929133858
0
LINE
8
BLACK
6
CONTINUOUS
10
1.7075
20
0.3855866929133858
11
1.7077561023622048
21
0.3832049606299213
0
LINE
8
BLACK
6
CONTINUOUS
10
1.7077561023622048
20
0.3832049606299213
11
1.7097659448818898
21
0.3778163385826772
0
LINE
8
BLACK
6
CONTINUOUS
10
1.7097659448818898
20
0.3778163385826772
11
1.7097659448818898
21
0.3778162992125984
0
LINE
8
BLACK
6
CONTINUOUS
10
1.7097659448818898
20
0.3778162992125984
11
1.7132124015748031
21
0.3732124015748031
0
LINE
8
BLACK
6
CONTINUOUS
10
1.7132124015748031
20
0.3732124015748031
11
1.7178162992125985
21
0.3697659448818897
0
LINE
8
BLACK
6
CONTINUOUS
10
1.7178162992125985
20
0.3697659448818897
11
1.7232049606299211
21
0.3677561023622047
0
LINE
8
BLACK
6
CONTINUOUS
10
1.7232049606299211
20
0.3677561023622047
11
1.7255866929133858
21
0.3675
0
LINE
8
BLACK
6
CONTINUOUS
10
1.7255866929133858
20
0.3675
11
1.75
21
0.3675
0
LINE
8
BLACK
6
CONTINUOUS
10
1.75
20
0.3675
11
1.75
21
0.3875
0
LINE
8
BLACK
6
CONTINUOUS
10
1.75
20
0.3875
11
1.7275
21
0.3875
0
LINE
8
BLACK
6
CONTINUOUS
10
1.7275
20
0.3875
11
1.7275
21
0.41
0
LINE
8
BLACK
6
CONTINUOUS
10
1.7275
20
0.41
11
1.7075
21
0.41
0
LINE
8
BLACK
6
CONTINUOUS
10
1.7925
20
0.41
11
1.7925
21
0.3875
0
LINE
8
BLACK
6
CONTINUOUS
10
1.7925
20
0.3875
11
1.77
21
0.3875
0
LINE
8
BLACK
6
CONTINUOUS
10
1.77
20
0.3875
11
1.77
21
0.3675
0
LINE
8
BLACK
6
CONTINUOUS
10
1.77
20
0.3675
11
1.7944132677165354
21
0.3675
0
LINE
8
BLACK
6
CONTINUOUS
10
1.7944132677165354
20
0.3675
11
1.7967949999999999
21
0.3677561023622047
0
LINE
8
BLACK
6
CONTINUOUS
10
1.7967949999999999
20
0.3677561023622047
11
1.802183622047244
21
0.3697659448818897
0
LINE
8
BLACK
6
CONTINUOUS
10
1.802183622047244
20
0.3697659448818897
11
1.8021836614173228
21
0.3697659448818897
0
LINE
8
BLACK
6
CONTINUOUS
10
1.8021836614173228
20
0.3697659448818897
11
1.8070272047244094
21
0.373391811023622
0
LINE
8
BLACK
6
CONTINUOUS
10
1.8070272047244094
20
0.373391811023622
11
1.8096461023622046
21
0.3743686220472441
0
LINE
8
BLACK
6
CONTINUOUS
10
1.8096461023622046
20
0.3743686220472441
11
1.8123773622047243
21
0.3737744881889764
0
LINE
8
BLACK
6
CONTINUOUS
10
1.8123773622047243
20
0.3737744881889764
11
1.8129727952755905
21
0.373391811023622
0
LINE
8
BLACK
6
CONTINUOUS
10
1.8129727952755905
20
0.373391811023622
11
1.8178162992125984
21
0.3697659448818897
0
LINE
8
BLACK
6
CONTINUOUS
10
1.8178162992125984
20
0.3697659448818897
11
1.8232049606299212
21
0.3677561023622047
0
LINE
8
BLACK
6
CONTINUOUS
10
1.8232049606299212
20
0.3677561023622047
11
1.8255866929133857
21
0.3675
0
LINE
8
BLACK
6
CONTINUOUS
10
1.8255866929133857
20
0.3675
11
1.8499999999999999
21
0.3675
0
LINE
8
BLACK
6
CONTINUOUS
10
1.8499999999999999
20
0.3675
11
1.8499999999999999
21
0.3875
0
LINE
8
BLACK
6
CONTINUOUS
10
1.8499999999999999
20
0.3875
11
1.8274999999999999
21
0.3875
0
LINE
8
BLACK
6
CONTINUOUS
10
1.8274999999999999
20
0.3875
11
1.8274999999999999
21
0.41
0
LINE
8
BLACK
6
CONTINUOUS
10
1.8274999999999999
20
0.41
11
1.7925
21
0.41
0
LINE
8
BLACK
6
CONTINUOUS
10
1.8924999999999998
20
0.3875
11
1.8699999999999999
21
0.3875
0
LINE
8
BLACK
6
CONTINUOUS
10
1.8699999999999999
20
0.3875
11
1.8699999999999999
21
0.3675
0
LINE
8
BLACK
6
CONTINUOUS
10
1.8699999999999999
20
0.3675
11
1.8944132677165353
21
0.3675
0
LINE
8
BLACK
6
CONTINUOUS
10
1.8944132677165353
20
0.3675
11
1.896795
21
0.3677561023622047
0
LINE
8
BLACK
6
CONTINUOUS
10
1.896795
20
0.3677561023622047
11
1.9021836220472441
21
0.3697659448818897
0
LINE
8
BLACK
6
CONTINUOUS
10
1.9021836220472441
20
0.3697659448818897
11
1.9021836614173229
21
0.3697659448818897
0
LINE
8
BLACK
6
CONTINUOUS
10
1.9021836614173229
20
0.3697659448818897
11
1.906787559055118
21
0.3732124015748031
0
LINE
8
BLACK
6
CONTINUOUS
10
1.906787559055118
20
0.3732124015748031
11
1.9102340157480315
21
0.3778162992125984
0
LINE
8
BLACK
6
CONTINUOUS
10
1.9102340157480315
20
0.3778162992125984
11
1.9102340157480315
21
0.3778163385826772
0
LINE
8
BLACK
6
CONTINUOUS
10
1.9102340157480315
20
0.3778163385826772
11
1.9122438582677166
21
0.3832049606299213
0
LINE
8
BLACK
6
CONTINUOUS
10
1.9122438582677166
20
0.3832049606299213
11
1.9124999606299211
21
0.3855866929133858
0
LINE
8
BLACK
6
CONTINUOUS
10
1.9124999606299211
20
0.3855866929133858
11
1.9124999999999999
21
0.3855871653543307
0
LINE
8
BLACK
6
CONTINUOUS
10
1.9124999999999999
20
0.3855871653543307
11
1.9124999999999999
21
0.41
0
LINE
8
BLACK
6
CONTINUOUS
10
1.9124999999999999
20
0.41
11
1.8924999999999998
21
0.41
0
LINE
8
BLACK
6
CONTINUOUS
10
1.8924999999999998
20
0.41
11
1.8924999999999998
21
0.3875
0
LINE
8
BLACK
6
CONTINUOUS
10
0.0975
20
0.51
11
0.0975
21
0.4855866929133858
0
LINE
8
BLACK
6
CONTINUOUS
10
0.0975
20
0.4855866929133858
11
0.0977561023622047
21
0.4832049606299212
0
LINE
8
BLACK
6
CONTINUOUS
10
0.0977561023622047
20
0.4832049606299212
11
0.0997659448818898
21
0.4778163385826771
0
LINE
8
BLACK
6
CONTINUOUS
10
0.0997659448818898
20
0.4778163385826771
11
0.0997659448818898
21
0.4778162992125984
0
LINE
8
BLACK
6
CONTINUOUS
10
0.0997659448818898
20
0.4778162992125984
11
0.1032124015748031
21
0.4732124015748032
0
LINE
8
BLACK
6
CONTINUOUS
10
0.1032124015748031
20
0.4732124015748032
11
0.1078162992125984
21
0.4697659448818898
0
LINE
8
BLACK
6
CONTINUOUS
10
0.1078162992125984
20
0.4697659448818898
11
0.1132049606299213
21
0.4677561023622047
0
LINE
8
BLACK
6
CONTINUOUS
10
0.1132049606299213
20
0.4677561023622047
11
0.1155866929133858
21
0.4675
0
LINE
8
BLACK
6
CONTINUOUS
10
0.1155866929133858
20
0.4675
11
0.14
21
0.4675
0
LINE
8
BLACK
6
CONTINUOUS
10
0.14
20
0.4675
11
0.14
21
0.4875
0
LINE
8
BLACK
6
CONTINUOUS
10
0.14
20
0.4875
11
0.1175
21
0.4875
0
LINE
8
BLACK
6
CONTINUOUS
10
0.1175
20
0.4875
11
0.1175
21
0.51
0
LINE
8
BLACK
6
CONTINUOUS
10
0.1175
20
0.51
11
0.0975
21
0.51
0
LINE
8
BLACK
6
CONTINUOUS
10
0.1825
20
0.51
11
0.1825
21
0.4875
0
LINE
8
BLACK
6
CONTINUOUS
10
0.1825
20
0.4875
11
0.16
21
0.4875
0
LINE
8
BLACK
6
CONTINUOUS
10
0.16
20
0.4875
11
0.16
21
0.4675
0
LINE
8
BLACK
6
CONTINUOUS
10
0.16
20
0.4675
11
0.1844132677165354
21
0.4675
0
LINE
8
BLACK
6
CONTINUOUS
10
0.1844132677165354
20
0.4675
11
0.186795
21
0.4677561023622047
0
LINE
8
BLACK
6
CONTINUOUS
10
0.186795
20
0.4677561023622047
11
0.1921836220472441
21
0.4697659448818898
0
LINE
8
BLACK
6
CONTINUOUS
10
0.1921836220472441
20
0.4697659448818898
11
0.1921836614173228
21
0.4697659448818898
0
LINE
8
BLACK
6
CONTINUOUS
10
0.1921836614173228
20
0.4697659448818898
11
0.1970272047244094
21
0.473391811023622
0
LINE
8
BLACK
6
CONTINUOUS
10
0.1970272047244094
20
0.473391811023622
11
0.1996461023622047
21
0.4743686220472441
0
LINE
8
BLACK
6
CONTINUOUS
10
0.1996461023622047
20
0.4743686220472441
11
0.2023773622047244
21
0.4737744881889764
0
LINE
8
BLACK
6
CONTINUOUS
10
0.2023773622047244
20
0.4737744881889764
11
0.2029727952755905
21
0.473391811023622
0
LINE
8
BLACK
6
CONTINUOUS
10
0.2029727952755905
20
0.473391811023622
11
0.2078162992125984
21
0.4697659448818898
0
LINE
8
BLACK
6
CONTINUOUS
10
0.2078162992125984
20
0.4697659448818898
11
0.2132049606299213
21
0.4677561023622047
0
LINE
8
BLACK
6
CONTINUOUS
10
0.2132049606299213
20
0.4677561023622047
11
0.2155866929133858
21
0.4675
0
LINE
8
BLACK
6
CONTINUOUS
10
0.2155866929133858
20
0.4675
11
0.24
21
0.4675
0
LINE
8
BLACK
6
CONTINUOUS
10
0.24
20
0.4675
11
0.24
21
0.4875
0
LINE
8
BLACK
6
CONTINUOUS
10
0.24
20
0.4875
11
0.2175
21
0.4875
0
LINE
8
BLACK
6
CONTINUOUS
10
0.2175
20
0.4875
11
0.2175
21
0.51
0
LINE
8
BLACK
6
CONTINUOUS
10
0.2175
20
0.51
11
0.1825
21
0.51
0
LINE
8
BLACK
6
CONTINUOUS
10
0.2825
20
0.4875
11
0.26
21
0.4875
0
LINE
8
BLACK
6
CONTINUOUS
10
0.26
20
0.4875
11
0.26
21
0.4675
0
LINE
8
BLACK
6
CONTINUOUS
10
0.26
20
0.4675
11
0.2844132677165354
21
0.4675
0
LINE
8
BLACK
6
CONTINUOUS
10
0.2844132677165354
20
0.4675
11
0.286795
21
0.4677561023622047
0
LINE
8
BLACK
6
CONTINUOUS
10
0.286795
20
0.4677561023622047
11
0.2921836220472441
21
0.4697659448818898
0
LINE
8
BLACK
6
CONTINUOUS
10
0.2921836220472441
20
0.4697659448818898
11
0.2921836614173228
21
0.4697659448818898
0
LINE
8
BLACK
6
CONTINUOUS
10
0.2921836614173228
20
0.4697659448818898
11
0.2967875590551181
21
0.4732124015748032
0
LINE
8
BLACK
6
CONTINUOUS
10
0.2967875590551181
20
0.4732124015748032
11
0.3002340157480315
21
0.4778162992125984
0
LINE
8
BLACK
6
CONTINUOUS
10
0.3002340157480315
20
0.4778162992125984
11
0.3002340157480315
21
0.4778163385826771
0
LINE
8
BLACK
6
CONTINUOUS
10
0.3002340157480315
20
0.4778163385826771
11
0.3022438582677165
21
0.4832049606299212
0
LINE
8
BLACK
6
CONTINUOUS
10
0.3022438582677165
20
0.4832049606299212
11
0.3024999606299212
21
0.4855866929133858
0
LINE
8
BLACK
6
CONTINUOUS
10
0.3024999606299212
20
0.4855866929133858
11
0.3025
21
0.4855871653543307
0
LINE
8
BLACK
6
CONTINUOUS
10
0.3025
20
0.4855871653543307
11
0.3025
21
0.51
0
LINE
8
BLACK
6
CONTINUOUS
10
0.3025
20
0.51
11
0.2825
21
0.51
0
LINE
8
BLACK
6
CONTINUOUS
10
0.2825
20
0.51
11
0.2825
21
0.4875
0
LINE
8
BLACK
6
CONTINUOUS
10
1.8699999999999999
20
0.6525
11
1.8924999999999998
21
0.6525
0
LINE
8
BLACK
6
CONTINUOUS
10
1.8924999999999998
20
0.6525
11
1.8924999999999998
21
0.63
0
LINE
8
BLACK
6
CONTINUOUS
10
1.8924999999999998
20
0.63
11
1.9124999999999999
21
0.63
0
LINE
8
BLACK
6
CONTINUOUS
10
1.9124999999999999
20
0.63
11
1.9124999999999999
21
0.6544127952755905
0
LINE
8
BLACK
6
CONTINUOUS
10
1.9124999999999999
20
0.6544127952755905
11
1.9124999606299211
21
0.6544132677165354
0
LINE
8
BLACK
6
CONTINUOUS
10
1.9124999606299211
20
0.6544132677165354
11
1.9122438582677166
21
0.656795
0
LINE
8
BLACK
6
CONTINUOUS
10
1.9122438582677166
20
0.656795
11
1.9102340157480315
21
0.6621836220472441
0
LINE
8
BLACK
6
CONTINUOUS
10
1.9102340157480315
20
0.6621836220472441
11
1.9102340157480315
21
0.6621836614173228
0
LINE
8
BLACK
6
CONTINUOUS
10
1.9102340157480315
20
0.6621836614173228
11
1.906787559055118
21
0.6667875590551181
0
LINE
8
BLACK
6
CONTINUOUS
10
1.906787559055118
20
0.6667875590551181
11
1.9021836614173229
21
0.6702340157480314
0
LINE
8
BLACK
6
CONTINUOUS
10
1.9021836614173229
20
0.6702340157480314
11
1.896795
21
0.6722438582677165
0
LINE
8
BLACK
6
CONTINUOUS
10
1.896795
20
0.6722438582677165
11
1.8944132677165353
21
0.6724999606299212
0
LINE
8
BLACK
6
CONTINUOUS
10
1.8944132677165353
20
0.6724999606299212
11
1.8944127952755905
21
0.6725
0
LINE
8
BLACK
6
CONTINUOUS
10
1.8944127952755905
20
0.6725
11
1.8699999999999999
21
0.6725
0
LINE
8
BLACK
6
CONTINUOUS
10
1.8699999999999999
20
0.6725
11
1.8699999999999999
21
0.6525
0
LINE
8
BLACK
6
CONTINUOUS
10
1.77
20
0.6525
11
1.7925
21
0.6525
0
LINE
8
BLACK
6
CONTINUOUS
10
1.7925
20
0.6525
11
1.7925
21
0.63
0
LINE
8
BLACK
6
CONTINUOUS
10
1.7925
20
0.63
11
1.8274999999999999
21
0.63
0
LINE
8
BLACK
6
CONTINUOUS
10
1.8274999999999999
20
0.63
11
1.8274999999999999
21
0.6525
0
LINE
8
BLACK
6
CONTINUOUS
10
1.8274999999999999
20
0.6525
11
1.8499999999999999
21
0.6525
0
LINE
8
BLACK
6
CONTINUOUS
10
1.8499999999999999
20
0.6525
11
1.8499999999999999
21
0.6725
0
LINE
8
BLACK
6
CONTINUOUS
10
1.8499999999999999
20
0.6725
11
1.8255872047244095
21
0.6725
0
LINE
8
BLACK
6
CONTINUOUS
10
1.8255872047244095
20
0.6725
11
1.8255866929133857
21
0.6724999606299212
0
LINE
8
BLACK
6
CONTINUOUS
10
1.8255866929133857
20
0.6724999606299212
11
1.8232049606299212
21
0.6722438582677165
0
LINE
8
BLACK
6
CONTINUOUS
10
1.8232049606299212
20
0.6722438582677165
11
1.8178163779527559
21
0.6702340551181102
0
LINE
8
BLACK
6
CONTINUOUS
10
1.8178163779527559
20
0.6702340551181102
11
1.8129728346456693
21
0.6666081496062992
0
LINE
8
BLACK
6
CONTINUOUS
10
1.8129728346456693
20
0.6666081496062992
11
1.8103539370078741
21
0.6656313385826772
0
LINE
8
BLACK
6
CONTINUOUS
10
1.8103539370078741
20
0.6656313385826772
11
1.8076226377952755
21
0.6662254724409449
0
LINE
8
BLACK
6
CONTINUOUS
10
1.8076226377952755
20
0.6662254724409449
11
1.8070271653543306
21
0.6666081496062992
0
LINE
8
BLACK
6
CONTINUOUS
10
1.8070271653543306
20
0.6666081496062992
11
1.8021835826771653
21
0.6702340551181102
0
LINE
8
BLACK
6
CONTINUOUS
10
1.8021835826771653
20
0.6702340551181102
11
1.7967949999999999
21
0.6722438582677165
0
LINE
8
BLACK
6
CONTINUOUS
10
1.7967949999999999
20
0.6722438582677165
11
1.7944132677165354
21
0.6724999606299212
0
LINE
8
BLACK
6
CONTINUOUS
10
1.7944132677165354
20
0.6724999606299212
11
1.7944127952755906
21
0.6725
0
LINE
8
BLACK
6
CONTINUOUS
10
1.7944127952755906
20
0.6725
11
1.77
21
0.6725
0
LINE
8
BLACK
6
CONTINUOUS
10
1.77
20
0.6725
11
1.77
21
0.6525
0
LINE
8
BLACK
6
CONTINUOUS
10
1.7255866929133858
20
0.6724999606299212
11
1.7232049606299211
21
0.6722438582677165
0
LINE
8
BLACK
6
CONTINUOUS
10
1.7232049606299211
20
0.6722438582677165
11
1.717816338582677
21
0.6702340157480314
0
LINE
8
BLACK
6
CONTINUOUS
10
1.717816338582677
20
0.6702340157480314
11
1.7178162992125985
21
0.6702340157480314
0
LINE
8
BLACK
6
CONTINUOUS
10
1.7178162992125985
20
0.6702340157480314
11
1.7132124015748031
21
0.6667875590551181
0
LINE
8
BLACK
6
CONTINUOUS
10
1.7132124015748031
20
0.6667875590551181
11
1.7097659448818898
21
0.6621836614173228
0
LINE
8
BLACK
6
CONTINUOUS
10
1.7097659448818898
20
0.6621836614173228
11
1.7097659448818898
21
0.6621836220472441
0
LINE
8
BLACK
6
CONTINUOUS
10
1.7097659448818898
20
0.6621836220472441
11
1.7077561023622048
21
0.656795
0
LINE
8
BLACK
6
CONTINUOUS
10
1.7077561023622048
20
0.656795
11
1.7075
21
0.6544132677165354
0
LINE
8
BLACK
6
CONTINUOUS
10
1.7075
20
0.6544132677165354
11
1.7075
21
0.63
0
LINE
8
BLACK
6
CONTINUOUS
10
1.7075
20
0.63
11
1.7275
21
0.63
0
LINE
8
BLACK
6
CONTINUOUS
10
1.7275
20
0.63
11
1.7275
21
0.6525
0
LINE
8
BLACK
6
CONTINUOUS
10
1.7275
20
0.6525
11
1.75
21
0.6525
0
LINE
8
BLACK
6
CONTINUOUS
10
1.75
20
0.6525
11
1.75
21
0.6725
0
LINE
8
BLACK
6
CONTINUOUS
10
1.75
20
0.6725
11
1.7255872047244094
21
0.6725
0
LINE
8
BLACK
6
CONTINUOUS
10
1.7255872047244094
20
0.6725
11
1.7255866929133858
21
0.6724999606299212
0
LINE
8
BLACK
6
CONTINUOUS
10
0.26
20
0.7524999999999999
11
0.2825
21
0.7524999999999999
0
LINE
8
BLACK
6
CONTINUOUS
10
0.2825
20
0.7524999999999999
11
0.2825
21
0.73
0
LINE
8
BLACK
6
CONTINUOUS
10
0.2825
20
0.73
11
0.3025
21
0.73
0
LINE
8
BLACK
6
CONTINUOUS
10
0.3025
20
0.73
11
0.3025
21
0.7544127952755906
0
LINE
8
BLACK
6
CONTINUOUS
10
0.3025
20
0.7544127952755906
11
0.3024999606299212
21
0.7544132677165354
0
LINE
8
BLACK
6
CONTINUOUS
10
0.3024999606299212
20
0.7544132677165354
11
0.3022438582677165
21
0.756795
0
LINE
8
BLACK
6
CONTINUOUS
10
0.3022438582677165
20
0.756795
11
0.3002340157480315
21
0.7621836220472441
0
LINE
8
BLACK
6
CONTINUOUS
10
0.3002340157480315
20
0.7621836220472441
11
0.3002340157480315
21
0.7621836614173229
0
LINE
8
BLACK
6
CONTINUOUS
10
0.3002340157480315
20
0.7621836614173229
11
0.2967875590551181
21
0.7667875590551181
0
LINE
8
BLACK
6
CONTINUOUS
10
0.2967875590551181
20
0.7667875590551181
11
0.2921836614173228
21
0.7702340157480315
0
LINE
8
BLACK
6
CONTINUOUS
10
0.2921836614173228
20
0.7702340157480315
11
0.286795
21
0.7722438582677165
0
LINE
8
BLACK
6
CONTINUOUS
10
0.286795
20
0.7722438582677165
11
0.2844132677165354
21
0.7724999606299212
0
LINE
8
BLACK
6
CONTINUOUS
10
0.2844132677165354
20
0.7724999606299212
11
0.2844127952755905
21
0.7725
0
LINE
8
BLACK
6
CONTINUOUS
10
0.2844127952755905
20
0.7725
11
0.26
21
0.7725
0
LINE
8
BLACK
6
CONTINUOUS
10
0.26
20
0.7725
11
0.26
21
0.7524999999999999
0
LINE
8
BLACK
6
CONTINUOUS
10
0.16
20
0.7524999999999999
11
0.1825
21
0.7524999999999999
0
LINE
8
BLACK
6
CONTINUOUS
10
0.1825
20
0.7524999999999999
11
0.1825
21
0.73
0
LINE
8
BLACK
6
CONTINUOUS
10
0.1825
20
0.73
11
0.2175
21
0.73
0
LINE
8
BLACK
6
CONTINUOUS
10
0.2175
20
0.73
11
0.2175
21
0.7524999999999999
0
LINE
8
BLACK
6
CONTINUOUS
10
0.2175
20
0.7524999999999999
11
0.24
21
0.7524999999999999
0
LINE
8
BLACK
6
CONTINUOUS
10
0.24
20
0.7524999999999999
11
0.24
21
0.7725
0
LINE
8
BLACK
6
CONTINUOUS
10
0.24
20
0.7725
11
0.2155872047244095
21
0.7725
0
LINE
8
BLACK
6
CONTINUOUS
10
0.2155872047244095
20
0.7725
11
0.2155866929133858
21
0.7724999606299212
0
LINE
8
BLACK
6
CONTINUOUS
10
0.2155866929133858
20
0.7724999606299212
11
0.2132049606299213
21
0.7722438582677165
0
LINE
8
BLACK
6
CONTINUOUS
10
0.2132049606299213
20
0.7722438582677165
11
0.2078163779527559
21
0.7702340551181103
0
LINE
8
BLACK
6
CONTINUOUS
10
0.2078163779527559
20
0.7702340551181103
11
0.2029728346456693
21
0.7666081496062992
0
LINE
8
BLACK
6
CONTINUOUS
10
0.2029728346456693
20
0.7666081496062992
11
0.200353937007874
21
0.7656313385826772
0
LINE
8
BLACK
6
CONTINUOUS
10
0.200353937007874
20
0.7656313385826772
11
0.1976226377952756
21
0.7662254724409449
0
LINE
8
BLACK
6
CONTINUOUS
10
0.1976226377952756
20
0.7662254724409449
11
0.1970271653543307
21
0.7666081496062992
0
LINE
8
BLACK
6
CONTINUOUS
10
0.1970271653543307
20
0.7666081496062992
11
0.1921835826771653
21
0.7702340551181103
0
LINE
8
BLACK
6
CONTINUOUS
10
0.1921835826771653
20
0.7702340551181103
11
0.186795
21
0.7722438582677165
0
LINE
8
BLACK
6
CONTINUOUS
10
0.186795
20
0.7722438582677165
11
0.1844132677165354
21
0.7724999606299212
0
LINE
8
BLACK
6
CONTINUOUS
10
0.1844132677165354
20
0.7724999606299212
11
0.1844127952755905
21
0.7725
0
LINE
8
BLACK
6
CONTINUOUS
10
0.1844127952755905
20
0.7725
11
0.16
21
0.7725
0
LINE
8
BLACK
6
CONTINUOUS
10
0.16
20
0.7725
11
0.16
21
0.7524999999999999
0
LINE
8
BLACK
6
CONTINUOUS
10
0.1155866929133858
20
0.7724999606299212
11
0.1132049606299213
21
0.7722438582677165
0
LINE
8
BLACK
6
CONTINUOUS
10
0.1132049606299213
20
0.7722438582677165
11
0.1078163385826772
21
0.7702340157480315
0
LINE
8
BLACK
6
CONTINUOUS
10
0.1078163385826772
20
0.7702340157480315
11
0.1078162992125984
21
0.7702340157480315
0
LINE
8
BLACK
6
CONTINUOUS
10
0.1078162992125984
20
0.7702340157480315
11
0.1032124015748031
21
0.7667875590551181
0
LINE
8
BLACK
6
CONTINUOUS
10
0.1032124015748031
20
0.7667875590551181
11
0.0997659448818898
21
0.7621836614173229
0
LINE
8
BLACK
6
CONTINUOUS
10
0.0997659448818898
20
0.7621836614173229
11
0.0997659448818898
21
0.7621836220472441
0
LINE
8
BLACK
6
CONTINUOUS
10
0.0997659448818898
20
0.7621836220472441
11
0.0977561023622047
21
0.756795
0
LINE
8
BLACK
6
CONTINUOUS
10
0.0977561023622047
20
0.756795
11
0.0975
21
0.7544132677165354
0
LINE
8
BLACK
6
CONTINUOUS
10
0.0975
20
0.7544132677165354
11
0.0975
21
0.73
0
LINE
8
BLACK
6
CONTINUOUS
10
0.0975
20
0.73
11
0.1175
21
0.73
0
LINE
8
BLACK
6
CONTINUOUS
10
0.1175
20
0.73
11
0.1175
21
0.7524999999999999
0
LINE
8
BLACK
6
CONTINUOUS
10
0.1175
20
0.7524999999999999
11
0.14
21
0.7524999999999999
0
LINE
8
BLACK
6
CONTINUOUS
10
0.14
20
0.7524999999999999
11
0.14
21
0.7725
0
LINE
8
BLACK
6
CONTINUOUS
10
0.14
20
0.7725
11
0.1155872047244094
21
0.7725
0
LINE
8
BLACK
6
CONTINUOUS
10
0.1155872047244094
20
0.7725
11
0.1155866929133858
21
0.7724999606299212
0
LINE
8
BLACK
6
CONTINUOUS
10
0.385
20
0.8049999999999999
11
0.4025
21
0.8049999999999999
0
LINE
8
BLACK
6
CONTINUOUS
10
0.4025
20
0.8049999999999999
11
0.4025
21
0.8038740157480315
0
LINE
8
BLACK
6
CONTINUOUS
10
0.4025
20
0.8038740157480315
11
0.4225
21
0.8038740157480315
0
LINE
8
BLACK
6
CONTINUOUS
10
0.4225
20
0.8038740157480315
11
0.4225
21
0.8069127952755906
0
LINE
8
BLACK
6
CONTINUOUS
10
0.4225
20
0.8069127952755906
11
0.4224999606299212
21
0.8069132677165354
0
LINE
8
BLACK
6
CONTINUOUS
10
0.4224999606299212
20
0.8069132677165354
11
0.4222438582677165
21
0.809295
0
LINE
8
BLACK
6
CONTINUOUS
10
0.4222438582677165
20
0.809295
11
0.4202340157480315
21
0.8146836220472441
0
LINE
8
BLACK
6
CONTINUOUS
10
0.4202340157480315
20
0.8146836220472441
11
0.4202340157480315
21
0.8146836614173228
0
LINE
8
BLACK
6
CONTINUOUS
10
0.4202340157480315
20
0.8146836614173228
11
0.4167875590551181
21
0.8192875590551181
0
LINE
8
BLACK
6
CONTINUOUS
10
0.4167875590551181
20
0.8192875590551181
11
0.4121836614173228
21
0.8227340157480315
0
LINE
8
BLACK
6
CONTINUOUS
10
0.4121836614173228
20
0.8227340157480315
11
0.406795
21
0.8247438582677166
0
LINE
8
BLACK
6
CONTINUOUS
10
0.406795
20
0.8247438582677166
11
0.4044132677165354
21
0.8249999606299212
0
LINE
8
BLACK
6
CONTINUOUS
10
0.4044132677165354
20
0.8249999606299212
11
0.4044127952755905
21
0.825
0
LINE
8
BLACK
6
CONTINUOUS
10
0.4044127952755905
20
0.825
11
0.385
21
0.825
0
LINE
8
BLACK
6
CONTINUOUS
10
0.385
20
0.825
11
0.385
21
0.8049999999999999
0
LINE
8
BLACK
6
CONTINUOUS
10
0.7205866929133858
20
1.0949999606299212
11
0.7182049606299212
21
1.0947438582677165
0
LINE
8
BLACK
6
CONTINUOUS
10
0.7182049606299212
20
1.0947438582677165
11
0.7128163385826771
21
1.0927340157480314
0
LINE
8
BLACK
6
CONTINUOUS
10
0.7128163385826771
20
1.0927340157480314
11
0.7128162992125984
21
1.0927340157480314
0
LINE
8
BLACK
6
CONTINUOUS
10
0.7128162992125984
20
1.0927340157480314
11
0.7082124015748031
21
1.0892875590551181
0
LINE
8
BLACK
6
CONTINUOUS
10
0.7082124015748031
20
1.0892875590551181
11
0.7047659448818897
21
1.0846836614173228
0
LINE
8
BLACK
6
CONTINUOUS
10
0.7047659448818897
20
1.0846836614173228
11
0.7047659448818897
21
1.084683622047244
0
LINE
8
BLACK
6
CONTINUOUS
10
0.7047659448818897
20
1.084683622047244
11
0.7027561023622048
21
1.0792949999999999
0
LINE
8
BLACK
6
CONTINUOUS
10
0.7027561023622048
20
1.0792949999999999
11
0.7025
21
1.0769132677165354
0
LINE
8
BLACK
6
CONTINUOUS
10
0.7025
20
1.0769132677165354
11
0.7025
21
1.0674999999999999
0
LINE
8
BLACK
6
CONTINUOUS
10
0.7025
20
1.0674999999999999
11
0.7225
21
1.0674999999999999
0
LINE
8
BLACK
6
CONTINUOUS
10
0.7225
20
1.0674999999999999
11
0.7225
21
1.075
0
LINE
8
BLACK
6
CONTINUOUS
10
0.7225
20
1.075
11
0.74
21
1.075
0
LINE
8
BLACK
6
CONTINUOUS
10
0.74
20
1.075
11
0.74
21
1.095
0
LINE
8
BLACK
6
CONTINUOUS
10
0.74
20
1.095
11
0.7205872047244094
21
1.095
0
LINE
8
BLACK
6
CONTINUOUS
10
0.7205872047244094
20
1.095
11
0.7205866929133858
21
1.0949999606299212
0
LINE
8
BLACK
6
CONTINUOUS
10
0.76
20
1.075
11
0.7775
21
1.075
0
LINE
8
BLACK
6
CONTINUOUS
10
0.7775
20
1.075
11
0.7775
21
1.0674999999999999
0
LINE
8
BLACK
6
CONTINUOUS
10
0.7775
20
1.0674999999999999
11
0.7903644881889763
21
1.0674999999999999
0
LINE
8
BLACK
6
CONTINUOUS
10
0.7903644881889763
20
1.0674999999999999
11
0.7975
21
1.0746355118110236
0
LINE
8
BLACK
6
CONTINUOUS
10
0.7975
20
1.0746355118110236
11
0.7975
21
1.0769127952755906
0
LINE
8
BLACK
6
CONTINUOUS
10
0.7975
20
1.0769127952755906
11
0.7974999606299212
21
1.0769132677165354
0
LINE
8
BLACK
6
CONTINUOUS
10
0.7974999606299212
20
1.0769132677165354
11
0.7972438582677165
21
1.0792949999999999
0
LINE
8
BLACK
6
CONTINUOUS
10
0.7972438582677165
20
1.0792949999999999
11
0.7952340157480314
21
1.084683622047244
0
LINE
8
BLACK
6
CONTINUOUS
10
0.7952340157480314
20
1.084683622047244
11
0.7952340157480314
21
1.0846836614173228
0
LINE
8
BLACK
6
CONTINUOUS
10
0.7952340157480314
20
1.0846836614173228
11
0.7917875590551181
21
1.0892875590551181
0
LINE
8
BLACK
6
CONTINUOUS
10
0.7917875590551181
20
1.0892875590551181
11
0.7871836614173228
21
1.0927340157480314
0
LINE
8
BLACK
6
CONTINUOUS
10
0.7871836614173228
20
1.0927340157480314
11
0.781795
21
1.0947438582677165
0
LINE
8
BLACK
6
CONTINUOUS
10
0.781795
20
1.0947438582677165
11
0.7794132677165354
21
1.0949999606299212
0
LINE
8
BLACK
6
CONTINUOUS
10
0.7794132677165354
20
1.0949999606299212
11
0.7794127952755905
21
1.095
0
LINE
8
BLACK
6
CONTINUOUS
10
0.7794127952755905
20
1.095
11
0.76
21
1.095
0
LINE
8
BLACK
6
CONTINUOUS
10
0.76
20
1.095
11
0.76
21
1.075
0
LINE
8
BLACK
6
CONTINUOUS
10
0.3475
20
0.7975
11
0.3475
21
0.8049999999999999
0
LINE
8
BLACK
6
CONTINUOUS
10
0.3475
20
0.8049999999999999
11
0.365
21
0.8049999999999999
0
LINE
8
BLACK
6
CONTINUOUS
10
0.365
20
0.8049999999999999
11
0.365
21
0.825
0
LINE
8
BLACK
6
CONTINUOUS
10
0.365
20
0.825
11
0.3455872047244095
21
0.825
0
LINE
8
BLACK
6
CONTINUOUS
10
0.3455872047244095
20
0.825
11
0.3455866929133858
21
0.8249999606299212
0
LINE
8
BLACK
6
CONTINUOUS
10
0.3455866929133858
20
0.8249999606299212
11
0.3432049606299212
21
0.8247438582677166
0
LINE
8
BLACK
6
CONTINUOUS
10
0.3432049606299212
20
0.8247438582677166
11
0.3378163385826772
21
0.8227340157480315
0
LINE
8
BLACK
6
CONTINUOUS
10
0.3378163385826772
20
0.8227340157480315
11
0.3378162992125984
21
0.8227340157480315
0
LINE
8
BLACK
6
CONTINUOUS
10
0.3378162992125984
20
0.8227340157480315
11
0.3332124015748031
21
0.8192875590551181
0
LINE
8
BLACK
6
CONTINUOUS
10
0.3332124015748031
20
0.8192875590551181
11
0.3297659448818898
21
0.8146836614173228
0
LINE
8
BLACK
6
CONTINUOUS
10
0.3297659448818898
20
0.8146836614173228
11
0.3297659448818898
21
0.8146836220472441
0
LINE
8
BLACK
6
CONTINUOUS
10
0.3297659448818898
20
0.8146836220472441
11
0.3277561023622047
21
0.809295
0
LINE
8
BLACK
6
CONTINUOUS
10
0.3277561023622047
20
0.809295
11
0.3275
21
0.8069132677165354
0
LINE
8
BLACK
6
CONTINUOUS
10
0.3275
20
0.8069132677165354
11
0.3275
21
0.7975
0
LINE
8
BLACK
6
CONTINUOUS
10
0.3275
20
0.7975
11
0.3475
21
0.7975
0
LINE
8
BLACK
6
CONTINUOUS
10
1.2424999999999999
20
0.1675
11
1.2218110236220472
21
0.1675
0
LINE
8
BLACK
6
CONTINUOUS
10
1.2218110236220472
20
0.1675
11
1.2218110236220472
21
0.1325
0
LINE
8
BLACK
6
CONTINUOUS
10
1.2218110236220472
20
0.1325
11
1.2424999999999999
21
0.1325
0
LINE
8
BLACK
6
CONTINUOUS
10
1.2424999999999999
20
0.1325
11
1.2424999999999999
21
0.0842033070866142
0
LINE
8
BLACK
6
CONTINUOUS
10
1.2424999999999999
20
0.0842033070866142
11
1.269203346456693
21
0.0574999606299213
0
LINE
8
BLACK
6
CONTINUOUS
10
1.269203346456693
20
0.0574999606299213
11
1.3507966535433071
21
0.0574999606299213
0
LINE
8
BLACK
6
CONTINUOUS
10
1.3507966535433071
20
0.0574999606299213
11
1.3774999999999999
21
0.0842033070866142
0
LINE
8
BLACK
6
CONTINUOUS
10
1.3774999999999999
20
0.0842033070866142
11
1.3774999999999999
21
0.1325
0
LINE
8
BLACK
6
CONTINUOUS
10
1.3774999999999999
20
0.1325
11
1.3981889763779527
21
0.1325
0
LINE
8
BLACK
6
CONTINUOUS
10
1.3981889763779527
20
0.1325
11
1.3981889763779527
21
0.1675
0
LINE
8
BLACK
6
CONTINUOUS
10
1.3981889763779527
20
0.1675
11
1.3774999999999999
21
0.1675
0
LINE
8
BLACK
6
CONTINUOUS
10
1.3774999999999999
20
0.1675
11
1.3774999999999999
21
0.2325
0
LINE
8
BLACK
6
CONTINUOUS
10
1.3774999999999999
20
0.2325
11
1.4424999999999999
21
0.2325
0
LINE
8
BLACK
6
CONTINUOUS
10
1.4424999999999999
20
0.2325
11
1.4424999999999999
21
0.1675
0
LINE
8
BLACK
6
CONTINUOUS
10
1.4424999999999999
20
0.1675
11
1.4218110236220471
21
0.1675
0
LINE
8
BLACK
6
CONTINUOUS
10
1.4218110236220471
20
0.1675
11
1.4218110236220471
21
0.1325
0
LINE
8
BLACK
6
CONTINUOUS
10
1.4218110236220471
20
0.1325
11
1.4424999999999999
21
0.1325
0
LINE
8
BLACK
6
CONTINUOUS
10
1.4424999999999999
20
0.1325
11
1.4424999999999999
21
0.0675
0
LINE
8
BLACK
6
CONTINUOUS
10
1.4424999999999999
20
0.0675
11
1.3942033070866142
21
0.0675
0
LINE
8
BLACK
6
CONTINUOUS
10
1.3942033070866142
20
0.0675
11
1.364040590551181
21
0.0373372834645669
0
LINE
8
BLACK
6
CONTINUOUS
10
1.364040590551181
20
0.0373372834645669
11
1.3637454724409448
21
0.0370922047244094
0
LINE
8
BLACK
6
CONTINUOUS
10
1.3637454724409448
20
0.0370922047244094
11
1.3636459842519684
21
0.0369604724409449
0
LINE
8
BLACK
6
CONTINUOUS
10
1.3636459842519684
20
0.0369604724409449
11
1.3634133464566929
21
0.0368164173228346
0
LINE
8
BLACK
6
CONTINUOUS
10
1.3634133464566929
20
0.0368164173228346
11
1.3623637795275589
21
0.0359448818897638
0
LINE
8
BLACK
6
CONTINUOUS
10
1.3623637795275589
20
0.0359448818897638
11
1.3611156299212599
21
0.0353937401574803
0
LINE
8
BLACK
6
CONTINUOUS
10
1.3611156299212599
20
0.0353937401574803
11
1.3599555511811023
21
0.0346754724409449
0
LINE
8
BLACK
6
CONTINUOUS
10
1.3599555511811023
20
0.0346754724409449
11
1.3591462598425197
21
0.0345241732283465
0
LINE
8
BLACK
6
CONTINUOUS
10
1.3591462598425197
20
0.0345241732283465
11
1.3583930708661418
21
0.0341916141732283
0
LINE
8
BLACK
6
CONTINUOUS
10
1.3583930708661418
20
0.0341916141732283
11
1.3570300393700787
21
0.0341285826771654
0
LINE
8
BLACK
6
CONTINUOUS
10
1.3570300393700787
20
0.0341285826771654
11
1.355688937007874
21
0.0338779133858268
0
LINE
8
BLACK
6
CONTINUOUS
10
1.355688937007874
20
0.0338779133858268
11
1.2643110629921259
21
0.0338779133858268
0
LINE
8
BLACK
6
CONTINUOUS
10
1.2643110629921259
20
0.0338779133858268
11
1.2639290157480314
21
0.0339133070866142
0
LINE
8
BLACK
6
CONTINUOUS
10
1.2639290157480314
20
0.0339133070866142
11
1.2637655905511811
21
0.0338905118110236
0
LINE
8
BLACK
6
CONTINUOUS
10
1.2637655905511811
20
0.0338905118110236
11
1.2634993307086615
21
0.0339531102362205
0
LINE
8
BLACK
6
CONTINUOUS
10
1.2634993307086615
20
0.0339531102362205
11
1.2621407874015749
21
0.0340790157480315
0
LINE
8
BLACK
6
CONTINUOUS
10
1.2621407874015749
20
0.0340790157480315
11
1.260868464566929
21
0.0345718897637795
0
LINE
8
BLACK
6
CONTINUOUS
10
1.260868464566929
20
0.0345718897637795
11
1.2595403149606299
21
0.0348842913385827
0
LINE
8
BLACK
6
CONTINUOUS
10
1.2595403149606299
20
0.0348842913385827
11
1.258861062992126
21
0.0353495669291339
0
LINE
8
BLACK
6
CONTINUOUS
10
1.258861062992126
20
0.0353495669291339
11
1.2580933464566928
21
0.0356470078740158
0
LINE
8
BLACK
6
CONTINUOUS
10
1.2580933464566928
20
0.0356470078740158
11
1.2570850393700788
21
0.0365661811023622
0
LINE
8
BLACK
6
CONTINUOUS
10
1.2570850393700788
20
0.0365661811023622
11
1.2559594094488189
21
0.0373372834645669
0
LINE
8
BLACK
6
CONTINUOUS
10
1.2559594094488189
20
0.0373372834645669
11
1.2257966929133859
21
0.0675
0
LINE
8
BLACK
6
CONTINUOUS
10
1.2257966929133859
20
0.0675
11
1.1775
21
0.0675
0
LINE
8
BLACK
6
CONTINUOUS
10
1.1775
20
0.0675
11
1.1775
21
0.1325
0
LINE
8
BLACK
6
CONTINUOUS
10
1.1775
20
0.1325
11
1.1981889763779527
21
0.1325
0
LINE
8
BLACK
6
CONTINUOUS
10
1.1981889763779527
20
0.1325
11
1.1981889763779527
21
0.1675
0
LINE
8
BLACK
6
CONTINUOUS
10
1.1981889763779527
20
0.1675
11
1.1775
21
0.1675
0
LINE
8
BLACK
6
CONTINUOUS
10
1.1775
20
0.1675
11
1.1775
21
0.2325
0
LINE
8
BLACK
6
CONTINUOUS
10
1.1775
20
0.2325
11
1.2424999999999999
21
0.2325
0
LINE
8
BLACK
6
CONTINUOUS
10
1.2424999999999999
20
0.2325
11
1.2424999999999999
21
0.1675
0
LINE
8
BLACK
6
CONTINUOUS
10
1.4175
20
0.435
11
1.4161355118110235
21
0.435
0
LINE
8
BLACK
6
CONTINUOUS
10
1.4161355118110235
20
0.435
11
1.4280677559055117
21
0.4230677559055118
0
LINE
8
BLACK
6
CONTINUOUS
10
1.4280677559055117
20
0.4230677559055118
11
1.4287705118110237
21
0.4219492913385827
0
LINE
8
BLACK
6
CONTINUOUS
10
1.4287705118110237
20
0.4219492913385827
11
1.4295942519685039
21
0.4209164173228346
0
LINE
8
BLACK
6
CONTINUOUS
10
1.4295942519685039
20
0.4209164173228346
11
1.4296938976377953
21
0.4204798031496063
0
LINE
8
BLACK
6
CONTINUOUS
10
1.4296938976377953
20
0.4204798031496063
11
1.4299321653543307
21
0.4201006299212598
0
LINE
8
BLACK
6
CONTINUOUS
10
1.4299321653543307
20
0.4201006299212598
11
1.4300800393700788
21
0.4187879133858268
0
LINE
8
BLACK
6
CONTINUOUS
10
1.4300800393700788
20
0.4187879133858268
11
1.4303740157480314
21
0.4175
0
LINE
8
BLACK
6
CONTINUOUS
10
1.4303740157480314
20
0.4175
11
1.4303740157480314
21
0.3675
0
LINE
8
BLACK
6
CONTINUOUS
10
1.4303740157480314
20
0.3675
11
1.4399999999999999
21
0.3675
0
LINE
8
BLACK
6
CONTINUOUS
10
1.4399999999999999
20
0.3675
11
1.4399999999999999
21
0.3125
0
LINE
8
BLACK
6
CONTINUOUS
10
1.4399999999999999
20
0.3125
11
1.4117033070866141
21
0.3125
0
LINE
8
BLACK
6
CONTINUOUS
10
1.4117033070866141
20
0.3125
11
1.3317033070866142
21
0.2325
0
LINE
8
BLACK
6
CONTINUOUS
10
1.3317033070866142
20
0.2325
11
1.3425
21
0.2325
0
LINE
8
BLACK
6
CONTINUOUS
10
1.3425
20
0.2325
11
1.3425
21
0.1675
0
LINE
8
BLACK
6
CONTINUOUS
10
1.3425
20
0.1675
11
1.3218110236220473
21
0.1675
0
LINE
8
BLACK
6
CONTINUOUS
10
1.3218110236220473
20
0.1675
11
1.3218110236220473
21
0.1325
0
LINE
8
BLACK
6
CONTINUOUS
10
1.3218110236220473
20
0.1325
11
1.3425
21
0.1325
0
LINE
8
BLACK
6
CONTINUOUS
10
1.3425
20
0.1325
11
1.3425
21
0.0675
0
LINE
8
BLACK
6
CONTINUOUS
10
1.3425
20
0.0675
11
1.2775000000000001
21
0.0675
0
LINE
8
BLACK
6
CONTINUOUS
10
1.2775000000000001
20
0.0675
11
1.2775000000000001
21
0.1325
0
LINE
8
BLACK
6
CONTINUOUS
10
1.2775000000000001
20
0.1325
11
1.2981889763779528
21
0.1325
0
LINE
8
BLACK
6
CONTINUOUS
10
1.2981889763779528
20
0.1325
11
1.2981889763779528
21
0.1675
0
LINE
8
BLACK
6
CONTINUOUS
10
1.2981889763779528
20
0.1675
11
1.2775000000000001
21
0.1675
0
LINE
8
BLACK
6
CONTINUOUS
10
1.2775000000000001
20
0.1675
11
1.2775000000000001
21
0.2325
0
LINE
8
BLACK
6
CONTINUOUS
10
1.2775000000000001
20
0.2325
11
1.299352401574803
21
0.2325
0
LINE
8
BLACK
6
CONTINUOUS
10
1.299352401574803
20
0.2325
11
1.2996606299212599
21
0.2329499606299213
0
LINE
8
BLACK
6
CONTINUOUS
10
1.2996606299212599
20
0.2329499606299213
11
1.2999580708661418
21
0.2337177165354331
0
LINE
8
BLACK
6
CONTINUOUS
10
1.2999580708661418
20
0.2337177165354331
11
1.3008772440944882
21
0.2347259842519685
0
LINE
8
BLACK
6
CONTINUOUS
10
1.3008772440944882
20
0.2347259842519685
11
1.3016483464566928
21
0.2358516535433071
0
LINE
8
BLACK
6
CONTINUOUS
10
1.3016483464566928
20
0.2358516535433071
11
1.405
21
0.3392033070866142
0
LINE
8
BLACK
6
CONTINUOUS
10
1.405
20
0.3392033070866142
11
1.405
21
0.3675
0
LINE
8
BLACK
6
CONTINUOUS
10
1.405
20
0.3675
11
1.4146259842519684
21
0.3675
0
LINE
8
BLACK
6
CONTINUOUS
10
1.4146259842519684
20
0.3675
11
1.4146259842519684
21
0.4142385039370078
0
LINE
8
BLACK
6
CONTINUOUS
10
1.4146259842519684
20
0.4142385039370078
11
1.3938644881889763
21
0.435
0
LINE
8
BLACK
6
CONTINUOUS
10
1.3938644881889763
20
0.435
11
1.3725000000000001
21
0.435
0
LINE
8
BLACK
6
CONTINUOUS
10
1.3725000000000001
20
0.435
11
1.3725000000000001
21
0.455
0
LINE
8
BLACK
6
CONTINUOUS
10
1.3725000000000001
20
0.455
11
1.4175
21
0.455
0
LINE
8
BLACK
6
CONTINUOUS
10
1.4175
20
0.455
11
1.4175
21
0.435
0
LINE
8
BLACK
6
CONTINUOUS
10
0.5636811023622047
20
0.6286110236220472
11
0.582
21
0.6286110236220472
0
LINE
8
BLACK
6
CONTINUOUS
10
0.582
20
0.6286110236220472
11
0.582
21
0.63575
0
LINE
8
BLACK
6
CONTINUOUS
10
0.582
20
0.63575
11
0.6214
21
0.63575
0
LINE
8
BLACK
6
CONTINUOUS
10
0.6214
20
0.63575
11
0.6214
21
0.60425
0
LINE
8
BLACK
6
CONTINUOUS
10
0.6214
20
0.60425
11
0.6095740157480315
21
0.60425
0
LINE
8
BLACK
6
CONTINUOUS
10
0.6095740157480315
20
0.60425
11
0.6095740157480315
21
0.5917634645669291
0
LINE
8
BLACK
6
CONTINUOUS
10
0.6095740157480315
20
0.5917634645669291
11
0.6634635039370078
21
0.5378740157480315
0
LINE
8
BLACK
6
CONTINUOUS
10
0.6634635039370078
20
0.5378740157480315
11
0.765
21
0.5378740157480315
0
LINE
8
BLACK
6
CONTINUOUS
10
0.765
20
0.5378740157480315
11
0.765
21
0.5575
0
LINE
8
BLACK
6
CONTINUOUS
10
0.765
20
0.5575
11
0.7999999999999999
21
0.5575
0
LINE
8
BLACK
6
CONTINUOUS
10
0.7999999999999999
20
0.5575
11
0.7999999999999999
21
0.5192033070866141
0
LINE
8
BLACK
6
CONTINUOUS
10
0.7999999999999999
20
0.5192033070866141
11
0.8142516535433071
21
0.5049516535433071
0
LINE
8
BLACK
6
CONTINUOUS
10
0.8142516535433071
20
0.5049516535433071
11
0.8223516535433071
21
0.4968516535433071
0
LINE
8
BLACK
6
CONTINUOUS
10
0.8223516535433071
20
0.4968516535433071
11
0.8237440551181102
21
0.495174842519685
0
LINE
8
BLACK
6
CONTINUOUS
10
0.8237440551181102
20
0.495174842519685
11
0.8254972834645669
21
0.4912041338582677
0
LINE
8
BLACK
6
CONTINUOUS
10
0.8254972834645669
20
0.4912041338582677
11
0.8256285433070866
21
0.4883649212598425
0
LINE
8
BLACK
6
CONTINUOUS
10
0.8256285433070866
20
0.4883649212598425
11
0.8330190551181103
21
0.4880232677165354
0
LINE
8
BLACK
6
CONTINUOUS
10
0.8330190551181103
20
0.4880232677165354
11
0.8500912204724409
21
0.485641811023622
0
LINE
8
BLACK
6
CONTINUOUS
10
0.8500912204724409
20
0.485641811023622
11
0.8668708267716535
21
0.4816953149606299
0
LINE
8
BLACK
6
CONTINUOUS
10
0.8668708267716535
20
0.4816953149606299
11
0.8832146850393701
21
0.4762173622047244
0
LINE
8
BLACK
6
CONTINUOUS
10
0.8832146850393701
20
0.4762173622047244
11
0.8989834251968504
21
0.4692548031496063
0
LINE
8
BLACK
6
CONTINUOUS
10
0.8989834251968504
20
0.4692548031496063
11
0.9140424409448819
21
0.460866968503937
0
LINE
8
BLACK
6
CONTINUOUS
10
0.9140424409448819
20
0.460866968503937
11
0.9282633070866142
21
0.4511254724409449
0
LINE
8
BLACK
6
CONTINUOUS
10
0.9282633070866142
20
0.4511254724409449
11
0.9415246456692913
21
0.4401133858267716
0
LINE
8
BLACK
6
CONTINUOUS
10
0.9415246456692913
20
0.4401133858267716
11
0.9537133858267717
21
0.4279246456692913
0
LINE
8
BLACK
6
CONTINUOUS
10
0.9537133858267717
20
0.4279246456692913
11
0.9647254724409449
21
0.4146633070866141
0
LINE
8
BLACK
6
CONTINUOUS
10
0.9647254724409449
20
0.4146633070866141
11
0.974466968503937
21
0.4004424409448819
0
LINE
8
BLACK
6
CONTINUOUS
10
0.974466968503937
20
0.4004424409448819
11
0.9828548031496063
21
0.3853834251968504
0
LINE
8
BLACK
6
CONTINUOUS
10
0.9828548031496063
20
0.3853834251968504
11
0.9898173622047244
21
0.3696146850393701
0
LINE
8
BLACK
6
CONTINUOUS
10
0.9898173622047244
20
0.3696146850393701
11
0.99529531496063
21
0.3532708267716536
0
LINE
8
BLACK
6
CONTINUOUS
10
0.99529531496063
20
0.3532708267716536
11
0.999241811023622
21
0.336491220472441
0
LINE
8
BLACK
6
CONTINUOUS
10
0.999241811023622
20
0.336491220472441
11
1.0016232677165353
21
0.3194190551181103
0
LINE
8
BLACK
6
CONTINUOUS
10
1.0016232677165353
20
0.3194190551181103
11
1.00241937007874
21
0.3022
0
LINE
8
BLACK
6
CONTINUOUS
10
1.00241937007874
20
0.3022
11
1.0016232677165353
21
0.2849809448818897
0
LINE
8
BLACK
6
CONTINUOUS
10
1.0016232677165353
20
0.2849809448818897
11
0.999241811023622
21
0.267908779527559
0
LINE
8
BLACK
6
CONTINUOUS
10
0.999241811023622
20
0.267908779527559
11
0.99529531496063
21
0.2511291732283464
0
LINE
8
BLACK
6
CONTINUOUS
10
0.99529531496063
20
0.2511291732283464
11
0.9898173622047244
21
0.2347853149606299
0
LINE
8
BLACK
6
CONTINUOUS
10
0.9898173622047244
20
0.2347853149606299
11
0.9828548031496063
21
0.2190165748031496
0
LINE
8
BLACK
6
CONTINUOUS
10
0.9828548031496063
20
0.2190165748031496
11
0.974466968503937
21
0.2039575590551181
0
LINE
8
BLACK
6
CONTINUOUS
10
0.974466968503937
20
0.2039575590551181
11
0.9647254724409449
21
0.1897366929133858
0
LINE
8
BLACK
6
CONTINUOUS
10
0.9647254724409449
20
0.1897366929133858
11
0.9537133858267717
21
0.1764753543307087
0
LINE
8
BLACK
6
CONTINUOUS
10
0.9537133858267717
20
0.1764753543307087
11
0.9415246456692913
21
0.1642866141732283
0
LINE
8
BLACK
6
CONTINUOUS
10
0.9415246456692913
20
0.1642866141732283
11
0.9282633070866142
21
0.1532745275590551
0
LINE
8
BLACK
6
CONTINUOUS
10
0.9282633070866142
20
0.1532745275590551
11
0.9140424409448819
21
0.143533031496063
0
LINE
8
BLACK
6
CONTINUOUS
10
0.9140424409448819
20
0.143533031496063
11
0.8989834251968504
21
0.1351451968503937
0
LINE
8
BLACK
6
CONTINUOUS
10
0.8989834251968504
20
0.1351451968503937
11
0.8832146850393701
21
0.1281826377952756
0
LINE
8
BLACK
6
CONTINUOUS
10
0.8832146850393701
20
0.1281826377952756
11
0.8668708267716535
21
0.1227046850393701
0
LINE
8
BLACK
6
CONTINUOUS
10
0.8668708267716535
20
0.1227046850393701
11
0.8500912204724409
21
0.118758188976378
0
LINE
8
BLACK
6
CONTINUOUS
10
0.8500912204724409
20
0.118758188976378
11
0.8330190551181103
21
0.1163767322834646
0
LINE
8
BLACK
6
CONTINUOUS
10
0.8330190551181103
20
0.1163767322834646
11
0.8158
21
0.1155806299212598
0
LINE
8
BLACK
6
CONTINUOUS
10
0.8158
20
0.1155806299212598
11
0.7985809448818898
21
0.1163767322834646
0
LINE
8
BLACK
6
CONTINUOUS
10
0.7985809448818898
20
0.1163767322834646
11
0.781508779527559
21
0.118758188976378
0
LINE
8
BLACK
6
CONTINUOUS
10
0.781508779527559
20
0.118758188976378
11
0.7647291732283464
21
0.1227046850393701
0
LINE
8
BLACK
6
CONTINUOUS
10
0.7647291732283464
20
0.1227046850393701
11
0.7483853149606299
21
0.1281826377952756
0
LINE
8
BLACK
6
CONTINUOUS
10
0.7483853149606299
20
0.1281826377952756
11
0.7326165748031496
21
0.1351451968503937
0
LINE
8
BLACK
6
CONTINUOUS
10
0.7326165748031496
20
0.1351451968503937
11
0.7175575590551181
21
0.143533031496063
0
LINE
8
BLACK
6
CONTINUOUS
10
0.7175575590551181
20
0.143533031496063
11
0.7033366929133859
21
0.1532745275590551
0
LINE
8
BLACK
6
CONTINUOUS
10
0.7033366929133859
20
0.1532745275590551
11
0.6900753543307087
21
0.1642866141732283
0
LINE
8
BLACK
6
CONTINUOUS
10
0.6900753543307087
20
0.1642866141732283
11
0.6778866141732284
21
0.1764753543307087
0
LINE
8
BLACK
6
CONTINUOUS
10
0.6778866141732284
20
0.1764753543307087
11
0.6668745275590551
21
0.1897366929133858
0
LINE
8
BLACK
6
CONTINUOUS
10
0.6668745275590551
20
0.1897366929133858
11
0.6571330314960629
21
0.2039575590551181
0
LINE
8
BLACK
6
CONTINUOUS
10
0.6571330314960629
20
0.2039575590551181
11
0.6487451968503937
21
0.2190165748031496
0
LINE
8
BLACK
6
CONTINUOUS
10
0.6487451968503937
20
0.2190165748031496
11
0.6417826377952756
21
0.2347853149606299
0
LINE
8
BLACK
6
CONTINUOUS
10
0.6417826377952756
20
0.2347853149606299
11
0.6363046850393701
21
0.2511291732283464
0
LINE
8
BLACK
6
CONTINUOUS
10
0.6363046850393701
20
0.2511291732283464
11
0.632358188976378
21
0.267908779527559
0
LINE
8
BLACK
6
CONTINUOUS
10
0.632358188976378
20
0.267908779527559
11
0.6299767322834645
21
0.2849809448818897
0
LINE
8
BLACK
6
CONTINUOUS
10
0.6299767322834645
20
0.2849809448818897
11
0.6291806299212598
21
0.3022
0
LINE
8
BLACK
6
CONTINUOUS
10
0.6291806299212598
20
0.3022
11
0.6299767322834645
21
0.3194190551181103
0
LINE
8
BLACK
6
CONTINUOUS
10
0.6299767322834645
20
0.3194190551181103
11
0.632358188976378
21
0.336491220472441
0
LINE
8
BLACK
6
CONTINUOUS
10
0.632358188976378
20
0.336491220472441
11
0.6363046850393701
21
0.3532708267716536
0
LINE
8
BLACK
6
CONTINUOUS
10
0.6363046850393701
20
0.3532708267716536
11
0.6417826377952756
21
0.3696146850393701
0
LINE
8
BLACK
6
CONTINUOUS
10
0.6417826377952756
20
0.3696146850393701
11
0.6487451968503937
21
0.3853834251968504
0
LINE
8
BLACK
6
CONTINUOUS
10
0.6487451968503937
20
0.3853834251968504
11
0.6571330314960629
21
0.4004424409448819
0
LINE
8
BLACK
6
CONTINUOUS
10
0.6571330314960629
20
0.4004424409448819
11
0.6668745275590551
21
0.4146633070866141
0
LINE
8
BLACK
6
CONTINUOUS
10
0.6668745275590551
20
0.4146633070866141
11
0.6778866141732284
21
0.4279246456692913
0
LINE
8
BLACK
6
CONTINUOUS
10
0.6778866141732284
20
0.4279246456692913
11
0.6900753543307087
21
0.4401133858267716
0
LINE
8
BLACK
6
CONTINUOUS
10
0.6900753543307087
20
0.4401133858267716
11
0.7033366929133859
21
0.4511254724409449
0
LINE
8
BLACK
6
CONTINUOUS
10
0.7033366929133859
20
0.4511254724409449
11
0.7175575590551181
21
0.460866968503937
0
LINE
8
BLACK
6
CONTINUOUS
10
0.7175575590551181
20
0.460866968503937
11
0.7326165748031496
21
0.4692548031496063
0
LINE
8
BLACK
6
CONTINUOUS
10
0.7326165748031496
20
0.4692548031496063
11
0.7483853149606299
21
0.4762173622047244
0
LINE
8
BLACK
6
CONTINUOUS
10
0.7483853149606299
20
0.4762173622047244
11
0.7647291732283464
21
0.4816953149606299
0
LINE
8
BLACK
6
CONTINUOUS
10
0.7647291732283464
20
0.4816953149606299
11
0.781508779527559
21
0.485641811023622
0
LINE
8
BLACK
6
CONTINUOUS
10
0.781508779527559
20
0.485641811023622
11
0.7978722440944882
21
0.4879244094488189
0
LINE
8
BLACK
6
CONTINUOUS
10
0.7978722440944882
20
0.4879244094488189
11
0.7975483464566929
21
0.4882483464566929
0
LINE
8
BLACK
6
CONTINUOUS
10
0.7975483464566929
20
0.4882483464566929
11
0.7832966929133858
21
0.5024999999999999
0
LINE
8
BLACK
6
CONTINUOUS
10
0.7832966929133858
20
0.5024999999999999
11
0.765
21
0.5024999999999999
0
LINE
8
BLACK
6
CONTINUOUS
10
0.765
20
0.5024999999999999
11
0.765
21
0.5221259842519685
0
LINE
8
BLACK
6
CONTINUOUS
10
0.765
20
0.5221259842519685
11
0.660201968503937
21
0.5221259842519685
0
LINE
8
BLACK
6
CONTINUOUS
10
0.660201968503937
20
0.5221259842519685
11
0.6589141732283464
21
0.5224198818897637
0
LINE
8
BLACK
6
CONTINUOUS
10
0.6589141732283464
20
0.5224198818897637
11
0.6576013385826771
21
0.5225678346456692
0
LINE
8
BLACK
6
CONTINUOUS
10
0.6576013385826771
20
0.5225678346456692
11
0.657222125984252
21
0.522806062992126
0
LINE
8
BLACK
6
CONTINUOUS
10
0.657222125984252
20
0.522806062992126
11
0.6567855511811024
21
0.522905748031496
0
LINE
8
BLACK
6
CONTINUOUS
10
0.6567855511811024
20
0.522905748031496
11
0.6557527952755905
21
0.5237293307086615
0
LINE
8
BLACK
6
CONTINUOUS
10
0.6557527952755905
20
0.5237293307086615
11
0.6546342125984251
21
0.5244322047244094
0
LINE
8
BLACK
6
CONTINUOUS
10
0.6546342125984251
20
0.5244322047244094
11
0.5961322440944882
21
0.5829342125984251
0
LINE
8
BLACK
6
CONTINUOUS
10
0.5961322440944882
20
0.5829342125984251
11
0.5954294488188976
21
0.5840526377952756
0
LINE
8
BLACK
6
CONTINUOUS
10
0.5954294488188976
20
0.5840526377952756
11
0.594605748031496
21
0.5850855511811024
0
LINE
8
BLACK
6
CONTINUOUS
10
0.594605748031496
20
0.5850855511811024
11
0.5945060629921259
21
0.5855221259842519
0
LINE
8
BLACK
6
CONTINUOUS
10
0.5945060629921259
20
0.5855221259842519
11
0.5942678346456692
21
0.5859013385826771
0
LINE
8
BLACK
6
CONTINUOUS
10
0.5942678346456692
20
0.5859013385826771
11
0.5941199212598425
21
0.5872140157480314
0
LINE
8
BLACK
6
CONTINUOUS
10
0.5941199212598425
20
0.5872140157480314
11
0.5938259842519685
21
0.588501968503937
0
LINE
8
BLACK
6
CONTINUOUS
10
0.5938259842519685
20
0.588501968503937
11
0.5938259842519685
21
0.60425
0
LINE
8
BLACK
6
CONTINUOUS
10
0.5938259842519685
20
0.60425
11
0.582
21
0.60425
0
LINE
8
BLACK
6
CONTINUOUS
10
0.582
20
0.60425
11
0.582
21
0.6049889763779528
0
LINE
8
BLACK
6
CONTINUOUS
10
0.582
20
0.6049889763779528
11
0.5636811023622047
21
0.6049889763779528
0
LINE
8
BLACK
6
CONTINUOUS
10
0.5636811023622047
20
0.6049889763779528
11
0.5636811023622047
21
0.5892999999999999
0
LINE
8
BLACK
6
CONTINUOUS
10
0.5636811023622047
20
0.5892999999999999
11
0.5286811023622047
21
0.5892999999999999
0
LINE
8
BLACK
6
CONTINUOUS
10
0.5286811023622047
20
0.5892999999999999
11
0.5286811023622047
21
0.6443
0
LINE
8
BLACK
6
CONTINUOUS
10
0.5286811023622047
20
0.6443
11
0.5636811023622047
21
0.6443
0
LINE
8
BLACK
6
CONTINUOUS
10
0.5636811023622047
20
0.6443
11
0.5636811023622047
21
0.6286110236220472
0
LINE
8
BLACK
6
CONTINUOUS
10
1.2175
20
0.3907711417322834
11
1.2205302362204724
21
0.3927185433070866
0
LINE
8
BLACK
6
CONTINUOUS
10
1.2205302362204724
20
0.3927185433070866
11
1.2253094881889763
21
0.3941218897637795
0
LINE
8
BLACK
6
CONTINUOUS
10
1.2253094881889763
20
0.3941218897637795
11
1.2302905118110237
21
0.3941218897637795
0
LINE
8
BLACK
6
CONTINUOUS
10
1.2302905118110237
20
0.3941218897637795
11
1.2350697637795276
21
0.3927185433070866
0
LINE
8
BLACK
6
CONTINUOUS
10
1.2350697637795276
20
0.3927185433070866
11
1.2392600787401575
21
0.3900256299212598
0
LINE
8
BLACK
6
CONTINUOUS
10
1.2392600787401575
20
0.3900256299212598
11
1.2398792913385825
21
0.3893110236220472
0
LINE
8
BLACK
6
CONTINUOUS
10
1.2398792913385825
20
0.3893110236220472
11
1.2424999999999999
21
0.3893110236220472
0
LINE
8
BLACK
6
CONTINUOUS
10
1.2424999999999999
20
0.3893110236220472
11
1.2424999999999999
21
0.395
0
LINE
8
BLACK
6
CONTINUOUS
10
1.2424999999999999
20
0.395
11
1.2974999999999999
21
0.395
0
LINE
8
BLACK
6
CONTINUOUS
10
1.2974999999999999
20
0.395
11
1.2974999999999999
21
0.36
0
LINE
8
BLACK
6
CONTINUOUS
10
1.2974999999999999
20
0.36
11
1.2424999999999999
21
0.36
0
LINE
8
BLACK
6
CONTINUOUS
10
1.2424999999999999
20
0.36
11
1.2424999999999999
21
0.3656889763779527
0
LINE
8
BLACK
6
CONTINUOUS
10
1.2424999999999999
20
0.3656889763779527
11
1.2410923622047243
21
0.3656889763779527
0
LINE
8
BLACK
6
CONTINUOUS
10
1.2410923622047243
20
0.3656889763779527
11
1.2392600787401575
21
0.3635743700787402
0
LINE
8
BLACK
6
CONTINUOUS
10
1.2392600787401575
20
0.3635743700787402
11
1.2350697637795276
21
0.3608814566929134
0
LINE
8
BLACK
6
CONTINUOUS
10
1.2350697637795276
20
0.3608814566929134
11
1.2302905118110237
21
0.3594781102362204
0
LINE
8
BLACK
6
CONTINUOUS
10
1.2302905118110237
20
0.3594781102362204
11
1.2253094881889763
21
0.3594781102362204
0
LINE
8
BLACK
6
CONTINUOUS
10
1.2253094881889763
20
0.3594781102362204
11
1.2205302362204724
21
0.3608814566929134
0
LINE
8
BLACK
6
CONTINUOUS
10
1.2205302362204724
20
0.3608814566929134
11
1.2175
21
0.3628288188976378
0
LINE
8
BLACK
6
CONTINUOUS
10
1.2175
20
0.3628288188976378
11
1.2175
21
0.36
0
LINE
8
BLACK
6
CONTINUOUS
10
1.2175
20
0.36
11
1.1624999999999999
21
0.36
0
LINE
8
BLACK
6
CONTINUOUS
10
1.1624999999999999
20
0.36
11
1.1624999999999999
21
0.395
0
LINE
8
BLACK
6
CONTINUOUS
10
1.1624999999999999
20
0.395
11
1.2175
21
0.395
0
LINE
8
BLACK
6
CONTINUOUS
10
1.2175
20
0.395
11
1.2175
21
0.3907711417322834
0
LINE
8
BLACK
6
CONTINUOUS
10
1.1675
20
0.535
11
1.1336355511811023
21
0.535
0
LINE
8
BLACK
6
CONTINUOUS
10
1.1336355511811023
20
0.535
11
1.0900000000000001
21
0.4913644488188976
0
LINE
8
BLACK
6
CONTINUOUS
10
1.0900000000000001
20
0.4913644488188976
11
1.0900000000000001
21
0.4786355118110236
0
LINE
8
BLACK
6
CONTINUOUS
10
1.0900000000000001
20
0.4786355118110236
11
1.1055677559055117
21
0.4630677559055118
0
LINE
8
BLACK
6
CONTINUOUS
10
1.1055677559055117
20
0.4630677559055118
11
1.1062705118110236
21
0.4619492913385826
0
LINE
8
BLACK
6
CONTINUOUS
10
1.1062705118110236
20
0.4619492913385826
11
1.1070942519685039
21
0.4609164173228346
0
LINE
8
BLACK
6
CONTINUOUS
10
1.1070942519685039
20
0.4609164173228346
11
1.1071938976377953
21
0.4604798031496063
0
LINE
8
BLACK
6
CONTINUOUS
10
1.1071938976377953
20
0.4604798031496063
11
1.1074321653543306
21
0.4601006299212598
0
LINE
8
BLACK
6
CONTINUOUS
10
1.1074321653543306
20
0.4601006299212598
11
1.1075800393700788
21
0.4587879133858268
0
LINE
8
BLACK
6
CONTINUOUS
10
1.1075800393700788
20
0.4587879133858268
11
1.1078740157480316
21
0.4575
0
LINE
8
BLACK
6
CONTINUOUS
10
1.1078740157480316
20
0.4575
11
1.1078740157480316
21
0.395
0
LINE
8
BLACK
6
CONTINUOUS
10
1.1078740157480316
20
0.395
11
1.1274999999999999
21
0.395
0
LINE
8
BLACK
6
CONTINUOUS
10
1.1274999999999999
20
0.395
11
1.1274999999999999
21
0.36
0
LINE
8
BLACK
6
CONTINUOUS
10
1.1274999999999999
20
0.36
11
1.0725
21
0.36
0
LINE
8
BLACK
6
CONTINUOUS
10
1.0725
20
0.36
11
1.0725
21
0.395
0
LINE
8
BLACK
6
CONTINUOUS
10
1.0725
20
0.395
11
1.0921259842519684
21
0.395
0
LINE
8
BLACK
6
CONTINUOUS
10
1.0921259842519684
20
0.395
11
1.0921259842519684
21
0.4542385039370079
0
LINE
8
BLACK
6
CONTINUOUS
10
1.0921259842519684
20
0.4542385039370079
11
1.0888644881889764
21
0.4575
0
LINE
8
BLACK
6
CONTINUOUS
10
1.0888644881889764
20
0.4575
11
1.0549999999999999
21
0.4575
0
LINE
8
BLACK
6
CONTINUOUS
10
1.0549999999999999
20
0.4575
11
1.0549999999999999
21
0.5125
0
LINE
8
BLACK
6
CONTINUOUS
10
1.0549999999999999
20
0.5125
11
1.0888644881889764
21
0.5125
0
LINE
8
BLACK
6
CONTINUOUS
10
1.0888644881889764
20
0.5125
11
1.1225000000000001
21
0.5461355118110236
0
LINE
8
BLACK
6
CONTINUOUS
10
1.1225000000000001
20
0.5461355118110236
11
1.1225000000000001
21
0.5549999999999999
0
LINE
8
BLACK
6
CONTINUOUS
10
1.1225000000000001
20
0.5549999999999999
11
1.1675
21
0.5549999999999999
0
LINE
8
BLACK
6
CONTINUOUS
10
1.1675
20
0.5549999999999999
11
1.1675
21
0.535
0
LINE
8
BLACK
6
CONTINUOUS
10
1.7925
20
0.5278740157480315
11
1.8274999999999999
21
0.5278740157480315
0
LINE
8
BLACK
6
CONTINUOUS
10
1.8274999999999999
20
0.5278740157480315
11
1.8274999999999999
21
0.5525
0
LINE
8
BLACK
6
CONTINUOUS
10
1.8274999999999999
20
0.5525
11
1.8924999999999998
21
0.5525
0
LINE
8
BLACK
6
CONTINUOUS
10
1.8924999999999998
20
0.5525
11
1.8924999999999998
21
0.4875
0
LINE
8
BLACK
6
CONTINUOUS
10
1.8924999999999998
20
0.4875
11
1.8274999999999999
21
0.4875
0
LINE
8
BLACK
6
CONTINUOUS
10
1.8274999999999999
20
0.4875
11
1.8274999999999999
21
0.5121259842519685
0
LINE
8
BLACK
6
CONTINUOUS
10
1.8274999999999999
20
0.5121259842519685
11
1.7925
21
0.5121259842519685
0
LINE
8
BLACK
6
CONTINUOUS
10
1.7925
20
0.5121259842519685
11
1.7925
21
0.4875
0
LINE
8
BLACK
6
CONTINUOUS
10
1.7925
20
0.4875
11
1.7275
21
0.4875
0
LINE
8
BLACK
6
CONTINUOUS
10
1.7275
20
0.4875
11
1.7275
21
0.5046259842519685
0
LINE
8
BLACK
6
CONTINUOUS
10
1.7275
20
0.5046259842519685
11
1.6775
21
0.5046259842519685
0
LINE
8
BLACK
6
CONTINUOUS
10
1.6775
20
0.5046259842519685
11
1.6775
21
0.495
0
LINE
8
BLACK
6
CONTINUOUS
10
1.6775
20
0.495
11
1.6436355511811023
21
0.495
0
LINE
8
BLACK
6
CONTINUOUS
10
1.6436355511811023
20
0.495
11
1.6278740157480314
21
0.4792384645669291
0
LINE
8
BLACK
6
CONTINUOUS
10
1.6278740157480314
20
0.4792384645669291
11
1.6278740157480314
21
0.425
0
LINE
8
BLACK
6
CONTINUOUS
10
1.6278740157480314
20
0.425
11
1.6475
21
0.425
0
LINE
8
BLACK
6
CONTINUOUS
10
1.6475
20
0.425
11
1.6475
21
0.39
0
LINE
8
BLACK
6
CONTINUOUS
10
1.6475
20
0.39
11
1.5925
21
0.39
0
LINE
8
BLACK
6
CONTINUOUS
10
1.5925
20
0.39
11
1.5925
21
0.425
0
LINE
8
BLACK
6
CONTINUOUS
10
1.5925
20
0.425
11
1.6121259842519684
21
0.425
0
LINE
8
BLACK
6
CONTINUOUS
10
1.6121259842519684
20
0.425
11
1.6121259842519684
21
0.4825
0
LINE
8
BLACK
6
CONTINUOUS
10
1.6121259842519684
20
0.4825
11
1.6124199212598425
21
0.4837879133858268
0
LINE
8
BLACK
6
CONTINUOUS
10
1.6124199212598425
20
0.4837879133858268
11
1.6125678346456693
21
0.4851006299212599
0
LINE
8
BLACK
6
CONTINUOUS
10
1.6125678346456693
20
0.4851006299212599
11
1.6128060629921259
21
0.4854798031496063
0
LINE
8
BLACK
6
CONTINUOUS
10
1.6128060629921259
20
0.4854798031496063
11
1.6129057480314961
21
0.4859164173228346
0
LINE
8
BLACK
6
CONTINUOUS
10
1.6129057480314961
20
0.4859164173228346
11
1.6137294488188976
21
0.4869492913385827
0
LINE
8
BLACK
6
CONTINUOUS
10
1.6137294488188976
20
0.4869492913385827
11
1.614432244094488
21
0.4880677559055118
0
LINE
8
BLACK
6
CONTINUOUS
10
1.614432244094488
20
0.4880677559055118
11
1.6225000000000001
21
0.4961355118110236
0
LINE
8
BLACK
6
CONTINUOUS
10
1.6225000000000001
20
0.4961355118110236
11
1.6225000000000001
21
0.53
0
LINE
8
BLACK
6
CONTINUOUS
10
1.6225000000000001
20
0.53
11
1.6775
21
0.53
0
LINE
8
BLACK
6
CONTINUOUS
10
1.6775
20
0.53
11
1.6775
21
0.5203740157480314
0
LINE
8
BLACK
6
CONTINUOUS
10
1.6775
20
0.5203740157480314
11
1.7275
21
0.5203740157480314
0
LINE
8
BLACK
6
CONTINUOUS
10
1.7275
20
0.5203740157480314
11
1.7275
21
0.5525
0
LINE
8
BLACK
6
CONTINUOUS
10
1.7275
20
0.5525
11
1.7925
21
0.5525
0
LINE
8
BLACK
6
CONTINUOUS
10
1.7925
20
0.5525
11
1.7925
21
0.5278740157480315
0
LINE
8
BLACK
6
CONTINUOUS
10
1.5800000000000001
20
0.8225
11
1.5461355118110236
21
0.8225
0
LINE
8
BLACK
6
CONTINUOUS
10
1.5461355118110236
20
0.8225
11
1.5401937007874016
21
0.8165581889763779
0
LINE
8
BLACK
6
CONTINUOUS
10
1.5401937007874016
20
0.8165581889763779
11
1.5390752362204725
21
0.8158553937007874
0
LINE
8
BLACK
6
CONTINUOUS
10
1.5390752362204725
20
0.8158553937007874
11
1.5380423622047243
21
0.8150316929133858
0
LINE
8
BLACK
6
CONTINUOUS
10
1.5380423622047243
20
0.8150316929133858
11
1.537605748031496
21
0.8149320078740158
0
LINE
8
BLACK
6
CONTINUOUS
10
1.537605748031496
20
0.8149320078740158
11
1.5372265748031495
21
0.8146937795275591
0
LINE
8
BLACK
6
CONTINUOUS
10
1.5372265748031495
20
0.8146937795275591
11
1.5359138582677165
21
0.8145458661417323
0
LINE
8
BLACK
6
CONTINUOUS
10
1.5359138582677165
20
0.8145458661417323
11
1.5346259448818897
21
0.8142519291338582
0
LINE
8
BLACK
6
CONTINUOUS
10
1.5346259448818897
20
0.8142519291338582
11
1.4178874409448818
21
0.8142519291338582
0
LINE
8
BLACK
6
CONTINUOUS
10
1.4178874409448818
20
0.8142519291338582
11
1.3999999999999999
21
0.7963644881889763
0
LINE
8
BLACK
6
CONTINUOUS
10
1.3999999999999999
20
0.7963644881889763
11
1.3999999999999999
21
0.7524999999999999
0
LINE
8
BLACK
6
CONTINUOUS
10
1.3999999999999999
20
0.7524999999999999
11
1.3903740157480315
21
0.7524999999999999
0
LINE
8
BLACK
6
CONTINUOUS
10
1.3903740157480315
20
0.7524999999999999
11
1.3903740157480315
21
0.715
0
LINE
8
BLACK
6
CONTINUOUS
10
1.3903740157480315
20
0.715
11
1.3900800393700787
21
0.7137120472440944
0
LINE
8
BLACK
6
CONTINUOUS
10
1.3900800393700787
20
0.7137120472440944
11
1.3899321653543306
21
0.7123993700787401
0
LINE
8
BLACK
6
CONTINUOUS
10
1.3899321653543306
20
0.7123993700787401
11
1.3896938976377953
21
0.712020157480315
0
LINE
8
BLACK
6
CONTINUOUS
10
1.3896938976377953
20
0.712020157480315
11
1.3895942519685038
21
0.7115835826771654
0
LINE
8
BLACK
6
CONTINUOUS
10
1.3895942519685038
20
0.7115835826771654
11
1.3887706299212599
21
0.7105508267716535
0
LINE
8
BLACK
6
CONTINUOUS
10
1.3887706299212599
20
0.7105508267716535
11
1.3880677952755904
21
0.7094322440944881
0
LINE
8
BLACK
6
CONTINUOUS
10
1.3880677952755904
20
0.7094322440944881
11
1.3699999999999999
21
0.6913644488188976
0
LINE
8
BLACK
6
CONTINUOUS
10
1.3699999999999999
20
0.6913644488188976
11
1.3699999999999999
21
0.6575
0
LINE
8
BLACK
6
CONTINUOUS
10
1.3699999999999999
20
0.6575
11
1.3603740157480315
21
0.6575
0
LINE
8
BLACK
6
CONTINUOUS
10
1.3603740157480315
20
0.6575
11
1.3603740157480315
21
0.614251968503937
0
LINE
8
BLACK
6
CONTINUOUS
10
1.3603740157480315
20
0.614251968503937
11
1.3600800393700787
21
0.6129640157480315
0
LINE
8
BLACK
6
CONTINUOUS
10
1.3600800393700787
20
0.6129640157480315
11
1.3599321653543306
21
0.6116513385826772
0
LINE
8
BLACK
6
CONTINUOUS
10
1.3599321653543306
20
0.6116513385826772
11
1.3596938976377952
21
0.611272125984252
0
LINE
8
BLACK
6
CONTINUOUS
10
1.3596938976377952
20
0.611272125984252
11
1.3595942519685038
21
0.6108355511811023
0
LINE
8
BLACK
6
CONTINUOUS
10
1.3595942519685038
20
0.6108355511811023
11
1.3587705118110236
21
0.6098026377952755
0
LINE
8
BLACK
6
CONTINUOUS
10
1.3587705118110236
20
0.6098026377952755
11
1.3580677559055119
21
0.6086842125984252
0
LINE
8
BLACK
6
CONTINUOUS
10
1.3580677559055119
20
0.6086842125984252
11
1.1888157874015748
21
0.4394322440944882
0
LINE
8
BLACK
6
CONTINUOUS
10
1.1888157874015748
20
0.4394322440944882
11
1.1876973228346457
21
0.4387294488188976
0
LINE
8
BLACK
6
CONTINUOUS
10
1.1876973228346457
20
0.4387294488188976
11
1.1866644488188975
21
0.4379057480314961
0
LINE
8
BLACK
6
CONTINUOUS
10
1.1866644488188975
20
0.4379057480314961
11
1.1862278346456692
21
0.437806062992126
0
LINE
8
BLACK
6
CONTINUOUS
10
1.1862278346456692
20
0.437806062992126
11
1.1858486614173227
21
0.4375678346456693
0
LINE
8
BLACK
6
CONTINUOUS
10
1.1858486614173227
20
0.4375678346456693
11
1.1845359448818897
21
0.4374199212598425
0
LINE
8
BLACK
6
CONTINUOUS
10
1.1845359448818897
20
0.4374199212598425
11
1.1832480314960629
21
0.4371259842519685
0
LINE
8
BLACK
6
CONTINUOUS
10
1.1832480314960629
20
0.4371259842519685
11
1.1675
21
0.4371259842519685
0
LINE
8
BLACK
6
CONTINUOUS
10
1.1675
20
0.4371259842519685
11
1.1675
21
0.435
0
LINE
8
BLACK
6
CONTINUOUS
10
1.1675
20
0.435
11
1.1225000000000001
21
0.435
0
LINE
8
BLACK
6
CONTINUOUS
10
1.1225000000000001
20
0.435
11
1.1225000000000001
21
0.455
0
LINE
8
BLACK
6
CONTINUOUS
10
1.1225000000000001
20
0.455
11
1.1675
21
0.455
0
LINE
8
BLACK
6
CONTINUOUS
10
1.1675
20
0.455
11
1.1675
21
0.4528740157480315
0
LINE
8
BLACK
6
CONTINUOUS
10
1.1675
20
0.4528740157480315
11
1.1799865354330707
21
0.4528740157480315
0
LINE
8
BLACK
6
CONTINUOUS
10
1.1799865354330707
20
0.4528740157480315
11
1.3446259842519686
21
0.6175134645669291
0
LINE
8
BLACK
6
CONTINUOUS
10
1.3446259842519686
20
0.6175134645669291
11
1.3446259842519686
21
0.6575
0
LINE
8
BLACK
6
CONTINUOUS
10
1.3446259842519686
20
0.6575
11
1.335
21
0.6575
0
LINE
8
BLACK
6
CONTINUOUS
10
1.335
20
0.6575
11
1.335
21
0.7125
0
LINE
8
BLACK
6
CONTINUOUS
10
1.335
20
0.7125
11
1.3688644488188977
21
0.7125
0
LINE
8
BLACK
6
CONTINUOUS
10
1.3688644488188977
20
0.7125
11
1.3746259842519686
21
0.7182614960629921
0
LINE
8
BLACK
6
CONTINUOUS
10
1.3746259842519686
20
0.7182614960629921
11
1.3746259842519686
21
0.7524999999999999
0
LINE
8
BLACK
6
CONTINUOUS
10
1.3746259842519686
20
0.7524999999999999
11
1.365
21
0.7524999999999999
0
LINE
8
BLACK
6
CONTINUOUS
10
1.365
20
0.7524999999999999
11
1.365
21
0.8075
0
LINE
8
BLACK
6
CONTINUOUS
10
1.365
20
0.8075
11
1.3888644881889765
21
0.8075
0
LINE
8
BLACK
6
CONTINUOUS
10
1.3888644881889765
20
0.8075
11
1.409058188976378
21
0.8276937007874016
0
LINE
8
BLACK
6
CONTINUOUS
10
1.409058188976378
20
0.8276937007874016
11
1.4101766141732284
21
0.8283964566929134
0
LINE
8
BLACK
6
CONTINUOUS
10
1.4101766141732284
20
0.8283964566929134
11
1.411209527559055
21
0.8292201968503937
0
LINE
8
BLACK
6
CONTINUOUS
10
1.411209527559055
20
0.8292201968503937
11
1.4116461023622047
21
0.829319842519685
0
LINE
8
BLACK
6
CONTINUOUS
10
1.4116461023622047
20
0.829319842519685
11
1.4120253149606299
21
0.8295581102362205
0
LINE
8
BLACK
6
CONTINUOUS
10
1.4120253149606299
20
0.8295581102362205
11
1.4133379921259843
21
0.8297059842519685
0
LINE
8
BLACK
6
CONTINUOUS
10
1.4133379921259843
20
0.8297059842519685
11
1.4146259448818896
21
0.8299999606299212
0
LINE
8
BLACK
6
CONTINUOUS
10
1.4146259448818896
20
0.8299999606299212
11
1.5313644488188976
21
0.8299999606299212
0
LINE
8
BLACK
6
CONTINUOUS
10
1.5313644488188976
20
0.8299999606299212
11
1.5449999999999999
21
0.8436355118110236
0
LINE
8
BLACK
6
CONTINUOUS
10
1.5449999999999999
20
0.8436355118110236
11
1.5449999999999999
21
0.8774999999999999
0
LINE
8
BLACK
6
CONTINUOUS
10
1.5449999999999999
20
0.8774999999999999
11
1.5800000000000001
21
0.8774999999999999
0
LINE
8
BLACK
6
CONTINUOUS
10
1.5800000000000001
20
0.8774999999999999
11
1.5800000000000001
21
0.8225
0
LINE
8
BLACK
6
CONTINUOUS
10
0.5354
20
0.6840999999999999
11
0.5171033070866141
21
0.6840999999999999
0
LINE
8
BLACK
6
CONTINUOUS
10
0.5171033070866141
20
0.6840999999999999
11
0.4825110236220472
21
0.649507716535433
0
LINE
8
BLACK
6
CONTINUOUS
10
0.4825110236220472
20
0.649507716535433
11
0.4825110236220472
21
0.6443
0
LINE
8
BLACK
6
CONTINUOUS
10
0.4825110236220472
20
0.6443
11
0.4882
21
0.6443
0
LINE
8
BLACK
6
CONTINUOUS
10
0.4882
20
0.6443
11
0.4882
21
0.5892999999999999
0
LINE
8
BLACK
6
CONTINUOUS
10
0.4882
20
0.5892999999999999
11
0.4825110236220472
21
0.5892999999999999
0
LINE
8
BLACK
6
CONTINUOUS
10
0.4825110236220472
20
0.5892999999999999
11
0.4825110236220472
21
0.5483922834645669
0
LINE
8
BLACK
6
CONTINUOUS
10
0.4825110236220472
20
0.5483922834645669
11
0.5174033070866142
21
0.5135
0
LINE
8
BLACK
6
CONTINUOUS
10
0.5174033070866142
20
0.5135
11
0.5657
21
0.5135
0
LINE
8
BLACK
6
CONTINUOUS
10
0.5657
20
0.5135
11
0.5657
21
0.4485
0
LINE
8
BLACK
6
CONTINUOUS
10
0.5657
20
0.4485
11
0.5007
21
0.4485
0
LINE
8
BLACK
6
CONTINUOUS
10
0.5007
20
0.4485
11
0.5007
21
0.4967966929133858
0
LINE
8
BLACK
6
CONTINUOUS
10
0.5007
20
0.4967966929133858
11
0.4623483464566929
21
0.5351483464566928
0
LINE
8
BLACK
6
CONTINUOUS
10
0.4623483464566929
20
0.5351483464566928
11
0.4621032677165354
21
0.5354434251968504
0
LINE
8
BLACK
6
CONTINUOUS
10
0.4621032677165354
20
0.5354434251968504
11
0.4619715354330708
21
0.5355429527559055
0
LINE
8
BLACK
6
CONTINUOUS
10
0.4619715354330708
20
0.5355429527559055
11
0.4618274803149606
21
0.5357755511811023
0
LINE
8
BLACK
6
CONTINUOUS
10
0.4618274803149606
20
0.5357755511811023
11
0.4609559448818897
21
0.5368251574803149
0
LINE
8
BLACK
6
CONTINUOUS
10
0.4609559448818897
20
0.5368251574803149
11
0.4604048031496063
21
0.5380732677165354
0
LINE
8
BLACK
6
CONTINUOUS
10
0.4604048031496063
20
0.5380732677165354
11
0.4596865354330709
21
0.5392333858267716
0
LINE
8
BLACK
6
CONTINUOUS
10
0.4596865354330709
20
0.5392333858267716
11
0.4595352362204724
21
0.5400426377952756
0
LINE
8
BLACK
6
CONTINUOUS
10
0.4595352362204724
20
0.5400426377952756
11
0.4592026771653543
21
0.5407958661417323
0
LINE
8
BLACK
6
CONTINUOUS
10
0.4592026771653543
20
0.5407958661417323
11
0.4591396456692913
21
0.5421588582677165
0
LINE
8
BLACK
6
CONTINUOUS
10
0.4591396456692913
20
0.5421588582677165
11
0.4588889763779527
21
0.5435
0
LINE
8
BLACK
6
CONTINUOUS
10
0.4588889763779527
20
0.5435
11
0.4588889763779527
21
0.5892999999999999
0
LINE
8
BLACK
6
CONTINUOUS
10
0.4588889763779527
20
0.5892999999999999
11
0.4532
21
0.5892999999999999
0
LINE
8
BLACK
6
CONTINUOUS
10
0.4532
20
0.5892999999999999
11
0.4532
21
0.6443
0
LINE
8
BLACK
6
CONTINUOUS
10
0.4532
20
0.6443
11
0.4588889763779527
21
0.6443
0
LINE
8
BLACK
6
CONTINUOUS
10
0.4588889763779527
20
0.6443
11
0.4588889763779527
21
0.6544
0
LINE
8
BLACK
6
CONTINUOUS
10
0.4588889763779527
20
0.6544
11
0.4589243700787402
21
0.6547820078740157
0
LINE
8
BLACK
6
CONTINUOUS
10
0.4589243700787402
20
0.6547820078740157
11
0.4589015748031496
21
0.6549454724409449
0
LINE
8
BLACK
6
CONTINUOUS
10
0.4589015748031496
20
0.6549454724409449
11
0.4589641732283464
21
0.6552116929133858
0
LINE
8
BLACK
6
CONTINUOUS
10
0.4589641732283464
20
0.6552116929133858
11
0.4590900787401574
21
0.6565702755905511
0
LINE
8
BLACK
6
CONTINUOUS
10
0.4590900787401574
20
0.6565702755905511
11
0.4595829527559055
21
0.6578425590551181
0
LINE
8
BLACK
6
CONTINUOUS
10
0.4595829527559055
20
0.6578425590551181
11
0.4598953543307087
21
0.659170748031496
0
LINE
8
BLACK
6
CONTINUOUS
10
0.4598953543307087
20
0.659170748031496
11
0.4603606299212598
21
0.6598499606299213
0
LINE
8
BLACK
6
CONTINUOUS
10
0.4603606299212598
20
0.6598499606299213
11
0.4606580708661417
21
0.6606177165354331
0
LINE
8
BLACK
6
CONTINUOUS
10
0.4606580708661417
20
0.6606177165354331
11
0.4615772440944882
21
0.6616259842519685
0
LINE
8
BLACK
6
CONTINUOUS
10
0.4615772440944882
20
0.6616259842519685
11
0.4623483464566929
21
0.6627516535433071
0
LINE
8
BLACK
6
CONTINUOUS
10
0.4623483464566929
20
0.6627516535433071
11
0.5004
21
0.7008033070866142
0
LINE
8
BLACK
6
CONTINUOUS
10
0.5004
20
0.7008033070866142
11
0.5004
21
0.7391
0
LINE
8
BLACK
6
CONTINUOUS
10
0.5004
20
0.7391
11
0.5354
21
0.7391
0
LINE
8
BLACK
6
CONTINUOUS
10
0.5354
20
0.7391
11
0.5354
21
0.6840999999999999
0
LINE
8
BLACK
6
CONTINUOUS
10
1.0209999999999999
20
0.5740999999999999
11
1.0192110236220473
21
0.5740999999999999
0
LINE
8
BLACK
6
CONTINUOUS
10
1.0192110236220473
20
0.5740999999999999
11
1.0192110236220473
21
0.5381480314960629
0
LINE
8
BLACK
6
CONTINUOUS
10
1.0192110236220473
20
0.5381480314960629
11
1.019175590551181
21
0.5377659842519685
0
LINE
8
BLACK
6
CONTINUOUS
10
1.019175590551181
20
0.5377659842519685
11
1.0191984251968504
21
0.5376025590551181
0
LINE
8
BLACK
6
CONTINUOUS
10
1.0191984251968504
20
0.5376025590551181
11
1.0191357874015747
21
0.5373362992125984
0
LINE
8
BLACK
6
CONTINUOUS
10
1.0191357874015747
20
0.5373362992125984
11
1.0190099212598425
21
0.5359777559055118
0
LINE
8
BLACK
6
CONTINUOUS
10
1.0190099212598425
20
0.5359777559055118
11
1.0185170078740158
21
0.5347054330708662
0
LINE
8
BLACK
6
CONTINUOUS
10
1.0185170078740158
20
0.5347054330708662
11
1.0182046456692913
21
0.5333772834645669
0
LINE
8
BLACK
6
CONTINUOUS
10
1.0182046456692913
20
0.5333772834645669
11
1.0177393307086613
21
0.532698031496063
0
LINE
8
BLACK
6
CONTINUOUS
10
1.0177393307086613
20
0.532698031496063
11
1.0174419291338583
21
0.5319303149606299
0
LINE
8
BLACK
6
CONTINUOUS
10
1.0174419291338583
20
0.5319303149606299
11
1.0165227165354331
21
0.5309220078740158
0
LINE
8
BLACK
6
CONTINUOUS
10
1.0165227165354331
20
0.5309220078740158
11
1.0157516535433071
21
0.5297963779527559
0
LINE
8
BLACK
6
CONTINUOUS
10
1.0157516535433071
20
0.5297963779527559
11
1.0093110236220473
21
0.5233557480314961
0
LINE
8
BLACK
6
CONTINUOUS
10
1.0093110236220473
20
0.5233557480314961
11
1.0093110236220473
21
0.5125
0
LINE
8
BLACK
6
CONTINUOUS
10
1.0093110236220473
20
0.5125
11
1.0149999999999999
21
0.5125
0
LINE
8
BLACK
6
CONTINUOUS
10
1.0149999999999999
20
0.5125
11
1.0149999999999999
21
0.4575
0
LINE
8
BLACK
6
CONTINUOUS
10
1.0149999999999999
20
0.4575
11
0.98
21
0.4575
0
LINE
8
BLACK
6
CONTINUOUS
10
0.98
20
0.4575
11
0.98
21
0.5125
0
LINE
8
BLACK
6
CONTINUOUS
10
0.98
20
0.5125
11
0.9856889763779527
21
0.5125
0
LINE
8
BLACK
6
CONTINUOUS
10
0.9856889763779527
20
0.5125
11
0.9856889763779527
21
0.5171889763779527
0
LINE
8
BLACK
6
CONTINUOUS
10
0.9856889763779527
20
0.5171889763779527
11
0.8904858267716536
21
0.5171889763779527
0
LINE
8
BLACK
6
CONTINUOUS
10
0.8904858267716536
20
0.5171889763779527
11
0.8892600787401574
21
0.5157743700787402
0
LINE
8
BLACK
6
CONTINUOUS
10
0.8892600787401574
20
0.5157743700787402
11
0.8850697637795275
21
0.5130814566929134
0
LINE
8
BLACK
6
CONTINUOUS
10
0.8850697637795275
20
0.5130814566929134
11
0.8802905118110236
21
0.5116781102362205
0
LINE
8
BLACK
6
CONTINUOUS
10
0.8802905118110236
20
0.5116781102362205
11
0.8753094881889764
21
0.5116781102362205
0
LINE
8
BLACK
6
CONTINUOUS
10
0.8753094881889764
20
0.5116781102362205
11
0.875
21
0.5117689763779527
0
LINE
8
BLACK
6
CONTINUOUS
10
0.875
20
0.5117689763779527
11
0.875
21
0.5024999999999999
0
LINE
8
BLACK
6
CONTINUOUS
10
0.875
20
0.5024999999999999
11
0.84
21
0.5024999999999999
0
LINE
8
BLACK
6
CONTINUOUS
10
0.84
20
0.5024999999999999
11
0.84
21
0.5575
0
LINE
8
BLACK
6
CONTINUOUS
10
0.84
20
0.5575
11
0.875
21
0.5575
0
LINE
8
BLACK
6
CONTINUOUS
10
0.875
20
0.5575
11
0.875
21
0.5462309842519685
0
LINE
8
BLACK
6
CONTINUOUS
10
0.875
20
0.5462309842519685
11
0.8753094881889764
21
0.5463218897637795
0
LINE
8
BLACK
6
CONTINUOUS
10
0.8753094881889764
20
0.5463218897637795
11
0.8802905118110236
21
0.5463218897637795
0
LINE
8
BLACK
6
CONTINUOUS
10
0.8802905118110236
20
0.5463218897637795
11
0.8850697637795275
21
0.5449185433070866
0
LINE
8
BLACK
6
CONTINUOUS
10
0.8850697637795275
20
0.5449185433070866
11
0.8892600787401574
21
0.5422256299212598
0
LINE
8
BLACK
6
CONTINUOUS
10
0.8892600787401574
20
0.5422256299212598
11
0.8904858267716536
21
0.5408110236220472
0
LINE
8
BLACK
6
CONTINUOUS
10
0.8904858267716536
20
0.5408110236220472
11
0.9933596850393701
21
0.5408110236220472
0
LINE
8
BLACK
6
CONTINUOUS
10
0.9933596850393701
20
0.5408110236220472
11
0.9955889763779527
21
0.5430403149606299
0
LINE
8
BLACK
6
CONTINUOUS
10
0.9955889763779527
20
0.5430403149606299
11
0.9955889763779527
21
0.5740999999999999
0
LINE
8
BLACK
6
CONTINUOUS
10
0.9955889763779527
20
0.5740999999999999
11
0.9938
21
0.5740999999999999
0
LINE
8
BLACK
6
CONTINUOUS
10
0.9938
20
0.5740999999999999
11
0.9938
21
0.6134999999999999
0
LINE
8
BLACK
6
CONTINUOUS
10
0.9938
20
0.6134999999999999
11
1.0209999999999999
21
0.6134999999999999
0
LINE
8
BLACK
6
CONTINUOUS
10
1.0209999999999999
20
0.6134999999999999
11
1.0209999999999999
21
0.5740999999999999
0
LINE
8
BLACK
6
CONTINUOUS
10
1.6775
20
0.645
11
1.6578740157480314
21
0.645
0
LINE
8
BLACK
6
CONTINUOUS
10
1.6578740157480314
20
0.645
11
1.6578740157480314
21
0.605
0
LINE
8
BLACK
6
CONTINUOUS
10
1.6578740157480314
20
0.605
11
1.6775
21
0.605
0
LINE
8
BLACK
6
CONTINUOUS
10
1.6775
20
0.605
11
1.6775
21
0.57
0
LINE
8
BLACK
6
CONTINUOUS
10
1.6775
20
0.57
11
1.6225000000000001
21
0.57
0
LINE
8
BLACK
6
CONTINUOUS
10
1.6225000000000001
20
0.57
11
1.6225000000000001
21
0.5796259842519685
0
LINE
8
BLACK
6
CONTINUOUS
10
1.6225000000000001
20
0.5796259842519685
11
1.585
21
0.5796259842519685
0
LINE
8
BLACK
6
CONTINUOUS
10
1.585
20
0.5796259842519685
11
1.585
21
0.5625
0
LINE
8
BLACK
6
CONTINUOUS
10
1.585
20
0.5625
11
1.5753740157480314
21
0.5625
0
LINE
8
BLACK
6
CONTINUOUS
10
1.5753740157480314
20
0.5625
11
1.5753740157480314
21
0.546751968503937
0
LINE
8
BLACK
6
CONTINUOUS
10
1.5753740157480314
20
0.546751968503937
11
1.5753740157480314
21
0.4978266929133858
0
LINE
8
BLACK
6
CONTINUOUS
10
1.5753740157480314
20
0.4978266929133858
11
1.5750800393700788
21
0.4965387401574803
0
LINE
8
BLACK
6
CONTINUOUS
10
1.5750800393700788
20
0.4965387401574803
11
1.5749321653543307
21
0.495226062992126
0
LINE
8
BLACK
6
CONTINUOUS
10
1.5749321653543307
20
0.495226062992126
11
1.5746938976377953
21
0.4948468503937008
0
LINE
8
BLACK
6
CONTINUOUS
10
1.5746938976377953
20
0.4948468503937008
11
1.5745942519685039
21
0.4944102755905512
0
LINE
8
BLACK
6
CONTINUOUS
10
1.5745942519685039
20
0.4944102755905512
11
1.5737705118110237
21
0.4933773622047244
0
LINE
8
BLACK
6
CONTINUOUS
10
1.5737705118110237
20
0.4933773622047244
11
1.5730677559055117
21
0.492258937007874
0
LINE
8
BLACK
6
CONTINUOUS
10
1.5730677559055117
20
0.492258937007874
11
1.5473670078740158
21
0.466558188976378
0
LINE
8
BLACK
6
CONTINUOUS
10
1.5473670078740158
20
0.466558188976378
11
1.5462485433070865
21
0.4658553937007874
0
LINE
8
BLACK
6
CONTINUOUS
10
1.5462485433070865
20
0.4658553937007874
11
1.5452156692913386
21
0.4650316929133858
0
LINE
8
BLACK
6
CONTINUOUS
10
1.5452156692913386
20
0.4650316929133858
11
1.5447790551181102
21
0.4649320078740157
0
LINE
8
BLACK
6
CONTINUOUS
10
1.5447790551181102
20
0.4649320078740157
11
1.5443998818897637
21
0.464693779527559
0
LINE
8
BLACK
6
CONTINUOUS
10
1.5443998818897637
20
0.464693779527559
11
1.5430871653543308
21
0.4645458661417323
0
LINE
8
BLACK
6
CONTINUOUS
10
1.5430871653543308
20
0.4645458661417323
11
1.541799251968504
21
0.4642519291338583
0
LINE
8
BLACK
6
CONTINUOUS
10
1.541799251968504
20
0.4642519291338583
11
1.4561220866141733
21
0.4642519291338583
0
LINE
8
BLACK
6
CONTINUOUS
10
1.4561220866141733
20
0.4642519291338583
11
1.4548341732283465
21
0.4645458661417323
0
LINE
8
BLACK
6
CONTINUOUS
10
1.4548341732283465
20
0.4645458661417323
11
1.4535214566929133
21
0.464693779527559
0
LINE
8
BLACK
6
CONTINUOUS
10
1.4535214566929133
20
0.464693779527559
11
1.4531422440944881
21
0.4649320078740157
0
LINE
8
BLACK
6
CONTINUOUS
10
1.4531422440944881
20
0.4649320078740157
11
1.4527056692913385
21
0.4650316929133858
0
LINE
8
BLACK
6
CONTINUOUS
10
1.4527056692913385
20
0.4650316929133858
11
1.4516728346456693
21
0.4658553149606299
0
LINE
8
BLACK
6
CONTINUOUS
10
1.4516728346456693
20
0.4658553149606299
11
1.4505542913385827
21
0.466558188976378
0
LINE
8
BLACK
6
CONTINUOUS
10
1.4505542913385827
20
0.466558188976378
11
1.4299865354330707
21
0.4871259842519685
0
LINE
8
BLACK
6
CONTINUOUS
10
1.4299865354330707
20
0.4871259842519685
11
1.4175
21
0.4871259842519685
0
LINE
8
BLACK
6
CONTINUOUS
10
1.4175
20
0.4871259842519685
11
1.4175
21
0.485
0
LINE
8
BLACK
6
CONTINUOUS
10
1.4175
20
0.485
11
1.3725000000000001
21
0.485
0
LINE
8
BLACK
6
CONTINUOUS
10
1.3725000000000001
20
0.485
11
1.3725000000000001
21
0.505
0
LINE
8
BLACK
6
CONTINUOUS
10
1.3725000000000001
20
0.505
11
1.4175
21
0.505
0
LINE
8
BLACK
6
CONTINUOUS
10
1.4175
20
0.505
11
1.4175
21
0.5028740157480315
0
LINE
8
BLACK
6
CONTINUOUS
10
1.4175
20
0.5028740157480315
11
1.4332480314960629
21
0.5028740157480315
0
LINE
8
BLACK
6
CONTINUOUS
10
1.4332480314960629
20
0.5028740157480315
11
1.4345359448818897
21
0.5025800393700788
0
LINE
8
BLACK
6
CONTINUOUS
10
1.4345359448818897
20
0.5025800393700788
11
1.4358486614173227
21
0.5024321653543307
0
LINE
8
BLACK
6
CONTINUOUS
10
1.4358486614173227
20
0.5024321653543307
11
1.4362278346456692
21
0.5021938976377953
0
LINE
8
BLACK
6
CONTINUOUS
10
1.4362278346456692
20
0.5021938976377953
11
1.4366644488188975
21
0.5020942519685039
0
LINE
8
BLACK
6
CONTINUOUS
10
1.4366644488188975
20
0.5020942519685039
11
1.4376973228346457
21
0.5012705118110236
0
LINE
8
BLACK
6
CONTINUOUS
10
1.4376973228346457
20
0.5012705118110236
11
1.4388157874015748
21
0.5005677559055118
0
LINE
8
BLACK
6
CONTINUOUS
10
1.4388157874015748
20
0.5005677559055118
11
1.459383622047244
21
0.4799999606299212
0
LINE
8
BLACK
6
CONTINUOUS
10
1.459383622047244
20
0.4799999606299212
11
1.5385377559055118
21
0.4799999606299212
0
LINE
8
BLACK
6
CONTINUOUS
10
1.5385377559055118
20
0.4799999606299212
11
1.5596259842519684
21
0.501088188976378
0
LINE
8
BLACK
6
CONTINUOUS
10
1.5596259842519684
20
0.501088188976378
11
1.5596259842519684
21
0.546751968503937
0
LINE
8
BLACK
6
CONTINUOUS
10
1.5596259842519684
20
0.546751968503937
11
1.5596259842519684
21
0.5625
0
LINE
8
BLACK
6
CONTINUOUS
10
1.5596259842519684
20
0.5625
11
1.55
21
0.5625
0
LINE
8
BLACK
6
CONTINUOUS
10
1.55
20
0.5625
11
1.55
21
0.6174999999999999
0
LINE
8
BLACK
6
CONTINUOUS
10
1.55
20
0.6174999999999999
11
1.585
21
0.6174999999999999
0
LINE
8
BLACK
6
CONTINUOUS
10
1.585
20
0.6174999999999999
11
1.585
21
0.5953740157480315
0
LINE
8
BLACK
6
CONTINUOUS
10
1.585
20
0.5953740157480315
11
1.6225000000000001
21
0.5953740157480315
0
LINE
8
BLACK
6
CONTINUOUS
10
1.6225000000000001
20
0.5953740157480315
11
1.6225000000000001
21
0.605
0
LINE
8
BLACK
6
CONTINUOUS
10
1.6225000000000001
20
0.605
11
1.6421259842519684
21
0.605
0
LINE
8
BLACK
6
CONTINUOUS
10
1.6421259842519684
20
0.605
11
1.6421259842519684
21
0.645
0
LINE
8
BLACK
6
CONTINUOUS
10
1.6421259842519684
20
0.645
11
1.6225000000000001
21
0.645
0
LINE
8
BLACK
6
CONTINUOUS
10
1.6225000000000001
20
0.645
11
1.6225000000000001
21
0.6799999999999999
0
LINE
8
BLACK
6
CONTINUOUS
10
1.6225000000000001
20
0.6799999999999999
11
1.6775
21
0.6799999999999999
0
LINE
8
BLACK
6
CONTINUOUS
10
1.6775
20
0.6799999999999999
11
1.6775
21
0.645
0
LINE
8
BLACK
6
CONTINUOUS
10
1.3200000000000001
20
0.8425
11
1.3153740157480314
21
0.8425
0
LINE
8
BLACK
6
CONTINUOUS
10
1.3153740157480314
20
0.8425
11
1.3153740157480314
21
0.8075
0
LINE
8
BLACK
6
CONTINUOUS
10
1.3153740157480314
20
0.8075
11
1.325
21
0.8075
0
LINE
8
BLACK
6
CONTINUOUS
10
1.325
20
0.8075
11
1.325
21
0.7524999999999999
0
LINE
8
BLACK
6
CONTINUOUS
10
1.325
20
0.7524999999999999
11
1.2911355118110235
21
0.7524999999999999
0
LINE
8
BLACK
6
CONTINUOUS
10
1.2911355118110235
20
0.7524999999999999
11
1.2853740157480316
21
0.7467384645669292
0
LINE
8
BLACK
6
CONTINUOUS
10
1.2853740157480316
20
0.7467384645669292
11
1.2853740157480316
21
0.7125
0
LINE
8
BLACK
6
CONTINUOUS
10
1.2853740157480316
20
0.7125
11
1.2949999999999999
21
0.7125
0
LINE
8
BLACK
6
CONTINUOUS
10
1.2949999999999999
20
0.7125
11
1.2949999999999999
21
0.6575
0
LINE
8
BLACK
6
CONTINUOUS
10
1.2949999999999999
20
0.6575
11
1.2853740157480316
21
0.6575
0
LINE
8
BLACK
6
CONTINUOUS
10
1.2853740157480316
20
0.6575
11
1.2853740157480316
21
0.589251968503937
0
LINE
8
BLACK
6
CONTINUOUS
10
1.2853740157480316
20
0.589251968503937
11
1.2850800393700788
21
0.5879640551181102
0
LINE
8
BLACK
6
CONTINUOUS
10
1.2850800393700788
20
0.5879640551181102
11
1.2849321653543306
21
0.5866513385826772
0
LINE
8
BLACK
6
CONTINUOUS
10
1.2849321653543306
20
0.5866513385826772
11
1.2846938976377953
21
0.5862721259842519
0
LINE
8
BLACK
6
CONTINUOUS
10
1.2846938976377953
20
0.5862721259842519
11
1.2845942519685039
21
0.5858355511811023
0
LINE
8
BLACK
6
CONTINUOUS
10
1.2845942519685039
20
0.5858355511811023
11
1.2837705905511811
21
0.584802716535433
0
LINE
8
BLACK
6
CONTINUOUS
10
1.2837705905511811
20
0.584802716535433
11
1.2830677559055117
21
0.5836841732283464
0
LINE
8
BLACK
6
CONTINUOUS
10
1.2830677559055117
20
0.5836841732283464
11
1.1888157874015748
21
0.4894322440944882
0
LINE
8
BLACK
6
CONTINUOUS
10
1.1888157874015748
20
0.4894322440944882
11
1.1876973228346457
21
0.4887294488188976
0
LINE
8
BLACK
6
CONTINUOUS
10
1.1876973228346457
20
0.4887294488188976
11
1.1866644488188975
21
0.4879057480314961
0
LINE
8
BLACK
6
CONTINUOUS
10
1.1866644488188975
20
0.4879057480314961
11
1.1862278346456692
21
0.487806062992126
0
LINE
8
BLACK
6
CONTINUOUS
10
1.1862278346456692
20
0.487806062992126
11
1.1858486614173227
21
0.4875678346456693
0
LINE
8
BLACK
6
CONTINUOUS
10
1.1858486614173227
20
0.4875678346456693
11
1.1845359448818897
21
0.4874199212598425
0
LINE
8
BLACK
6
CONTINUOUS
10
1.1845359448818897
20
0.4874199212598425
11
1.1832480314960629
21
0.4871259842519685
0
LINE
8
BLACK
6
CONTINUOUS
10
1.1832480314960629
20
0.4871259842519685
11
1.1675
21
0.4871259842519685
0
LINE
8
BLACK
6
CONTINUOUS
10
1.1675
20
0.4871259842519685
11
1.1675
21
0.485
0
LINE
8
BLACK
6
CONTINUOUS
10
1.1675
20
0.485
11
1.1225000000000001
21
0.485
0
LINE
8
BLACK
6
CONTINUOUS
10
1.1225000000000001
20
0.485
11
1.1225000000000001
21
0.505
0
LINE
8
BLACK
6
CONTINUOUS
10
1.1225000000000001
20
0.505
11
1.1675
21
0.505
0
LINE
8
BLACK
6
CONTINUOUS
10
1.1675
20
0.505
11
1.1675
21
0.5028740157480315
0
LINE
8
BLACK
6
CONTINUOUS
10
1.1675
20
0.5028740157480315
11
1.1799865354330707
21
0.5028740157480315
0
LINE
8
BLACK
6
CONTINUOUS
10
1.1799865354330707
20
0.5028740157480315
11
1.2696259842519684
21
0.5925134645669291
0
LINE
8
BLACK
6
CONTINUOUS
10
1.2696259842519684
20
0.5925134645669291
11
1.2696259842519684
21
0.6575
0
LINE
8
BLACK
6
CONTINUOUS
10
1.2696259842519684
20
0.6575
11
1.26
21
0.6575
0
LINE
8
BLACK
6
CONTINUOUS
10
1.26
20
0.6575
11
1.26
21
0.7125
0
LINE
8
BLACK
6
CONTINUOUS
10
1.26
20
0.7125
11
1.2696259842519684
21
0.7125
0
LINE
8
BLACK
6
CONTINUOUS
10
1.2696259842519684
20
0.7125
11
1.2696259842519684
21
0.75
0
LINE
8
BLACK
6
CONTINUOUS
10
1.2696259842519684
20
0.75
11
1.2699199212598424
21
0.7512879133858268
0
LINE
8
BLACK
6
CONTINUOUS
10
1.2699199212598424
20
0.7512879133858268
11
1.2700678346456693
21
0.7526006299212599
0
LINE
8
BLACK
6
CONTINUOUS
10
1.2700678346456693
20
0.7526006299212599
11
1.2703060629921259
21
0.7529798031496063
0
LINE
8
BLACK
6
CONTINUOUS
10
1.2703060629921259
20
0.7529798031496063
11
1.2704057480314961
21
0.7534164173228346
0
LINE
8
BLACK
6
CONTINUOUS
10
1.2704057480314961
20
0.7534164173228346
11
1.2712294488188975
21
0.7544492913385826
0
LINE
8
BLACK
6
CONTINUOUS
10
1.2712294488188975
20
0.7544492913385826
11
1.2719322440944882
21
0.7555677559055118
0
LINE
8
BLACK
6
CONTINUOUS
10
1.2719322440944882
20
0.7555677559055118
11
1.29
21
0.7736355118110236
0
LINE
8
BLACK
6
CONTINUOUS
10
1.29
20
0.7736355118110236
11
1.29
21
0.8075
0
LINE
8
BLACK
6
CONTINUOUS
10
1.29
20
0.8075
11
1.2996259842519684
21
0.8075
0
LINE
8
BLACK
6
CONTINUOUS
10
1.2996259842519684
20
0.8075
11
1.2996259842519684
21
0.8425
0
LINE
8
BLACK
6
CONTINUOUS
10
1.2996259842519684
20
0.8425
11
1.2849999999999999
21
0.8425
0
LINE
8
BLACK
6
CONTINUOUS
10
1.2849999999999999
20
0.8425
11
1.2849999999999999
21
0.8975
0
LINE
8
BLACK
6
CONTINUOUS
10
1.2849999999999999
20
0.8975
11
1.3200000000000001
21
0.8975
0
LINE
8
BLACK
6
CONTINUOUS
10
1.3200000000000001
20
0.8975
11
1.3200000000000001
21
0.8425
0
LINE
8
BLACK
6
CONTINUOUS
10
1.51
20
0.5625
11
1.4761355118110235
21
0.5625
0
LINE
8
BLACK
6
CONTINUOUS
10
1.4761355118110235
20
0.5625
11
1.4611355118110236
21
0.5475
0
LINE
8
BLACK
6
CONTINUOUS
10
1.4611355118110236
20
0.5475
11
1.4836355511811024
21
0.525
0
LINE
8
BLACK
6
CONTINUOUS
10
1.4836355511811024
20
0.525
11
1.5274999999999999
21
0.525
0
LINE
8
BLACK
6
CONTINUOUS
10
1.5274999999999999
20
0.525
11
1.5274999999999999
21
0.49
0
LINE
8
BLACK
6
CONTINUOUS
10
1.5274999999999999
20
0.49
11
1.4724999999999999
21
0.49
0
LINE
8
BLACK
6
CONTINUOUS
10
1.4724999999999999
20
0.49
11
1.4724999999999999
21
0.5138644488188976
0
LINE
8
BLACK
6
CONTINUOUS
10
1.4724999999999999
20
0.5138644488188976
11
1.4492385039370079
21
0.5371259842519684
0
LINE
8
BLACK
6
CONTINUOUS
10
1.4492385039370079
20
0.5371259842519684
11
1.43825
21
0.5371259842519684
0
LINE
8
BLACK
6
CONTINUOUS
10
1.43825
20
0.5371259842519684
11
1.4175
21
0.5371259842519684
0
LINE
8
BLACK
6
CONTINUOUS
10
1.4175
20
0.5371259842519684
11
1.4175
21
0.535
0
LINE
8
BLACK
6
CONTINUOUS
10
1.4175
20
0.535
11
1.3725000000000001
21
0.535
0
LINE
8
BLACK
6
CONTINUOUS
10
1.3725000000000001
20
0.535
11
1.3725000000000001
21
0.5549999999999999
0
LINE
8
BLACK
6
CONTINUOUS
10
1.3725000000000001
20
0.5549999999999999
11
1.4175
21
0.5549999999999999
0
LINE
8
BLACK
6
CONTINUOUS
10
1.4175
20
0.5549999999999999
11
1.4175
21
0.5528740157480315
0
LINE
8
BLACK
6
CONTINUOUS
10
1.4175
20
0.5528740157480315
11
1.43825
21
0.5528740157480315
0
LINE
8
BLACK
6
CONTINUOUS
10
1.43825
20
0.5528740157480315
11
1.4442385039370078
21
0.5528740157480315
0
LINE
8
BLACK
6
CONTINUOUS
10
1.4442385039370078
20
0.5528740157480315
11
1.4749999999999999
21
0.5836355118110236
0
LINE
8
BLACK
6
CONTINUOUS
10
1.4749999999999999
20
0.5836355118110236
11
1.4749999999999999
21
0.6174999999999999
0
LINE
8
BLACK
6
CONTINUOUS
10
1.4749999999999999
20
0.6174999999999999
11
1.51
21
0.6174999999999999
0
LINE
8
BLACK
6
CONTINUOUS
10
1.51
20
0.6174999999999999
11
1.51
21
0.5625
0
LINE
8
BLACK
6
CONTINUOUS
10
1.1027
20
0.5669999999999999
11
1.0870110236220472
21
0.5669999999999999
0
LINE
8
BLACK
6
CONTINUOUS
10
1.0870110236220472
20
0.5669999999999999
11
1.0870110236220472
21
0.5617124409448819
0
LINE
8
BLACK
6
CONTINUOUS
10
1.0870110236220472
20
0.5617124409448819
11
1.0879219291338582
21
0.5606612204724409
0
LINE
8
BLACK
6
CONTINUOUS
10
1.0879219291338582
20
0.5606612204724409
11
1.0899911417322834
21
0.5561303149606299
0
LINE
8
BLACK
6
CONTINUOUS
10
1.0899911417322834
20
0.5561303149606299
11
1.0907
21
0.5512
0
LINE
8
BLACK
6
CONTINUOUS
10
1.0907
20
0.5512
11
1.0899911417322834
21
0.54626968503937
0
LINE
8
BLACK
6
CONTINUOUS
10
1.0899911417322834
20
0.54626968503937
11
1.0879219291338582
21
0.541738779527559
0
LINE
8
BLACK
6
CONTINUOUS
10
1.0879219291338582
20
0.541738779527559
11
1.0878529527559055
21
0.5416591732283464
0
LINE
8
BLACK
6
CONTINUOUS
10
1.0878529527559055
20
0.5416591732283464
11
1.0877586220472442
21
0.5403401968503937
0
LINE
8
BLACK
6
CONTINUOUS
10
1.0877586220472442
20
0.5403401968503937
11
1.086618464566929
21
0.5385661023622047
0
LINE
8
BLACK
6
CONTINUOUS
10
1.086618464566929
20
0.5385661023622047
11
1.082025
21
0.5339726377952756
0
LINE
8
BLACK
6
CONTINUOUS
10
1.082025
20
0.5339726377952756
11
1.0795717716535433
21
0.532633031496063
0
LINE
8
BLACK
6
CONTINUOUS
10
1.0795717716535433
20
0.532633031496063
11
1.0785173228346456
21
0.5325196850393701
0
LINE
8
BLACK
6
CONTINUOUS
10
1.0785173228346456
20
0.5325196850393701
11
1.0530851181102363
21
0.5325196850393701
0
LINE
8
BLACK
6
CONTINUOUS
10
1.0530851181102363
20
0.5325196850393701
11
1.053084842519685
21
0.5325196456692913
0
LINE
8
BLACK
6
CONTINUOUS
10
1.053084842519685
20
0.5325196456692913
11
1.0530846456692913
21
0.5325196456692913
0
LINE
8
BLACK
6
CONTINUOUS
10
1.0530846456692913
20
0.5325196456692913
11
1.0507009055118111
21
0.5322633858267717
0
LINE
8
BLACK
6
CONTINUOUS
10
1.0507009055118111
20
0.5322633858267717
11
1.0507008267716536
21
0.5322633464566929
0
LINE
8
BLACK
6
CONTINUOUS
10
1.0507008267716536
20
0.5322633464566929
11
1.050700748031496
21
0.5322633464566929
0
LINE
8
BLACK
6
CONTINUOUS
10
1.050700748031496
20
0.5322633464566929
11
1.0467779133858268
21
0.5308001574803149
0
LINE
8
BLACK
6
CONTINUOUS
10
1.0467779133858268
20
0.5308001574803149
11
1.0439899606299212
21
0.530600748031496
0
LINE
8
BLACK
6
CONTINUOUS
10
1.0439899606299212
20
0.530600748031496
11
1.0415366929133858
21
0.5319403149606299
0
LINE
8
BLACK
6
CONTINUOUS
10
1.0415366929133858
20
0.5319403149606299
11
1.040197125984252
21
0.5343935433070865
0
LINE
8
BLACK
6
CONTINUOUS
10
1.040197125984252
20
0.5343935433070865
11
1.0400845669291339
21
0.5353576377952756
0
LINE
8
BLACK
6
CONTINUOUS
10
1.0400845669291339
20
0.5353576377952756
11
1.0400129133858267
21
0.5392898818897638
0
LINE
8
BLACK
6
CONTINUOUS
10
1.0400129133858267
20
0.5392898818897638
11
1.0401868503937008
21
0.5406851181102362
0
LINE
8
BLACK
6
CONTINUOUS
10
1.0401868503937008
20
0.5406851181102362
11
1.0409121653543307
21
0.5433446456692913
0
LINE
8
BLACK
6
CONTINUOUS
10
1.0409121653543307
20
0.5433446456692913
11
1.0423775984251968
21
0.545724842519685
0
LINE
8
BLACK
6
CONTINUOUS
10
1.0423775984251968
20
0.545724842519685
11
1.0448972047244094
21
0.5469349212598426
0
LINE
8
BLACK
6
CONTINUOUS
10
1.0448972047244094
20
0.5469349212598426
11
1.0456979921259841
21
0.547
0
LINE
8
BLACK
6
CONTINUOUS
10
1.0456979921259841
20
0.547
11
1.0563038582677164
21
0.547
0
LINE
8
BLACK
6
CONTINUOUS
10
1.0563038582677164
20
0.547
11
1.0557000000000001
21
0.5512
0
LINE
8
BLACK
6
CONTINUOUS
10
1.0557000000000001
20
0.5512
11
1.0564088582677165
21
0.5561303149606299
0
LINE
8
BLACK
6
CONTINUOUS
10
1.0564088582677165
20
0.5561303149606299
11
1.0584780708661417
21
0.5606612204724409
0
LINE
8
BLACK
6
CONTINUOUS
10
1.0584780708661417
20
0.5606612204724409
11
1.0617399212598424
21
0.5644256299212598
0
LINE
8
BLACK
6
CONTINUOUS
10
1.0617399212598424
20
0.5644256299212598
11
1.0633889763779527
21
0.5654853937007874
0
LINE
8
BLACK
6
CONTINUOUS
10
1.0633889763779527
20
0.5654853937007874
11
1.0633889763779527
21
0.5669999999999999
0
LINE
8
BLACK
6
CONTINUOUS
10
1.0633889763779527
20
0.5669999999999999
11
1.0477000000000001
21
0.5669999999999999
0
LINE
8
BLACK
6
CONTINUOUS
10
1.0477000000000001
20
0.5669999999999999
11
1.0477000000000001
21
0.602
0
LINE
8
BLACK
6
CONTINUOUS
10
1.0477000000000001
20
0.602
11
1.1027
21
0.602
0
LINE
8
BLACK
6
CONTINUOUS
10
1.1027
20
0.602
11
1.1027
21
0.5669999999999999
0
LINE
8
BLACK
6
CONTINUOUS
10
1.0666190551181103
20
1.1338232677165354
11
1.0836912204724409
21
1.131441811023622
0
LINE
8
BLACK
6
CONTINUOUS
10
1.0836912204724409
20
1.131441811023622
11
1.1004708267716534
21
1.1274953149606299
0
LINE
8
BLACK
6
CONTINUOUS
10
1.1004708267716534
20
1.1274953149606299
11
1.1168146850393701
21
1.1220173622047245
0
LINE
8
BLACK
6
CONTINUOUS
10
1.1168146850393701
20
1.1220173622047245
11
1.1325834251968503
21
1.1150548031496064
0
LINE
8
BLACK
6
CONTINUOUS
10
1.1325834251968503
20
1.1150548031496064
11
1.1476424409448818
21
1.106666968503937
0
LINE
8
BLACK
6
CONTINUOUS
10
1.1476424409448818
20
1.106666968503937
11
1.1618633070866142
21
1.096925472440945
0
LINE
8
BLACK
6
CONTINUOUS
10
1.1618633070866142
20
1.096925472440945
11
1.1751246456692912
21
1.0859133858267715
0
LINE
8
BLACK
6
CONTINUOUS
10
1.1751246456692912
20
1.0859133858267715
11
1.1873133858267717
21
1.0737246456692913
0
LINE
8
BLACK
6
CONTINUOUS
10
1.1873133858267717
20
1.0737246456692913
11
1.1983254724409449
21
1.0604633070866141
0
LINE
8
BLACK
6
CONTINUOUS
10
1.1983254724409449
20
1.0604633070866141
11
1.2080669685039369
21
1.0462424409448818
0
LINE
8
BLACK
6
CONTINUOUS
10
1.2080669685039369
20
1.0462424409448818
11
1.2164548031496063
21
1.0311834251968504
0
LINE
8
BLACK
6
CONTINUOUS
10
1.2164548031496063
20
1.0311834251968504
11
1.2234173622047244
21
1.0154146850393702
0
LINE
8
BLACK
6
CONTINUOUS
10
1.2234173622047244
20
1.0154146850393702
11
1.2288953149606299
21
0.9990708267716535
0
LINE
8
BLACK
6
CONTINUOUS
10
1.2288953149606299
20
0.9990708267716535
11
1.2328418110236221
21
0.9822912204724409
0
LINE
8
BLACK
6
CONTINUOUS
10
1.2328418110236221
20
0.9822912204724409
11
1.2352232677165353
21
0.9652190551181102
0
LINE
8
BLACK
6
CONTINUOUS
10
1.2352232677165353
20
0.9652190551181102
11
1.2360193700787401
21
0.948
0
LINE
8
BLACK
6
CONTINUOUS
10
1.2360193700787401
20
0.948
11
1.2352232677165353
21
0.9307809448818898
0
LINE
8
BLACK
6
CONTINUOUS
10
1.2352232677165353
20
0.9307809448818898
11
1.2328418110236221
21
0.913708779527559
0
LINE
8
BLACK
6
CONTINUOUS
10
1.2328418110236221
20
0.913708779527559
11
1.2288953149606299
21
0.8969291732283464
0
LINE
8
BLACK
6
CONTINUOUS
10
1.2288953149606299
20
0.8969291732283464
11
1.2234173622047244
21
0.8805853149606299
0
LINE
8
BLACK
6
CONTINUOUS
10
1.2234173622047244
20
0.8805853149606299
11
1.2164548031496063
21
0.8648165748031496
0
LINE
8
BLACK
6
CONTINUOUS
10
1.2164548031496063
20
0.8648165748031496
11
1.2080669685039369
21
0.8497575590551181
0
LINE
8
BLACK
6
CONTINUOUS
10
1.2080669685039369
20
0.8497575590551181
11
1.1983254724409449
21
0.8355366929133858
0
LINE
8
BLACK
6
CONTINUOUS
10
1.1983254724409449
20
0.8355366929133858
11
1.1873133858267717
21
0.8222753543307086
0
LINE
8
BLACK
6
CONTINUOUS
10
1.1873133858267717
20
0.8222753543307086
11
1.1751246456692912
21
0.8100866141732284
0
LINE
8
BLACK
6
CONTINUOUS
10
1.1751246456692912
20
0.8100866141732284
11
1.1618633070866142
21
0.7990745275590551
0
LINE
8
BLACK
6
CONTINUOUS
10
1.1618633070866142
20
0.7990745275590551
11
1.1476424409448818
21
0.7893330314960629
0
LINE
8
BLACK
6
CONTINUOUS
10
1.1476424409448818
20
0.7893330314960629
11
1.1325834251968503
21
0.7809451968503937
0
LINE
8
BLACK
6
CONTINUOUS
10
1.1325834251968503
20
0.7809451968503937
11
1.1168146850393701
21
0.7739826377952755
0
LINE
8
BLACK
6
CONTINUOUS
10
1.1168146850393701
20
0.7739826377952755
11
1.1004708267716534
21
0.7685046850393701
0
LINE
8
BLACK
6
CONTINUOUS
10
1.1004708267716534
20
0.7685046850393701
11
1.0836912204724409
21
0.764558188976378
0
LINE
8
BLACK
6
CONTINUOUS
10
1.0836912204724409
20
0.764558188976378
11
1.0666190551181103
21
0.7621767322834645
0
LINE
8
BLACK
6
CONTINUOUS
10
1.0666190551181103
20
0.7621767322834645
11
1.0618110236220473
21
0.7619544094488189
0
LINE
8
BLACK
6
CONTINUOUS
10
1.0618110236220473
20
0.7619544094488189
11
1.0618110236220473
21
0.6959726771653543
0
LINE
8
BLACK
6
CONTINUOUS
10
1.0618110236220473
20
0.6959726771653543
11
1.0807837007874015
21
0.6769999999999999
0
LINE
8
BLACK
6
CONTINUOUS
10
1.0807837007874015
20
0.6769999999999999
11
1.1027
21
0.6769999999999999
0
LINE
8
BLACK
6
CONTINUOUS
10
1.1027
20
0.6769999999999999
11
1.1027
21
0.6540033070866141
0
LINE
8
BLACK
6
CONTINUOUS
10
1.1027
20
0.6540033070866141
11
1.1498922834645668
21
0.6068110236220472
0
LINE
8
BLACK
6
CONTINUOUS
10
1.1498922834645668
20
0.6068110236220472
11
1.1758
21
0.6068110236220472
0
LINE
8
BLACK
6
CONTINUOUS
10
1.1758
20
0.6068110236220472
11
1.1761820078740157
21
0.6067755905511811
0
LINE
8
BLACK
6
CONTINUOUS
10
1.1761820078740157
20
0.6067755905511811
11
1.1763454724409448
21
0.6067984251968503
0
LINE
8
BLACK
6
CONTINUOUS
10
1.1763454724409448
20
0.6067984251968503
11
1.1766116929133859
21
0.6067357874015747
0
LINE
8
BLACK
6
CONTINUOUS
10
1.1766116929133859
20
0.6067357874015747
11
1.1779702755905512
21
0.6066099212598425
0
LINE
8
BLACK
6
CONTINUOUS
10
1.1779702755905512
20
0.6066099212598425
11
1.1792425590551181
21
0.6061170078740158
0
LINE
8
BLACK
6
CONTINUOUS
10
1.1792425590551181
20
0.6061170078740158
11
1.180570748031496
21
0.6058046456692914
0
LINE
8
BLACK
6
CONTINUOUS
10
1.180570748031496
20
0.6058046456692914
11
1.1812499606299212
21
0.6053393307086614
0
LINE
8
BLACK
6
CONTINUOUS
10
1.1812499606299212
20
0.6053393307086614
11
1.1820177165354331
21
0.6050419291338582
0
LINE
8
BLACK
6
CONTINUOUS
10
1.1820177165354331
20
0.6050419291338582
11
1.1830259842519686
21
0.604122716535433
0
LINE
8
BLACK
6
CONTINUOUS
10
1.1830259842519686
20
0.604122716535433
11
1.184151653543307
21
0.6033516535433071
0
LINE
8
BLACK
6
CONTINUOUS
10
1.184151653543307
20
0.6033516535433071
11
1.2009814173228346
21
0.5865218897637795
0
LINE
8
BLACK
6
CONTINUOUS
10
1.2009814173228346
20
0.5865218897637795
11
1.2040905118110237
21
0.5865218897637795
0
LINE
8
BLACK
6
CONTINUOUS
10
1.2040905118110237
20
0.5865218897637795
11
1.2088697637795276
21
0.5851185433070866
0
LINE
8
BLACK
6
CONTINUOUS
10
1.2088697637795276
20
0.5851185433070866
11
1.2130600787401575
21
0.5824256299212598
0
LINE
8
BLACK
6
CONTINUOUS
10
1.2130600787401575
20
0.5824256299212598
11
1.2163219291338583
21
0.578661220472441
0
LINE
8
BLACK
6
CONTINUOUS
10
1.2163219291338583
20
0.578661220472441
11
1.2183911417322835
21
0.5741303149606299
0
LINE
8
BLACK
6
CONTINUOUS
10
1.2183911417322835
20
0.5741303149606299
11
1.2191000000000001
21
0.5692
0
LINE
8
BLACK
6
CONTINUOUS
10
1.2191000000000001
20
0.5692
11
1.2183911417322835
21
0.56426968503937
0
LINE
8
BLACK
6
CONTINUOUS
10
1.2183911417322835
20
0.56426968503937
11
1.2163219291338583
21
0.559738779527559
0
LINE
8
BLACK
6
CONTINUOUS
10
1.2163219291338583
20
0.559738779527559
11
1.2130600787401575
21
0.5559743700787402
0
LINE
8
BLACK
6
CONTINUOUS
10
1.2130600787401575
20
0.5559743700787402
11
1.2088697637795276
21
0.5532814566929134
0
LINE
8
BLACK
6
CONTINUOUS
10
1.2088697637795276
20
0.5532814566929134
11
1.2040905118110237
21
0.5518781102362205
0
LINE
8
BLACK
6
CONTINUOUS
10
1.2040905118110237
20
0.5518781102362205
11
1.1991094881889763
21
0.5518781102362205
0
LINE
8
BLACK
6
CONTINUOUS
10
1.1991094881889763
20
0.5518781102362205
11
1.1943302362204724
21
0.5532814566929134
0
LINE
8
BLACK
6
CONTINUOUS
10
1.1943302362204724
20
0.5532814566929134
11
1.1901399212598425
21
0.5559743700787402
0
LINE
8
BLACK
6
CONTINUOUS
10
1.1901399212598425
20
0.5559743700787402
11
1.1868780708661417
21
0.559738779527559
0
LINE
8
BLACK
6
CONTINUOUS
10
1.1868780708661417
20
0.559738779527559
11
1.1848088582677165
21
0.56426968503937
0
LINE
8
BLACK
6
CONTINUOUS
10
1.1848088582677165
20
0.56426968503937
11
1.1840999999999999
21
0.5692
0
LINE
8
BLACK
6
CONTINUOUS
10
1.1840999999999999
20
0.5692
11
1.1842001181102362
21
0.5698965354330708
0
LINE
8
BLACK
6
CONTINUOUS
10
1.1842001181102362
20
0.5698965354330708
11
1.1709077165354331
21
0.5831889763779528
0
LINE
8
BLACK
6
CONTINUOUS
10
1.1709077165354331
20
0.5831889763779528
11
1.145
21
0.5831889763779528
0
LINE
8
BLACK
6
CONTINUOUS
10
1.145
20
0.5831889763779528
11
1.1446179527559055
21
0.5832243700787402
0
LINE
8
BLACK
6
CONTINUOUS
10
1.1446179527559055
20
0.5832243700787402
11
1.1444545275590552
21
0.5832015748031496
0
LINE
8
BLACK
6
CONTINUOUS
10
1.1444545275590552
20
0.5832015748031496
11
1.1441882677165354
21
0.5832641732283464
0
LINE
8
BLACK
6
CONTINUOUS
10
1.1441882677165354
20
0.5832641732283464
11
1.1428297244094487
21
0.5833900787401575
0
LINE
8
BLACK
6
CONTINUOUS
10
1.1428297244094487
20
0.5833900787401575
11
1.1415574015748031
21
0.5838829527559055
0
LINE
8
BLACK
6
CONTINUOUS
10
1.1415574015748031
20
0.5838829527559055
11
1.140229251968504
21
0.5841953543307087
0
LINE
8
BLACK
6
CONTINUOUS
10
1.140229251968504
20
0.5841953543307087
11
1.1395500000000001
21
0.5846606299212598
0
LINE
8
BLACK
6
CONTINUOUS
10
1.1395500000000001
20
0.5846606299212598
11
1.1387822834645669
21
0.5849580708661417
0
LINE
8
BLACK
6
CONTINUOUS
10
1.1387822834645669
20
0.5849580708661417
11
1.1387362992125984
21
0.585
0
LINE
8
BLACK
6
CONTINUOUS
10
1.1387362992125984
20
0.585
11
1.1225000000000001
21
0.585
0
LINE
8
BLACK
6
CONTINUOUS
10
1.1225000000000001
20
0.585
11
1.1225000000000001
21
0.6007966929133858
0
LINE
8
BLACK
6
CONTINUOUS
10
1.1225000000000001
20
0.6007966929133858
11
1.0812966929133858
21
0.642
0
LINE
8
BLACK
6
CONTINUOUS
10
1.0812966929133858
20
0.642
11
1.0744033070866141
21
0.642
0
LINE
8
BLACK
6
CONTINUOUS
10
1.0744033070866141
20
0.642
11
1.0593627165354331
21
0.6269594094488189
0
LINE
8
BLACK
6
CONTINUOUS
10
1.0593627165354331
20
0.6269594094488189
11
1.0590675984251969
21
0.6267143307086614
0
LINE
8
BLACK
6
CONTINUOUS
10
1.0590675984251969
20
0.6267143307086614
11
1.0589681102362205
21
0.6265825984251968
0
LINE
8
BLACK
6
CONTINUOUS
10
1.0589681102362205
20
0.6265825984251968
11
1.0587354724409448
21
0.6264385433070866
0
LINE
8
BLACK
6
CONTINUOUS
10
1.0587354724409448
20
0.6264385433070866
11
1.0576859055118111
21
0.6255670078740158
0
LINE
8
BLACK
6
CONTINUOUS
10
1.0576859055118111
20
0.6255670078740158
11
1.0564377559055118
21
0.6250158661417323
0
LINE
8
BLACK
6
CONTINUOUS
10
1.0564377559055118
20
0.6250158661417323
11
1.0552776771653543
21
0.6242975984251968
0
LINE
8
BLACK
6
CONTINUOUS
10
1.0552776771653543
20
0.6242975984251968
11
1.0544683858267716
21
0.6241462992125985
0
LINE
8
BLACK
6
CONTINUOUS
10
1.0544683858267716
20
0.6241462992125985
11
1.0537151968503937
21
0.6238137401574803
0
LINE
8
BLACK
6
CONTINUOUS
10
1.0537151968503937
20
0.6238137401574803
11
1.0523521653543306
21
0.6237507086614174
0
LINE
8
BLACK
6
CONTINUOUS
10
1.0523521653543306
20
0.6237507086614174
11
1.0510110629921259
21
0.6235000393700787
0
LINE
8
BLACK
6
CONTINUOUS
10
1.0510110629921259
20
0.6235000393700787
11
0.9818110236220472
21
0.6235000393700787
0
LINE
8
BLACK
6
CONTINUOUS
10
0.9818110236220472
20
0.6235000393700787
11
0.9818110236220472
21
0.6134999999999999
0
LINE
8
BLACK
6
CONTINUOUS
10
0.9818110236220472
20
0.6134999999999999
11
0.9836
21
0.6134999999999999
0
LINE
8
BLACK
6
CONTINUOUS
10
0.9836
20
0.6134999999999999
11
0.9836
21
0.5740999999999999
0
LINE
8
BLACK
6
CONTINUOUS
10
0.9836
20
0.5740999999999999
11
0.9564
21
0.5740999999999999
0
LINE
8
BLACK
6
CONTINUOUS
10
0.9564
20
0.5740999999999999
11
0.9564
21
0.6134999999999999
0
LINE
8
BLACK
6
CONTINUOUS
10
0.9564
20
0.6134999999999999
11
0.9581889763779528
21
0.6134999999999999
0
LINE
8
BLACK
6
CONTINUOUS
10
0.9581889763779528
20
0.6134999999999999
11
0.9581889763779528
21
0.6235000393700787
0
LINE
8
BLACK
6
CONTINUOUS
10
0.9581889763779528
20
0.6235000393700787
11
0.9476
21
0.6235000393700787
0
LINE
8
BLACK
6
CONTINUOUS
10
0.9476
20
0.6235000393700787
11
0.9021889370078739
21
0.6235000393700787
0
LINE
8
BLACK
6
CONTINUOUS
10
0.9021889370078739
20
0.6235000393700787
11
0.9018068897637795
21
0.6235354330708661
0
LINE
8
BLACK
6
CONTINUOUS
10
0.9018068897637795
20
0.6235354330708661
11
0.9016434645669291
21
0.6235126377952755
0
LINE
8
BLACK
6
CONTINUOUS
10
0.9016434645669291
20
0.6235126377952755
11
0.9013772047244094
21
0.6235752362204724
0
LINE
8
BLACK
6
CONTINUOUS
10
0.9013772047244094
20
0.6235752362204724
11
0.9000186614173228
21
0.6237011417322834
0
LINE
8
BLACK
6
CONTINUOUS
10
0.9000186614173228
20
0.6237011417322834
11
0.8987463385826772
21
0.6241940157480315
0
LINE
8
BLACK
6
CONTINUOUS
10
0.8987463385826772
20
0.6241940157480315
11
0.8974181889763779
21
0.6245064173228346
0
LINE
8
BLACK
6
CONTINUOUS
10
0.8974181889763779
20
0.6245064173228346
11
0.896738937007874
21
0.6249716929133858
0
LINE
8
BLACK
6
CONTINUOUS
10
0.896738937007874
20
0.6249716929133858
11
0.8959712204724409
21
0.6252691338582677
0
LINE
8
BLACK
6
CONTINUOUS
10
0.8959712204724409
20
0.6252691338582677
11
0.8949629133858268
21
0.6261883070866141
0
LINE
8
BLACK
6
CONTINUOUS
10
0.8949629133858268
20
0.6261883070866141
11
0.8938372834645669
21
0.6269594094488189
0
LINE
8
BLACK
6
CONTINUOUS
10
0.8938372834645669
20
0.6269594094488189
11
0.8557966929133858
21
0.665
0
LINE
8
BLACK
6
CONTINUOUS
10
0.8557966929133858
20
0.665
11
0.8442033070866142
21
0.665
0
LINE
8
BLACK
6
CONTINUOUS
10
0.8442033070866142
20
0.665
11
0.8283516535433071
21
0.6491483464566929
0
LINE
8
BLACK
6
CONTINUOUS
10
0.8283516535433071
20
0.6491483464566929
11
0.8280565354330709
21
0.6489032677165354
0
LINE
8
BLACK
6
CONTINUOUS
10
0.8280565354330709
20
0.6489032677165354
11
0.8279570472440945
21
0.6487715354330709
0
LINE
8
BLACK
6
CONTINUOUS
10
0.8279570472440945
20
0.6487715354330709
11
0.8277244094488189
21
0.6486274803149606
0
LINE
8
BLACK
6
CONTINUOUS
10
0.8277244094488189
20
0.6486274803149606
11
0.826674842519685
21
0.6477559448818897
0
LINE
8
BLACK
6
CONTINUOUS
10
0.826674842519685
20
0.6477559448818897
11
0.8254266929133858
21
0.6472048031496063
0
LINE
8
BLACK
6
CONTINUOUS
10
0.8254266929133858
20
0.6472048031496063
11
0.8242666141732283
21
0.6464865354330709
0
LINE
8
BLACK
6
CONTINUOUS
10
0.8242666141732283
20
0.6464865354330709
11
0.8234573228346457
21
0.6463352362204724
0
LINE
8
BLACK
6
CONTINUOUS
10
0.8234573228346457
20
0.6463352362204724
11
0.8227041338582677
21
0.6460026771653543
0
LINE
8
BLACK
6
CONTINUOUS
10
0.8227041338582677
20
0.6460026771653543
11
0.8213411023622047
21
0.6459396456692913
0
LINE
8
BLACK
6
CONTINUOUS
10
0.8213411023622047
20
0.6459396456692913
11
0.82
21
0.6456889763779528
0
LINE
8
BLACK
6
CONTINUOUS
10
0.82
20
0.6456889763779528
11
0.708
21
0.6456889763779528
0
LINE
8
BLACK
6
CONTINUOUS
10
0.708
20
0.6456889763779528
11
0.708
21
0.6417499999999999
0
LINE
8
BLACK
6
CONTINUOUS
10
0.708
20
0.6417499999999999
11
0.6686
21
0.6417499999999999
0
LINE
8
BLACK
6
CONTINUOUS
10
0.6686
20
0.6417499999999999
11
0.6686
21
0.67325
0
LINE
8
BLACK
6
CONTINUOUS
10
0.6686
20
0.67325
11
0.708
21
0.67325
0
LINE
8
BLACK
6
CONTINUOUS
10
0.708
20
0.67325
11
0.708
21
0.6693110236220472
0
LINE
8
BLACK
6
CONTINUOUS
10
0.708
20
0.6693110236220472
11
0.815107716535433
21
0.6693110236220472
0
LINE
8
BLACK
6
CONTINUOUS
10
0.815107716535433
20
0.6693110236220472
11
0.8175
21
0.6717033070866142
0
LINE
8
BLACK
6
CONTINUOUS
10
0.8175
20
0.6717033070866142
11
0.8175
21
0.7
0
LINE
8
BLACK
6
CONTINUOUS
10
0.8175
20
0.7
11
0.8724999999999999
21
0.7
0
LINE
8
BLACK
6
CONTINUOUS
10
0.8724999999999999
20
0.7
11
0.8724999999999999
21
0.6817033070866142
0
LINE
8
BLACK
6
CONTINUOUS
10
0.8724999999999999
20
0.6817033070866142
11
0.9070812204724409
21
0.6471220866141733
0
LINE
8
BLACK
6
CONTINUOUS
10
0.9070812204724409
20
0.6471220866141733
11
0.9476
21
0.6471220866141733
0
LINE
8
BLACK
6
CONTINUOUS
10
0.9476
20
0.6471220866141733
11
1.0461187795275591
21
0.6471220866141733
0
LINE
8
BLACK
6
CONTINUOUS
10
1.0461187795275591
20
0.6471220866141733
11
1.0477000000000001
21
0.6487033070866142
0
LINE
8
BLACK
6
CONTINUOUS
10
1.0477000000000001
20
0.6487033070866142
11
1.0477000000000001
21
0.6766770866141733
0
LINE
8
BLACK
6
CONTINUOUS
10
1.0477000000000001
20
0.6766770866141733
11
1.0416483464566928
21
0.6827287401574803
0
LINE
8
BLACK
6
CONTINUOUS
10
1.0416483464566928
20
0.6827287401574803
11
1.0414032677165355
21
0.6830238188976377
0
LINE
8
BLACK
6
CONTINUOUS
10
1.0414032677165355
20
0.6830238188976377
11
1.0412715354330708
21
0.6831233464566929
0
LINE
8
BLACK
6
CONTINUOUS
10
1.0412715354330708
20
0.6831233464566929
11
1.0411274803149606
21
0.6833559448818898
0
LINE
8
BLACK
6
CONTINUOUS
10
1.0411274803149606
20
0.6833559448818898
11
1.0402559448818898
21
0.6844055511811024
0
LINE
8
BLACK
6
CONTINUOUS
10
1.0402559448818898
20
0.6844055511811024
11
1.0397048031496063
21
0.6856536614173229
0
LINE
8
BLACK
6
CONTINUOUS
10
1.0397048031496063
20
0.6856536614173229
11
1.0389865354330707
21
0.6868137795275591
0
LINE
8
BLACK
6
CONTINUOUS
10
1.0389865354330707
20
0.6868137795275591
11
1.0388352362204725
21
0.687623031496063
0
LINE
8
BLACK
6
CONTINUOUS
10
1.0388352362204725
20
0.687623031496063
11
1.0385026771653543
21
0.6883762598425197
0
LINE
8
BLACK
6
CONTINUOUS
10
1.0385026771653543
20
0.6883762598425197
11
1.0384396456692913
21
0.6897392519685039
0
LINE
8
BLACK
6
CONTINUOUS
10
1.0384396456692913
20
0.6897392519685039
11
1.0381889763779528
21
0.6910803937007873
0
LINE
8
BLACK
6
CONTINUOUS
10
1.0381889763779528
20
0.6910803937007873
11
1.0381889763779528
21
0.761898937007874
0
LINE
8
BLACK
6
CONTINUOUS
10
1.0381889763779528
20
0.761898937007874
11
1.0321809448818897
21
0.7621767322834645
0
LINE
8
BLACK
6
CONTINUOUS
10
1.0321809448818897
20
0.7621767322834645
11
1.0151087795275591
21
0.764558188976378
0
LINE
8
BLACK
6
CONTINUOUS
10
1.0151087795275591
20
0.764558188976378
11
0.9983291732283465
21
0.7685046850393701
0
LINE
8
BLACK
6
CONTINUOUS
10
0.9983291732283465
20
0.7685046850393701
11
0.9819853149606299
21
0.7739826377952755
0
LINE
8
BLACK
6
CONTINUOUS
10
0.9819853149606299
20
0.7739826377952755
11
0.9662165748031496
21
0.7809451968503937
0
LINE
8
BLACK
6
CONTINUOUS
10
0.9662165748031496
20
0.7809451968503937
11
0.9511575590551181
21
0.7893330314960629
0
LINE
8
BLACK
6
CONTINUOUS
10
0.9511575590551181
20
0.7893330314960629
11
0.9369366929133858
21
0.7990745275590551
0
LINE
8
BLACK
6
CONTINUOUS
10
0.9369366929133858
20
0.7990745275590551
11
0.9236753543307087
21
0.8100866141732284
0
LINE
8
BLACK
6
CONTINUOUS
10
0.9236753543307087
20
0.8100866141732284
11
0.9114866141732283
21
0.8222753543307086
0
LINE
8
BLACK
6
CONTINUOUS
10
0.9114866141732283
20
0.8222753543307086
11
0.9004745275590551
21
0.8355366929133858
0
LINE
8
BLACK
6
CONTINUOUS
10
0.9004745275590551
20
0.8355366929133858
11
0.890733031496063
21
0.8497575590551181
0
LINE
8
BLACK
6
CONTINUOUS
10
0.890733031496063
20
0.8497575590551181
11
0.8823451968503937
21
0.8648165748031496
0
LINE
8
BLACK
6
CONTINUOUS
10
0.8823451968503937
20
0.8648165748031496
11
0.8753826377952756
21
0.8805853149606299
0
LINE
8
BLACK
6
CONTINUOUS
10
0.8753826377952756
20
0.8805853149606299
11
0.86990468503937
21
0.8969291732283464
0
LINE
8
BLACK
6
CONTINUOUS
10
0.86990468503937
20
0.8969291732283464
11
0.8659581889763779
21
0.913708779527559
0
LINE
8
BLACK
6
CONTINUOUS
10
0.8659581889763779
20
0.913708779527559
11
0.8635767322834645
21
0.9307809448818898
0
LINE
8
BLACK
6
CONTINUOUS
10
0.8635767322834645
20
0.9307809448818898
11
0.8627806299212598
21
0.948
0
LINE
8
BLACK
6
CONTINUOUS
10
0.8627806299212598
20
0.948
11
0.8635767322834645
21
0.9652190551181102
0
LINE
8
BLACK
6
CONTINUOUS
10
0.8635767322834645
20
0.9652190551181102
11
0.8659581889763779
21
0.9822912204724409
0
LINE
8
BLACK
6
CONTINUOUS
10
0.8659581889763779
20
0.9822912204724409
11
0.86990468503937
21
0.9990708267716535
0
LINE
8
BLACK
6
CONTINUOUS
10
0.86990468503937
20
0.9990708267716535
11
0.8753826377952756
21
1.0154146850393702
0
LINE
8
BLACK
6
CONTINUOUS
10
0.8753826377952756
20
1.0154146850393702
11
0.8823451968503937
21
1.0311834251968504
0
LINE
8
BLACK
6
CONTINUOUS
10
0.8823451968503937
20
1.0311834251968504
11
0.890733031496063
21
1.0462424409448818
0
LINE
8
BLACK
6
CONTINUOUS
10
0.890733031496063
20
1.0462424409448818
11
0.9004745275590551
21
1.0604633070866141
0
LINE
8
BLACK
6
CONTINUOUS
10
0.9004745275590551
20
1.0604633070866141
11
0.9114866141732283
21
1.0737246456692913
0
LINE
8
BLACK
6
CONTINUOUS
10
0.9114866141732283
20
1.0737246456692913
11
0.9236753543307087
21
1.0859133858267715
0
LINE
8
BLACK
6
CONTINUOUS
10
0.9236753543307087
20
1.0859133858267715
11
0.9369366929133858
21
1.096925472440945
0
LINE
8
BLACK
6
CONTINUOUS
10
0.9369366929133858
20
1.096925472440945
11
0.9511575590551181
21
1.106666968503937
0
LINE
8
BLACK
6
CONTINUOUS
10
0.9511575590551181
20
1.106666968503937
11
0.9662165748031496
21
1.1150548031496064
0
LINE
8
BLACK
6
CONTINUOUS
10
0.9662165748031496
20
1.1150548031496064
11
0.9819853149606299
21
1.1220173622047245
0
LINE
8
BLACK
6
CONTINUOUS
10
0.9819853149606299
20
1.1220173622047245
11
0.9983291732283465
21
1.1274953149606299
0
LINE
8
BLACK
6
CONTINUOUS
10
0.9983291732283465
20
1.1274953149606299
11
1.0151087795275591
21
1.131441811023622
0
LINE
8
BLACK
6
CONTINUOUS
10
1.0151087795275591
20
1.131441811023622
11
1.0321809448818897
21
1.1338232677165354
0
LINE
8
BLACK
6
CONTINUOUS
10
1.0321809448818897
20
1.1338232677165354
11
1.0493999999999999
21
1.1346193700787401
0
LINE
8
BLACK
6
CONTINUOUS
10
1.0493999999999999
20
1.1346193700787401
11
1.0666190551181103
21
1.1338232677165354
0
LINE
8
BLACK
6
CONTINUOUS
10
0.1825
20
0.6318110236220472
11
0.2175
21
0.6318110236220472
0
LINE
8
BLACK
6
CONTINUOUS
10
0.2175
20
0.6318110236220472
11
0.2175
21
0.6525
0
LINE
8
BLACK
6
CONTINUOUS
10
0.2175
20
0.6525
11
0.2825
21
0.6525
0
LINE
8
BLACK
6
CONTINUOUS
10
0.2825
20
0.6525
11
0.2825
21
0.6318110236220472
0
LINE
8
BLACK
6
CONTINUOUS
10
0.2825
20
0.6318110236220472
11
0.3061220472440945
21
0.6318110236220472
0
LINE
8
BLACK
6
CONTINUOUS
10
0.3061220472440945
20
0.6318110236220472
11
0.3065040551181102
21
0.631775590551181
0
LINE
8
BLACK
6
CONTINUOUS
10
0.3065040551181102
20
0.631775590551181
11
0.3066675196850394
21
0.6317984251968504
0
LINE
8
BLACK
6
CONTINUOUS
10
0.3066675196850394
20
0.6317984251968504
11
0.3069337401574803
21
0.6317357874015748
0
LINE
8
BLACK
6
CONTINUOUS
10
0.3069337401574803
20
0.6317357874015748
11
0.3082923228346456
21
0.6316099212598425
0
LINE
8
BLACK
6
CONTINUOUS
10
0.3082923228346456
20
0.6316099212598425
11
0.3095646062992126
21
0.6311170078740157
0
LINE
8
BLACK
6
CONTINUOUS
10
0.3095646062992126
20
0.6311170078740157
11
0.3108927952755905
21
0.6308046456692913
0
LINE
8
BLACK
6
CONTINUOUS
10
0.3108927952755905
20
0.6308046456692913
11
0.3115720078740157
21
0.6303393307086614
0
LINE
8
BLACK
6
CONTINUOUS
10
0.3115720078740157
20
0.6303393307086614
11
0.3123397637795275
21
0.6300419291338583
0
LINE
8
BLACK
6
CONTINUOUS
10
0.3123397637795275
20
0.6300419291338583
11
0.313348031496063
21
0.6291227165354331
0
LINE
8
BLACK
6
CONTINUOUS
10
0.313348031496063
20
0.6291227165354331
11
0.3144737007874016
21
0.628351653543307
0
LINE
8
BLACK
6
CONTINUOUS
10
0.3144737007874016
20
0.628351653543307
11
0.3475
21
0.5953253543307087
0
LINE
8
BLACK
6
CONTINUOUS
10
0.3475
20
0.5953253543307087
11
0.3475
21
0.5986
0
LINE
8
BLACK
6
CONTINUOUS
10
0.3475
20
0.5986
11
0.4025
21
0.5986
0
LINE
8
BLACK
6
CONTINUOUS
10
0.4025
20
0.5986
11
0.4025
21
0.5636
0
LINE
8
BLACK
6
CONTINUOUS
10
0.4025
20
0.5636
11
0.3475
21
0.5636
0
LINE
8
BLACK
6
CONTINUOUS
10
0.3475
20
0.5636
11
0.3475
21
0.5692889763779527
0
LINE
8
BLACK
6
CONTINUOUS
10
0.3475
20
0.5692889763779527
11
0.3450220472440945
21
0.5692889763779527
0
LINE
8
BLACK
6
CONTINUOUS
10
0.3450220472440945
20
0.5692889763779527
11
0.34464
21
0.5693243700787401
0
LINE
8
BLACK
6
CONTINUOUS
10
0.34464
20
0.5693243700787401
11
0.3444765748031496
21
0.5693015748031496
0
LINE
8
BLACK
6
CONTINUOUS
10
0.3444765748031496
20
0.5693015748031496
11
0.3442103149606299
21
0.5693641732283464
0
LINE
8
BLACK
6
CONTINUOUS
10
0.3442103149606299
20
0.5693641732283464
11
0.3428517716535433
21
0.5694900787401574
0
LINE
8
BLACK
6
CONTINUOUS
10
0.3428517716535433
20
0.5694900787401574
11
0.3415794488188976
21
0.5699829527559055
0
LINE
8
BLACK
6
CONTINUOUS
10
0.3415794488188976
20
0.5699829527559055
11
0.3402512992125984
21
0.5702953543307087
0
LINE
8
BLACK
6
CONTINUOUS
10
0.3402512992125984
20
0.5702953543307087
11
0.3395720472440945
21
0.5707606299212599
0
LINE
8
BLACK
6
CONTINUOUS
10
0.3395720472440945
20
0.5707606299212599
11
0.3388043307086614
21
0.5710580708661417
0
LINE
8
BLACK
6
CONTINUOUS
10
0.3388043307086614
20
0.5710580708661417
11
0.3377960236220472
21
0.5719772440944881
0
LINE
8
BLACK
6
CONTINUOUS
10
0.3377960236220472
20
0.5719772440944881
11
0.3366703937007874
21
0.5727483464566929
0
LINE
8
BLACK
6
CONTINUOUS
10
0.3366703937007874
20
0.5727483464566929
11
0.3012297637795275
21
0.6081889763779528
0
LINE
8
BLACK
6
CONTINUOUS
10
0.3012297637795275
20
0.6081889763779528
11
0.2825
21
0.6081889763779528
0
LINE
8
BLACK
6
CONTINUOUS
10
0.2825
20
0.6081889763779528
11
0.2825
21
0.5875
0
LINE
8
BLACK
6
CONTINUOUS
10
0.2825
20
0.5875
11
0.2175
21
0.5875
0
LINE
8
BLACK
6
CONTINUOUS
10
0.2175
20
0.5875
11
0.2175
21
0.6081889763779528
0
LINE
8
BLACK
6
CONTINUOUS
10
0.2175
20
0.6081889763779528
11
0.1825
21
0.6081889763779528
0
LINE
8
BLACK
6
CONTINUOUS
10
0.1825
20
0.6081889763779528
11
0.1825
21
0.5875
0
LINE
8
BLACK
6
CONTINUOUS
10
0.1825
20
0.5875
11
0.1175
21
0.5875
0
LINE
8
BLACK
6
CONTINUOUS
10
0.1175
20
0.5875
11
0.1175
21
0.6525
0
LINE
8
BLACK
6
CONTINUOUS
10
0.1175
20
0.6525
11
0.1825
21
0.6525
0
LINE
8
BLACK
6
CONTINUOUS
10
0.1825
20
0.6525
11
0.1825
21
0.6318110236220472
0
LINE
8
BLACK
6
CONTINUOUS
10
0.6775
20
0.73
11
0.6578740157480315
21
0.73
0
LINE
8
BLACK
6
CONTINUOUS
10
0.6578740157480315
20
0.73
11
0.6578740157480315
21
0.714251968503937
0
LINE
8
BLACK
6
CONTINUOUS
10
0.6578740157480315
20
0.714251968503937
11
0.6578740157480315
21
0.6201114960629921
0
LINE
8
BLACK
6
CONTINUOUS
10
0.6578740157480315
20
0.6201114960629921
11
0.6797355118110237
21
0.5982499999999999
0
LINE
8
BLACK
6
CONTINUOUS
10
0.6797355118110237
20
0.5982499999999999
11
0.6929144488188976
21
0.5982499999999999
0
LINE
8
BLACK
6
CONTINUOUS
10
0.6929144488188976
20
0.5982499999999999
11
0.6940322440944882
21
0.5993677952755906
0
LINE
8
BLACK
6
CONTINUOUS
10
0.6940322440944882
20
0.5993677952755906
11
0.695150748031496
21
0.6000705905511811
0
LINE
8
BLACK
6
CONTINUOUS
10
0.695150748031496
20
0.6000705905511811
11
0.6961835826771653
21
0.6008942519685039
0
LINE
8
BLACK
6
CONTINUOUS
10
0.6961835826771653
20
0.6008942519685039
11
0.6966201968503937
21
0.6009938976377953
0
LINE
8
BLACK
6
CONTINUOUS
10
0.6966201968503937
20
0.6009938976377953
11
0.6969994094488189
21
0.6012321653543307
0
LINE
8
BLACK
6
CONTINUOUS
10
0.6969994094488189
20
0.6012321653543307
11
0.6983121653543307
21
0.6013800787401574
0
LINE
8
BLACK
6
CONTINUOUS
10
0.6983121653543307
20
0.6013800787401574
11
0.6996
21
0.6016740157480315
0
LINE
8
BLACK
6
CONTINUOUS
10
0.6996
20
0.6016740157480315
11
0.9189999999999999
21
0.6016740157480315
0
LINE
8
BLACK
6
CONTINUOUS
10
0.9189999999999999
20
0.6016740157480315
11
0.9189999999999999
21
0.6134999999999999
0
LINE
8
BLACK
6
CONTINUOUS
10
0.9189999999999999
20
0.6134999999999999
11
0.9461999999999999
21
0.6134999999999999
0
LINE
8
BLACK
6
CONTINUOUS
10
0.9461999999999999
20
0.6134999999999999
11
0.9461999999999999
21
0.5740999999999999
0
LINE
8
BLACK
6
CONTINUOUS
10
0.9461999999999999
20
0.5740999999999999
11
0.9189999999999999
21
0.5740999999999999
0
LINE
8
BLACK
6
CONTINUOUS
10
0.9189999999999999
20
0.5740999999999999
11
0.9189999999999999
21
0.5859259842519685
0
LINE
8
BLACK
6
CONTINUOUS
10
0.9189999999999999
20
0.5859259842519685
11
0.708
21
0.5859259842519685
0
LINE
8
BLACK
6
CONTINUOUS
10
0.708
20
0.5859259842519685
11
0.708
21
0.56675
0
LINE
8
BLACK
6
CONTINUOUS
10
0.708
20
0.56675
11
0.6686
21
0.56675
0
LINE
8
BLACK
6
CONTINUOUS
10
0.6686
20
0.56675
11
0.6686
21
0.5871144881889764
0
LINE
8
BLACK
6
CONTINUOUS
10
0.6686
20
0.5871144881889764
11
0.6444322440944882
21
0.6112822440944882
0
LINE
8
BLACK
6
CONTINUOUS
10
0.6444322440944882
20
0.6112822440944882
11
0.6437294488188976
21
0.6124006692913385
0
LINE
8
BLACK
6
CONTINUOUS
10
0.6437294488188976
20
0.6124006692913385
11
0.642905748031496
21
0.6134335826771653
0
LINE
8
BLACK
6
CONTINUOUS
10
0.642905748031496
20
0.6134335826771653
11
0.6428060629921259
21
0.6138701574803149
0
LINE
8
BLACK
6
CONTINUOUS
10
0.6428060629921259
20
0.6138701574803149
11
0.6425678346456692
21
0.6142493700787401
0
LINE
8
BLACK
6
CONTINUOUS
10
0.6425678346456692
20
0.6142493700787401
11
0.6424199212598425
21
0.6155620472440945
0
LINE
8
BLACK
6
CONTINUOUS
10
0.6424199212598425
20
0.6155620472440945
11
0.6421259842519685
21
0.61685
0
LINE
8
BLACK
6
CONTINUOUS
10
0.6421259842519685
20
0.61685
11
0.6421259842519685
21
0.714251968503937
0
LINE
8
BLACK
6
CONTINUOUS
10
0.6421259842519685
20
0.714251968503937
11
0.6421259842519685
21
0.73
0
LINE
8
BLACK
6
CONTINUOUS
10
0.6421259842519685
20
0.73
11
0.6224999999999999
21
0.73
0
LINE
8
BLACK
6
CONTINUOUS
10
0.6224999999999999
20
0.73
11
0.6224999999999999
21
0.765
0
LINE
8
BLACK
6
CONTINUOUS
10
0.6224999999999999
20
0.765
11
0.6775
21
0.765
0
LINE
8
BLACK
6
CONTINUOUS
10
0.6775
20
0.765
11
0.6775
21
0.73
0
LINE
8
BLACK
6
CONTINUOUS
10
1.4975000000000001
20
0.765
11
1.4778740157480315
21
0.765
0
LINE
8
BLACK
6
CONTINUOUS
10
1.4778740157480315
20
0.765
11
1.4778740157480315
21
0.7004124409448819
0
LINE
8
BLACK
6
CONTINUOUS
10
1.4778740157480315
20
0.7004124409448819
11
1.5167135433070866
21
0.7004124409448819
0
LINE
8
BLACK
6
CONTINUOUS
10
1.5167135433070866
20
0.7004124409448819
11
1.5168818897637795
21
0.7003740157480315
0
LINE
8
BLACK
6
CONTINUOUS
10
1.5168818897637795
20
0.7003740157480315
11
1.5325
21
0.7003740157480315
0
LINE
8
BLACK
6
CONTINUOUS
10
1.5325
20
0.7003740157480315
11
1.5325
21
0.71
0
LINE
8
BLACK
6
CONTINUOUS
10
1.5325
20
0.71
11
1.5874999999999999
21
0.71
0
LINE
8
BLACK
6
CONTINUOUS
10
1.5874999999999999
20
0.71
11
1.5874999999999999
21
0.6749999999999999
0
LINE
8
BLACK
6
CONTINUOUS
10
1.5874999999999999
20
0.6749999999999999
11
1.5325
21
0.6749999999999999
0
LINE
8
BLACK
6
CONTINUOUS
10
1.5325
20
0.6749999999999999
11
1.5325
21
0.6846259842519685
0
LINE
8
BLACK
6
CONTINUOUS
10
1.5325
20
0.6846259842519685
11
1.516751968503937
21
0.6846259842519685
0
LINE
8
BLACK
6
CONTINUOUS
10
1.516751968503937
20
0.6846259842519685
11
1.516583622047244
21
0.6846644094488189
0
LINE
8
BLACK
6
CONTINUOUS
10
1.516583622047244
20
0.6846644094488189
11
1.4778740157480315
21
0.6846644094488189
0
LINE
8
BLACK
6
CONTINUOUS
10
1.4778740157480315
20
0.6846644094488189
11
1.4778740157480315
21
0.6575
0
LINE
8
BLACK
6
CONTINUOUS
10
1.4778740157480315
20
0.6575
11
1.4775800393700786
21
0.6562120472440944
0
LINE
8
BLACK
6
CONTINUOUS
10
1.4775800393700786
20
0.6562120472440944
11
1.4774321653543308
21
0.6548993700787401
0
LINE
8
BLACK
6
CONTINUOUS
10
1.4774321653543308
20
0.6548993700787401
11
1.4771938976377952
21
0.6545201574803149
0
LINE
8
BLACK
6
CONTINUOUS
10
1.4771938976377952
20
0.6545201574803149
11
1.477094251968504
21
0.6540835826771654
0
LINE
8
BLACK
6
CONTINUOUS
10
1.477094251968504
20
0.6540835826771654
11
1.4762705118110235
21
0.6530506692913386
0
LINE
8
BLACK
6
CONTINUOUS
10
1.4762705118110235
20
0.6530506692913386
11
1.4755677559055118
21
0.6519322440944881
0
LINE
8
BLACK
6
CONTINUOUS
10
1.4755677559055118
20
0.6519322440944881
11
1.4175
21
0.5938644881889764
0
LINE
8
BLACK
6
CONTINUOUS
10
1.4175
20
0.5938644881889764
11
1.4175
21
0.585
0
LINE
8
BLACK
6
CONTINUOUS
10
1.4175
20
0.585
11
1.3725000000000001
21
0.585
0
LINE
8
BLACK
6
CONTINUOUS
10
1.3725000000000001
20
0.585
11
1.3725000000000001
21
0.605
0
LINE
8
BLACK
6
CONTINUOUS
10
1.3725000000000001
20
0.605
11
1.4063644881889763
21
0.605
0
LINE
8
BLACK
6
CONTINUOUS
10
1.4063644881889763
20
0.605
11
1.4621259842519685
21
0.6607614960629921
0
LINE
8
BLACK
6
CONTINUOUS
10
1.4621259842519685
20
0.6607614960629921
11
1.4621259842519685
21
0.6925384251968504
0
LINE
8
BLACK
6
CONTINUOUS
10
1.4621259842519685
20
0.6925384251968504
11
1.4621259842519685
21
0.765
0
LINE
8
BLACK
6
CONTINUOUS
10
1.4621259842519685
20
0.765
11
1.4424999999999999
21
0.765
0
LINE
8
BLACK
6
CONTINUOUS
10
1.4424999999999999
20
0.765
11
1.4424999999999999
21
0.7999999999999999
0
LINE
8
BLACK
6
CONTINUOUS
10
1.4424999999999999
20
0.7999999999999999
11
1.4975000000000001
21
0.7999999999999999
0
LINE
8
BLACK
6
CONTINUOUS
10
1.4975000000000001
20
0.7999999999999999
11
1.4975000000000001
21
0.765
0
LINE
8
BLACK
6
CONTINUOUS
10
0.4604
20
0.6840999999999999
11
0.4254
21
0.6840999999999999
0
LINE
8
BLACK
6
CONTINUOUS
10
0.4254
20
0.6840999999999999
11
0.4254
21
0.7006889763779527
0
LINE
8
BLACK
6
CONTINUOUS
10
0.4254
20
0.7006889763779527
11
0.4025
21
0.7006889763779527
0
LINE
8
BLACK
6
CONTINUOUS
10
0.4025
20
0.7006889763779527
11
0.4025
21
0.695
0
LINE
8
BLACK
6
CONTINUOUS
10
0.4025
20
0.695
11
0.3868110236220472
21
0.695
0
LINE
8
BLACK
6
CONTINUOUS
10
0.3868110236220472
20
0.695
11
0.3868110236220472
21
0.6736
0
LINE
8
BLACK
6
CONTINUOUS
10
0.3868110236220472
20
0.6736
11
0.4025
21
0.6736
0
LINE
8
BLACK
6
CONTINUOUS
10
0.4025
20
0.6736
11
0.4025
21
0.6385999999999999
0
LINE
8
BLACK
6
CONTINUOUS
10
0.4025
20
0.6385999999999999
11
0.3475
21
0.6385999999999999
0
LINE
8
BLACK
6
CONTINUOUS
10
0.3475
20
0.6385999999999999
11
0.3475
21
0.6736
0
LINE
8
BLACK
6
CONTINUOUS
10
0.3475
20
0.6736
11
0.3631889763779527
21
0.6736
0
LINE
8
BLACK
6
CONTINUOUS
10
0.3631889763779527
20
0.6736
11
0.3631889763779527
21
0.695
0
LINE
8
BLACK
6
CONTINUOUS
10
0.3631889763779527
20
0.695
11
0.3475
21
0.695
0
LINE
8
BLACK
6
CONTINUOUS
10
0.3475
20
0.695
11
0.3475
21
0.73
0
LINE
8
BLACK
6
CONTINUOUS
10
0.3475
20
0.73
11
0.4025
21
0.73
0
LINE
8
BLACK
6
CONTINUOUS
10
0.4025
20
0.73
11
0.4025
21
0.7243110236220472
0
LINE
8
BLACK
6
CONTINUOUS
10
0.4025
20
0.7243110236220472
11
0.4254
21
0.7243110236220472
0
LINE
8
BLACK
6
CONTINUOUS
10
0.4254
20
0.7243110236220472
11
0.4254
21
0.7391
0
LINE
8
BLACK
6
CONTINUOUS
10
0.4254
20
0.7391
11
0.4604
21
0.7391
0
LINE
8
BLACK
6
CONTINUOUS
10
0.4604
20
0.7391
11
0.4604
21
0.6840999999999999
0
LINE
8
BLACK
6
CONTINUOUS
10
0.8984697637795276
20
0.8089185433070866
11
0.9026600787401574
21
0.8062256299212598
0
LINE
8
BLACK
6
CONTINUOUS
10
0.9026600787401574
20
0.8062256299212598
11
0.9059219291338583
21
0.802461220472441
0
LINE
8
BLACK
6
CONTINUOUS
10
0.9059219291338583
20
0.802461220472441
11
0.9079911417322835
21
0.7979303149606299
0
LINE
8
BLACK
6
CONTINUOUS
10
0.9079911417322835
20
0.7979303149606299
11
0.9087
21
0.7929999999999999
0
LINE
8
BLACK
6
CONTINUOUS
10
0.9087
20
0.7929999999999999
11
0.9079911417322835
21
0.78806968503937
0
LINE
8
BLACK
6
CONTINUOUS
10
0.9079911417322835
20
0.78806968503937
11
0.9077637401574803
21
0.7875717716535433
0
LINE
8
BLACK
6
CONTINUOUS
10
0.9077637401574803
20
0.7875717716535433
11
0.9142677559055118
21
0.7810677952755906
0
LINE
8
BLACK
6
CONTINUOUS
10
0.9142677559055118
20
0.7810677952755906
11
0.9142677952755905
21
0.7810676771653543
0
LINE
8
BLACK
6
CONTINUOUS
10
0.9142677952755905
20
0.7810676771653543
11
0.9381677559055118
21
0.7571677559055118
0
LINE
8
BLACK
6
CONTINUOUS
10
0.9381677559055118
20
0.7571677559055118
11
0.9388705118110237
21
0.7560492913385827
0
LINE
8
BLACK
6
CONTINUOUS
10
0.9388705118110237
20
0.7560492913385827
11
0.9396942519685039
21
0.7550164173228346
0
LINE
8
BLACK
6
CONTINUOUS
10
0.9396942519685039
20
0.7550164173228346
11
0.9397938976377953
21
0.7545798031496063
0
LINE
8
BLACK
6
CONTINUOUS
10
0.9397938976377953
20
0.7545798031496063
11
0.9400321653543307
21
0.7542006299212598
0
LINE
8
BLACK
6
CONTINUOUS
10
0.9400321653543307
20
0.7542006299212598
11
0.9401800393700788
21
0.7528879133858267
0
LINE
8
BLACK
6
CONTINUOUS
10
0.9401800393700788
20
0.7528879133858267
11
0.9404740157480315
21
0.7515999999999999
0
LINE
8
BLACK
6
CONTINUOUS
10
0.9404740157480315
20
0.7515999999999999
11
0.9404740157480315
21
0.7159
0
LINE
8
BLACK
6
CONTINUOUS
10
0.9404740157480315
20
0.7159
11
0.9461999999999999
21
0.7159
0
LINE
8
BLACK
6
CONTINUOUS
10
0.9461999999999999
20
0.7159
11
0.9461999999999999
21
0.6765
0
LINE
8
BLACK
6
CONTINUOUS
10
0.9461999999999999
20
0.6765
11
0.9189999999999999
21
0.6765
0
LINE
8
BLACK
6
CONTINUOUS
10
0.9189999999999999
20
0.6765
11
0.9189999999999999
21
0.7159
0
LINE
8
BLACK
6
CONTINUOUS
10
0.9189999999999999
20
0.7159
11
0.9247259842519685
21
0.7159
0
LINE
8
BLACK
6
CONTINUOUS
10
0.9247259842519685
20
0.7159
11
0.9247259842519685
21
0.7483385039370078
0
LINE
8
BLACK
6
CONTINUOUS
10
0.9247259842519685
20
0.7483385039370078
11
0.9031322834645669
21
0.7699321653543307
0
LINE
8
BLACK
6
CONTINUOUS
10
0.9031322834645669
20
0.7699321653543307
11
0.9031322047244095
21
0.7699322440944881
0
LINE
8
BLACK
6
CONTINUOUS
10
0.9031322047244095
20
0.7699322440944881
11
0.8965474409448819
21
0.776516968503937
0
LINE
8
BLACK
6
CONTINUOUS
10
0.8965474409448819
20
0.776516968503937
11
0.8936905118110235
21
0.7756781102362205
0
LINE
8
BLACK
6
CONTINUOUS
10
0.8936905118110235
20
0.7756781102362205
11
0.8887094881889763
21
0.7756781102362205
0
LINE
8
BLACK
6
CONTINUOUS
10
0.8887094881889763
20
0.7756781102362205
11
0.8853114173228346
21
0.7766758661417322
0
LINE
8
BLACK
6
CONTINUOUS
10
0.8853114173228346
20
0.7766758661417322
11
0.8724999999999999
21
0.7638644488188976
0
LINE
8
BLACK
6
CONTINUOUS
10
0.8724999999999999
20
0.7638644488188976
11
0.8724999999999999
21
0.74
0
LINE
8
BLACK
6
CONTINUOUS
10
0.8724999999999999
20
0.74
11
0.8175
21
0.74
0
LINE
8
BLACK
6
CONTINUOUS
10
0.8175
20
0.74
11
0.8175
21
0.7496259842519685
0
LINE
8
BLACK
6
CONTINUOUS
10
0.8175
20
0.7496259842519685
11
0.7725
21
0.7496259842519685
0
LINE
8
BLACK
6
CONTINUOUS
10
0.7725
20
0.7496259842519685
11
0.7725
21
0.74
0
LINE
8
BLACK
6
CONTINUOUS
10
0.7725
20
0.74
11
0.7175
21
0.74
0
LINE
8
BLACK
6
CONTINUOUS
10
0.7175
20
0.74
11
0.7175
21
0.775
0
LINE
8
BLACK
6
CONTINUOUS
10
0.7175
20
0.775
11
0.7725
21
0.775
0
LINE
8
BLACK
6
CONTINUOUS
10
0.7725
20
0.775
11
0.7725
21
0.7653740157480314
0
LINE
8
BLACK
6
CONTINUOUS
10
0.7725
20
0.7653740157480314
11
0.8175
21
0.7653740157480314
0
LINE
8
BLACK
6
CONTINUOUS
10
0.8175
20
0.7653740157480314
11
0.8175
21
0.775
0
LINE
8
BLACK
6
CONTINUOUS
10
0.8175
20
0.775
11
0.8613644881889764
21
0.775
0
LINE
8
BLACK
6
CONTINUOUS
10
0.8613644881889764
20
0.775
11
0.8744167716535433
21
0.7880523228346457
0
LINE
8
BLACK
6
CONTINUOUS
10
0.8744167716535433
20
0.7880523228346457
11
0.8744088582677165
21
0.78806968503937
0
LINE
8
BLACK
6
CONTINUOUS
10
0.8744088582677165
20
0.78806968503937
11
0.8737
21
0.7929999999999999
0
LINE
8
BLACK
6
CONTINUOUS
10
0.8737
20
0.7929999999999999
11
0.8744088582677165
21
0.7979303149606299
0
LINE
8
BLACK
6
CONTINUOUS
10
0.8744088582677165
20
0.7979303149606299
11
0.8764780708661417
21
0.802461220472441
0
LINE
8
BLACK
6
CONTINUOUS
10
0.8764780708661417
20
0.802461220472441
11
0.8797399212598425
21
0.8062256299212598
0
LINE
8
BLACK
6
CONTINUOUS
10
0.8797399212598425
20
0.8062256299212598
11
0.8839302362204724
21
0.8089185433070866
0
LINE
8
BLACK
6
CONTINUOUS
10
0.8839302362204724
20
0.8089185433070866
11
0.8887094881889763
21
0.8103218897637795
0
LINE
8
BLACK
6
CONTINUOUS
10
0.8887094881889763
20
0.8103218897637795
11
0.8936905118110235
21
0.8103218897637795
0
LINE
8
BLACK
6
CONTINUOUS
10
0.8936905118110235
20
0.8103218897637795
11
0.8984697637795276
21
0.8089185433070866
0
LINE
8
BLACK
6
CONTINUOUS
10
1.0146697637795274
20
0.7363185433070866
11
1.0188600787401574
21
0.7336256299212598
0
LINE
8
BLACK
6
CONTINUOUS
10
1.0188600787401574
20
0.7336256299212598
11
1.0221219291338584
21
0.729861220472441
0
LINE
8
BLACK
6
CONTINUOUS
10
1.0221219291338584
20
0.729861220472441
11
1.0241911417322835
21
0.7253303149606299
0
LINE
8
BLACK
6
CONTINUOUS
10
1.0241911417322835
20
0.7253303149606299
11
1.0248999999999999
21
0.7203999999999999
0
LINE
8
BLACK
6
CONTINUOUS
10
1.0248999999999999
20
0.7203999999999999
11
1.0241911417322835
21
0.71546968503937
0
LINE
8
BLACK
6
CONTINUOUS
10
1.0241911417322835
20
0.71546968503937
11
1.0221219291338584
21
0.710938779527559
0
LINE
8
BLACK
6
CONTINUOUS
10
1.0221219291338584
20
0.710938779527559
11
1.0209999999999999
21
0.7096439763779527
0
LINE
8
BLACK
6
CONTINUOUS
10
1.0209999999999999
20
0.7096439763779527
11
1.0209999999999999
21
0.6765
0
LINE
8
BLACK
6
CONTINUOUS
10
1.0209999999999999
20
0.6765
11
0.9938
21
0.6765
0
LINE
8
BLACK
6
CONTINUOUS
10
0.9938
20
0.6765
11
0.9938
21
0.7096439763779527
0
LINE
8
BLACK
6
CONTINUOUS
10
0.9938
20
0.7096439763779527
11
0.9926780708661417
21
0.710938779527559
0
LINE
8
BLACK
6
CONTINUOUS
10
0.9926780708661417
20
0.710938779527559
11
0.9906088582677165
21
0.71546968503937
0
LINE
8
BLACK
6
CONTINUOUS
10
0.9906088582677165
20
0.71546968503937
11
0.9899
21
0.7203999999999999
0
LINE
8
BLACK
6
CONTINUOUS
10
0.9899
20
0.7203999999999999
11
0.9906088582677165
21
0.7253303149606299
0
LINE
8
BLACK
6
CONTINUOUS
10
0.9906088582677165
20
0.7253303149606299
11
0.9926780708661417
21
0.729861220472441
0
LINE
8
BLACK
6
CONTINUOUS
10
0.9926780708661417
20
0.729861220472441
11
0.9959399212598425
21
0.7336256299212598
0
LINE
8
BLACK
6
CONTINUOUS
10
0.9959399212598425
20
0.7336256299212598
11
1.0001302362204725
21
0.7363185433070866
0
LINE
8
BLACK
6
CONTINUOUS
10
1.0001302362204725
20
0.7363185433070866
11
1.0049094881889764
21
0.7377218897637795
0
LINE
8
BLACK
6
CONTINUOUS
10
1.0049094881889764
20
0.7377218897637795
11
1.0098905118110235
21
0.7377218897637795
0
LINE
8
BLACK
6
CONTINUOUS
10
1.0098905118110235
20
0.7377218897637795
11
1.0146697637795274
21
0.7363185433070866
0
LINE
8
BLACK
6
CONTINUOUS
10
1.655
20
0.8225
11
1.6453740157480314
21
0.8225
0
LINE
8
BLACK
6
CONTINUOUS
10
1.6453740157480314
20
0.8225
11
1.6453740157480314
21
0.755
0
LINE
8
BLACK
6
CONTINUOUS
10
1.6453740157480314
20
0.755
11
1.6775
21
0.755
0
LINE
8
BLACK
6
CONTINUOUS
10
1.6775
20
0.755
11
1.6775
21
0.72
0
LINE
8
BLACK
6
CONTINUOUS
10
1.6775
20
0.72
11
1.6225000000000001
21
0.72
0
LINE
8
BLACK
6
CONTINUOUS
10
1.6225000000000001
20
0.72
11
1.6225000000000001
21
0.7296259842519685
0
LINE
8
BLACK
6
CONTINUOUS
10
1.6225000000000001
20
0.7296259842519685
11
1.5899999999999999
21
0.7296259842519685
0
LINE
8
BLACK
6
CONTINUOUS
10
1.5899999999999999
20
0.7296259842519685
11
1.5887120472440945
21
0.7299199212598425
0
LINE
8
BLACK
6
CONTINUOUS
10
1.5887120472440945
20
0.7299199212598425
11
1.5873993700787401
21
0.7300678346456693
0
LINE
8
BLACK
6
CONTINUOUS
10
1.5873993700787401
20
0.7300678346456693
11
1.5870201574803149
21
0.730306062992126
0
LINE
8
BLACK
6
CONTINUOUS
10
1.5870201574803149
20
0.730306062992126
11
1.5865835826771653
21
0.730405748031496
0
LINE
8
BLACK
6
CONTINUOUS
10
1.5865835826771653
20
0.730405748031496
11
1.5855508267716536
21
0.7312293307086614
0
LINE
8
BLACK
6
CONTINUOUS
10
1.5855508267716536
20
0.7312293307086614
11
1.5844322440944882
21
0.7319322047244095
0
LINE
8
BLACK
6
CONTINUOUS
10
1.5844322440944882
20
0.7319322047244095
11
1.5663644881889764
21
0.75
0
LINE
8
BLACK
6
CONTINUOUS
10
1.5663644881889764
20
0.75
11
1.5325
21
0.75
0
LINE
8
BLACK
6
CONTINUOUS
10
1.5325
20
0.75
11
1.5325
21
0.785
0
LINE
8
BLACK
6
CONTINUOUS
10
1.5325
20
0.785
11
1.5874999999999999
21
0.785
0
LINE
8
BLACK
6
CONTINUOUS
10
1.5874999999999999
20
0.785
11
1.5874999999999999
21
0.7511355118110236
0
LINE
8
BLACK
6
CONTINUOUS
10
1.5874999999999999
20
0.7511355118110236
11
1.5932615354330708
21
0.7453740157480315
0
LINE
8
BLACK
6
CONTINUOUS
10
1.5932615354330708
20
0.7453740157480315
11
1.6225000000000001
21
0.7453740157480315
0
LINE
8
BLACK
6
CONTINUOUS
10
1.6225000000000001
20
0.7453740157480315
11
1.6225000000000001
21
0.755
0
LINE
8
BLACK
6
CONTINUOUS
10
1.6225000000000001
20
0.755
11
1.6296259842519685
21
0.755
0
LINE
8
BLACK
6
CONTINUOUS
10
1.6296259842519685
20
0.755
11
1.6296259842519685
21
0.8225
0
LINE
8
BLACK
6
CONTINUOUS
10
1.6296259842519685
20
0.8225
11
1.6199999999999999
21
0.8225
0
LINE
8
BLACK
6
CONTINUOUS
10
1.6199999999999999
20
0.8225
11
1.6199999999999999
21
0.8774999999999999
0
LINE
8
BLACK
6
CONTINUOUS
10
1.6199999999999999
20
0.8774999999999999
11
1.655
21
0.8774999999999999
0
LINE
8
BLACK
6
CONTINUOUS
10
1.655
20
0.8774999999999999
11
1.655
21
0.8225
0
LINE
8
BLACK
6
CONTINUOUS
10
0.6775
20
0.89
11
0.6578740157480315
21
0.89
0
LINE
8
BLACK
6
CONTINUOUS
10
0.6578740157480315
20
0.89
11
0.6578740157480315
21
0.846819842519685
0
LINE
8
BLACK
6
CONTINUOUS
10
0.6578740157480315
20
0.846819842519685
11
0.6578740157480315
21
0.84
0
LINE
8
BLACK
6
CONTINUOUS
10
0.6578740157480315
20
0.84
11
0.6775
21
0.84
0
LINE
8
BLACK
6
CONTINUOUS
10
0.6775
20
0.84
11
0.6775
21
0.8303740157480315
0
LINE
8
BLACK
6
CONTINUOUS
10
0.6775
20
0.8303740157480315
11
0.7175
21
0.8303740157480315
0
LINE
8
BLACK
6
CONTINUOUS
10
0.7175
20
0.8303740157480315
11
0.7175
21
0.85
0
LINE
8
BLACK
6
CONTINUOUS
10
0.7175
20
0.85
11
0.7725
21
0.85
0
LINE
8
BLACK
6
CONTINUOUS
10
0.7725
20
0.85
11
0.7725
21
0.8149999999999999
0
LINE
8
BLACK
6
CONTINUOUS
10
0.7725
20
0.8149999999999999
11
0.7369985433070866
21
0.8149999999999999
0
LINE
8
BLACK
6
CONTINUOUS
10
0.7369985433070866
20
0.8149999999999999
11
0.7362879133858268
21
0.8149199212598425
0
LINE
8
BLACK
6
CONTINUOUS
10
0.7362879133858268
20
0.8149199212598425
11
0.735
21
0.8146259842519685
0
LINE
8
BLACK
6
CONTINUOUS
10
0.735
20
0.8146259842519685
11
0.6775
21
0.8146259842519685
0
LINE
8
BLACK
6
CONTINUOUS
10
0.6775
20
0.8146259842519685
11
0.6775
21
0.8049999999999999
0
LINE
8
BLACK
6
CONTINUOUS
10
0.6775
20
0.8049999999999999
11
0.6224999999999999
21
0.8049999999999999
0
LINE
8
BLACK
6
CONTINUOUS
10
0.6224999999999999
20
0.8049999999999999
11
0.6224999999999999
21
0.84
0
LINE
8
BLACK
6
CONTINUOUS
10
0.6224999999999999
20
0.84
11
0.6421259842519685
21
0.84
0
LINE
8
BLACK
6
CONTINUOUS
10
0.6421259842519685
20
0.84
11
0.6421259842519685
21
0.846819842519685
0
LINE
8
BLACK
6
CONTINUOUS
10
0.6421259842519685
20
0.846819842519685
11
0.6421259842519685
21
0.89
0
LINE
8
BLACK
6
CONTINUOUS
10
0.6421259842519685
20
0.89
11
0.6224999999999999
21
0.89
0
LINE
8
BLACK
6
CONTINUOUS
10
0.6224999999999999
20
0.89
11
0.6224999999999999
21
0.9249999999999999
0
LINE
8
BLACK
6
CONTINUOUS
10
0.6224999999999999
20
0.9249999999999999
11
0.6775
21
0.9249999999999999
0
LINE
8
BLACK
6
CONTINUOUS
10
0.6775
20
0.9249999999999999
11
0.6775
21
0.89
0
LINE
8
BLACK
6
CONTINUOUS
10
0.6775
20
0.9943110236220473
11
0.7225
21
0.9943110236220473
0
LINE
8
BLACK
6
CONTINUOUS
10
0.7225
20
0.9943110236220473
11
0.7225
21
1.
0
LINE
8
BLACK
6
CONTINUOUS
10
0.7225
20
1.
11
0.7775
21
1.
0
LINE
8
BLACK
6
CONTINUOUS
10
0.7775
20
1.
11
0.7775
21
0.965
0
LINE
8
BLACK
6
CONTINUOUS
10
0.7775
20
0.965
11
0.7618110236220472
21
0.965
0
LINE
8
BLACK
6
CONTINUOUS
10
0.7618110236220472
20
0.965
11
0.7618110236220472
21
0.9428205905511811
0
LINE
8
BLACK
6
CONTINUOUS
10
0.7618110236220472
20
0.9428205905511811
11
0.7647219291338583
21
0.939461220472441
0
LINE
8
BLACK
6
CONTINUOUS
10
0.7647219291338583
20
0.939461220472441
11
0.7667911417322835
21
0.9349303149606299
0
LINE
8
BLACK
6
CONTINUOUS
10
0.7667911417322835
20
0.9349303149606299
11
0.7675
21
0.9299999999999999
0
LINE
8
BLACK
6
CONTINUOUS
10
0.7675
20
0.9299999999999999
11
0.7667911417322835
21
0.92506968503937
0
LINE
8
BLACK
6
CONTINUOUS
10
0.7667911417322835
20
0.92506968503937
11
0.7647219291338583
21
0.920538779527559
0
LINE
8
BLACK
6
CONTINUOUS
10
0.7647219291338583
20
0.920538779527559
11
0.7614600787401574
21
0.9167743700787402
0
LINE
8
BLACK
6
CONTINUOUS
10
0.7614600787401574
20
0.9167743700787402
11
0.7572697637795276
21
0.9140814566929134
0
LINE
8
BLACK
6
CONTINUOUS
10
0.7572697637795276
20
0.9140814566929134
11
0.7524905118110236
21
0.9126781102362205
0
LINE
8
BLACK
6
CONTINUOUS
10
0.7524905118110236
20
0.9126781102362205
11
0.7475094881889763
21
0.9126781102362205
0
LINE
8
BLACK
6
CONTINUOUS
10
0.7475094881889763
20
0.9126781102362205
11
0.7427302362204724
21
0.9140814566929134
0
LINE
8
BLACK
6
CONTINUOUS
10
0.7427302362204724
20
0.9140814566929134
11
0.7385399212598425
21
0.9167743700787402
0
LINE
8
BLACK
6
CONTINUOUS
10
0.7385399212598425
20
0.9167743700787402
11
0.7352780708661417
21
0.920538779527559
0
LINE
8
BLACK
6
CONTINUOUS
10
0.7352780708661417
20
0.920538779527559
11
0.7332088582677165
21
0.92506968503937
0
LINE
8
BLACK
6
CONTINUOUS
10
0.7332088582677165
20
0.92506968503937
11
0.7324999999999999
21
0.9299999999999999
0
LINE
8
BLACK
6
CONTINUOUS
10
0.7324999999999999
20
0.9299999999999999
11
0.7332088582677165
21
0.9349303149606299
0
LINE
8
BLACK
6
CONTINUOUS
10
0.7332088582677165
20
0.9349303149606299
11
0.7352780708661417
21
0.939461220472441
0
LINE
8
BLACK
6
CONTINUOUS
10
0.7352780708661417
20
0.939461220472441
11
0.7381889763779528
21
0.9428205905511811
0
LINE
8
BLACK
6
CONTINUOUS
10
0.7381889763779528
20
0.9428205905511811
11
0.7381889763779528
21
0.965
0
LINE
8
BLACK
6
CONTINUOUS
10
0.7381889763779528
20
0.965
11
0.7225
21
0.965
0
LINE
8
BLACK
6
CONTINUOUS
10
0.7225
20
0.965
11
0.7225
21
0.9706889763779527
0
LINE
8
BLACK
6
CONTINUOUS
10
0.7225
20
0.9706889763779527
11
0.6775
21
0.9706889763779527
0
LINE
8
BLACK
6
CONTINUOUS
10
0.6775
20
0.9706889763779527
11
0.6775
21
0.965
0
LINE
8
BLACK
6
CONTINUOUS
10
0.6775
20
0.965
11
0.6224999999999999
21
0.965
0
LINE
8
BLACK
6
CONTINUOUS
10
0.6224999999999999
20
0.965
11
0.6224999999999999
21
1.
0
LINE
8
BLACK
6
CONTINUOUS
10
0.6224999999999999
20
1.
11
0.6775
21
1.
0
LINE
8
BLACK
6
CONTINUOUS
10
0.6775
20
1.
11
0.6775
21
0.9943110236220473
0
CIRCLE
8
BLACK
10
0.2
20
0.2
40
0.0068897637795276
0
CIRCLE
8
BLACK
10
0.2
20
1.
40
0.0068897637795276
0
CIRCLE
8
BLACK
10
0.25
20
0.52
40
0.0068897637795276
0
CIRCLE
8
BLACK
10
0.25
20
0.62
40
0.0068897637795276
0
CIRCLE
8
BLACK
10
0.25
20
0.72
40
0.0068897637795276
0
CIRCLE
8
BLACK
10
0.15
20
0.72
40
0.0068897637795276
0
CIRCLE
8
BLACK
10
0.15
20
0.62
40
0.0068897637795276
0
CIRCLE
8
BLACK
10
0.15
20
0.52
40
0.0068897637795276
0
CIRCLE
8
BLACK
10
0.5332
20
0.281
40
0.0068897637795276
0
CIRCLE
8
BLACK
10
0.5332
20
0.481
40
0.0068897637795276
0
CIRCLE
8
BLACK
10
1.8
20
1.
40
0.0068897637795276
0
CIRCLE
8
BLACK
10
1.8
20
0.2
40
0.0068897637795276
0
CIRCLE
8
BLACK
10
1.8599999999999999
20
0.42
40
0.0068897637795276
0
CIRCLE
8
BLACK
10
1.8599999999999999
20
0.52
40
0.0068897637795276
0
CIRCLE
8
BLACK
10
1.8599999999999999
20
0.62
40
0.0068897637795276
0
CIRCLE
8
BLACK
10
1.76
20
0.62
40
0.0068897637795276
0
CIRCLE
8
BLACK
10
1.76
20
0.52
40
0.0068897637795276
0
CIRCLE
8
BLACK
10
1.76
20
0.42
40
0.0068897637795276
0
CIRCLE
8
BLACK
10
1.1099999999999999
20
0.1
40
0.0068897637795276
0
CIRCLE
8
BLACK
10
1.21
20
0.1
40
0.0068897637795276
0
CIRCLE
8
BLACK
10
1.3100000000000001
20
0.1
40
0.0068897637795276
0
CIRCLE
8
BLACK
10
1.4099999999999999
20
0.1
40
0.0068897637795276
0
CIRCLE
8
BLACK
10
1.51
20
0.1
40
0.0068897637795276
0
CIRCLE
8
BLACK
10
1.51
20
0.2
40
0.0068897637795276
0
CIRCLE
8
BLACK
10
1.4099999999999999
20
0.2
40
0.0068897637795276
0
CIRCLE
8
BLACK
10
1.3100000000000001
20
0.2
40
0.0068897637795276
0
CIRCLE
8
BLACK
10
1.21
20
0.2
40
0.0068897637795276
0
CIRCLE
8
BLACK
10
1.1099999999999999
20
0.2
40
0.0068897637795276
0
CIRCLE
8
BLACK
10
0.848
20
1.1139999999999999
40
0.0125
0
CIRCLE
8
BLACK
10
0.58
20
1.1179999999999999
40
0.0125
0
CIRCLE
8
BLACK
10
1.0731999999999999
20
0.5512
40
0.0125
0
CIRCLE
8
BLACK
10
0.394
20
0.22
40
0.0125
0
CIRCLE
8
BLACK
10
1.49
20
1.054
40
0.0125
0
CIRCLE
8
BLACK
10
0.392
20
0.114
40
0.0125
0
CIRCLE
8
BLACK
10
0.5579999999999999
20
0.12
40
0.0125
0
CIRCLE
8
BLACK
10
1.3400000000000001
20
0.97
40
0.0125
0
CIRCLE
8
BLACK
10
0.486
20
0.9399999999999999
40
0.0125
0
CIRCLE
8
BLACK
10
0.45
20
0.7959999999999999
40
0.0125
0
CIRCLE
8
BLACK
10
1.3160000000000001
20
1.1039999999999999
40
0.0125
0
CIRCLE
8
BLACK
10
0.654
20
0.082
40
0.0125
0
CIRCLE
8
BLACK
10
0.75
20
0.9299999999999999
40
0.0125
0
CIRCLE
8
BLACK
10
1.0074000000000001
20
0.7203999999999999
40
0.0125
0
CIRCLE
8
BLACK
10
0.8912
20
0.7929999999999999
40
0.0125
0
CIRCLE
8
BLACK
10
1.2016
20
0.5692
40
0.0125
0
CIRCLE
8
BLACK
10
1.2278
20
0.3768
40
0.0125
0
CIRCLE
8
BLACK
10
0.8778
20
0.529
40
0.0125
  0
ENDSEC
  0
EOF
