ISO-10303-21;
HEADER;
FILE_DESCRIPTION(('KiCad electronic assembly'),'2;1');
FILE_NAME('PCRD02.step','2024-07-03T21:22:06',('Pcbnew'),('Kicad'),
  'Open CASCADE STEP processor 7.6','KiCad to STEP converter','Unknown'
  );
FILE_SCHEMA(('AUTOMOTIVE_DESIGN { 1 0 10303 214 1 1 1 1 }'));
ENDSEC;
DATA;
#1 = APPLICATION_PROTOCOL_DEFINITION('international standard',
  'automotive_design',2000,#2);
#2 = APPLICATION_CONTEXT(
  'core data for automotive mechanical design processes');
#3 = SHAPE_DEFINITION_REPRESENTATION(#4,#10);
#4 = PRODUCT_DEFINITION_SHAPE('','',#5);
#5 = PRODUCT_DEFINITION('design','',#6,#9);
#6 = PRODUCT_DEFINITION_FORMATION('','',#7);
#7 = PRODUCT('PCRD02 1','PCRD02 1','',(#8));
#8 = PRODUCT_CONTEXT('',#2,'mechanical');
#9 = PRODUCT_DEFINITION_CONTEXT('part definition',#2,'design');
#10 = SHAPE_REPRESENTATION('',(#11,#15),#19);
#11 = AXIS2_PLACEMENT_3D('',#12,#13,#14);
#12 = CARTESIAN_POINT('',(0.,0.,0.));
#13 = DIRECTION('',(0.,0.,1.));
#14 = DIRECTION('',(1.,0.,-0.));
#15 = AXIS2_PLACEMENT_3D('',#16,#17,#18);
#16 = CARTESIAN_POINT('',(0.,0.,0.));
#17 = DIRECTION('',(0.,0.,1.));
#18 = DIRECTION('',(1.,0.,-0.));
#19 = ( GEOMETRIC_REPRESENTATION_CONTEXT(3) 
GLOBAL_UNCERTAINTY_ASSIGNED_CONTEXT((#23)) GLOBAL_UNIT_ASSIGNED_CONTEXT(
(#20,#21,#22)) REPRESENTATION_CONTEXT('Context #1',
  '3D Context with UNIT and UNCERTAINTY') );
#20 = ( LENGTH_UNIT() NAMED_UNIT(*) SI_UNIT(.MILLI.,.METRE.) );
#21 = ( NAMED_UNIT(*) PLANE_ANGLE_UNIT() SI_UNIT($,.RADIAN.) );
#22 = ( NAMED_UNIT(*) SI_UNIT($,.STERADIAN.) SOLID_ANGLE_UNIT() );
#23 = UNCERTAINTY_MEASURE_WITH_UNIT(LENGTH_MEASURE(1.E-07),#20,
  'distance_accuracy_value','confusion accuracy');
#24 = PRODUCT_RELATED_PRODUCT_CATEGORY('part',$,(#7));
#25 = SHAPE_DEFINITION_REPRESENTATION(#26,#32);
#26 = PRODUCT_DEFINITION_SHAPE('','',#27);
#27 = PRODUCT_DEFINITION('design','',#28,#31);
#28 = PRODUCT_DEFINITION_FORMATION('','',#29);
#29 = PRODUCT('PCRD02 PCB','PCRD02 PCB','',(#30));
#30 = PRODUCT_CONTEXT('',#2,'mechanical');
#31 = PRODUCT_DEFINITION_CONTEXT('part definition',#2,'design');
#32 = ADVANCED_BREP_SHAPE_REPRESENTATION('',(#11,#33),#2939);
#33 = MANIFOLD_SOLID_BREP('',#34);
#34 = CLOSED_SHELL('',(#35,#155,#231,#302,#1309,#2176,#2183,#2210,#2237,
    #2264,#2291,#2318,#2345,#2372,#2399,#2426,#2453,#2480,#2507,#2534,
    #2561,#2588,#2615,#2642,#2669,#2696,#2723,#2750,#2777,#2804,#2831,
    #2858,#2885,#2912));
#35 = ADVANCED_FACE('',(#36),#50,.T.);
#36 = FACE_BOUND('',#37,.T.);
#37 = EDGE_LOOP('',(#38,#73,#101,#129));
#38 = ORIENTED_EDGE('',*,*,#39,.T.);
#39 = EDGE_CURVE('',#40,#42,#44,.T.);
#40 = VERTEX_POINT('',#41);
#41 = CARTESIAN_POINT('',(50.546,0.254,0.));
#42 = VERTEX_POINT('',#43);
#43 = CARTESIAN_POINT('',(50.546,0.254,1.6));
#44 = SURFACE_CURVE('',#45,(#49,#61),.PCURVE_S1.);
#45 = LINE('',#46,#47);
#46 = CARTESIAN_POINT('',(50.546,0.254,0.));
#47 = VECTOR('',#48,1.);
#48 = DIRECTION('',(0.,0.,1.));
#49 = PCURVE('',#50,#55);
#50 = PLANE('',#51);
#51 = AXIS2_PLACEMENT_3D('',#52,#53,#54);
#52 = CARTESIAN_POINT('',(50.546,0.254,0.));
#53 = DIRECTION('',(0.,-1.,0.));
#54 = DIRECTION('',(-1.,0.,0.));
#55 = DEFINITIONAL_REPRESENTATION('',(#56),#60);
#56 = LINE('',#57,#58);
#57 = CARTESIAN_POINT('',(0.,-0.));
#58 = VECTOR('',#59,1.);
#59 = DIRECTION('',(0.,-1.));
#60 = ( GEOMETRIC_REPRESENTATION_CONTEXT(2) 
PARAMETRIC_REPRESENTATION_CONTEXT() REPRESENTATION_CONTEXT('2D SPACE',''
  ) );
#61 = PCURVE('',#62,#67);
#62 = PLANE('',#63);
#63 = AXIS2_PLACEMENT_3D('',#64,#65,#66);
#64 = CARTESIAN_POINT('',(50.546,30.226,0.));
#65 = DIRECTION('',(1.,0.,-0.));
#66 = DIRECTION('',(0.,-1.,0.));
#67 = DEFINITIONAL_REPRESENTATION('',(#68),#72);
#68 = LINE('',#69,#70);
#69 = CARTESIAN_POINT('',(29.972,0.));
#70 = VECTOR('',#71,1.);
#71 = DIRECTION('',(0.,-1.));
#72 = ( GEOMETRIC_REPRESENTATION_CONTEXT(2) 
PARAMETRIC_REPRESENTATION_CONTEXT() REPRESENTATION_CONTEXT('2D SPACE',''
  ) );
#73 = ORIENTED_EDGE('',*,*,#74,.T.);
#74 = EDGE_CURVE('',#42,#75,#77,.T.);
#75 = VERTEX_POINT('',#76);
#76 = CARTESIAN_POINT('',(0.254,0.254,1.6));
#77 = SURFACE_CURVE('',#78,(#82,#89),.PCURVE_S1.);
#78 = LINE('',#79,#80);
#79 = CARTESIAN_POINT('',(50.546,0.254,1.6));
#80 = VECTOR('',#81,1.);
#81 = DIRECTION('',(-1.,0.,0.));
#82 = PCURVE('',#50,#83);
#83 = DEFINITIONAL_REPRESENTATION('',(#84),#88);
#84 = LINE('',#85,#86);
#85 = CARTESIAN_POINT('',(0.,-1.6));
#86 = VECTOR('',#87,1.);
#87 = DIRECTION('',(1.,0.));
#88 = ( GEOMETRIC_REPRESENTATION_CONTEXT(2) 
PARAMETRIC_REPRESENTATION_CONTEXT() REPRESENTATION_CONTEXT('2D SPACE',''
  ) );
#89 = PCURVE('',#90,#95);
#90 = PLANE('',#91);
#91 = AXIS2_PLACEMENT_3D('',#92,#93,#94);
#92 = CARTESIAN_POINT('',(25.4,15.24,1.6));
#93 = DIRECTION('',(-0.,-0.,-1.));
#94 = DIRECTION('',(-1.,0.,0.));
#95 = DEFINITIONAL_REPRESENTATION('',(#96),#100);
#96 = LINE('',#97,#98);
#97 = CARTESIAN_POINT('',(-25.146,-14.986));
#98 = VECTOR('',#99,1.);
#99 = DIRECTION('',(1.,0.));
#100 = ( GEOMETRIC_REPRESENTATION_CONTEXT(2) 
PARAMETRIC_REPRESENTATION_CONTEXT() REPRESENTATION_CONTEXT('2D SPACE',''
  ) );
#101 = ORIENTED_EDGE('',*,*,#102,.F.);
#102 = EDGE_CURVE('',#103,#75,#105,.T.);
#103 = VERTEX_POINT('',#104);
#104 = CARTESIAN_POINT('',(0.254,0.254,0.));
#105 = SURFACE_CURVE('',#106,(#110,#117),.PCURVE_S1.);
#106 = LINE('',#107,#108);
#107 = CARTESIAN_POINT('',(0.254,0.254,0.));
#108 = VECTOR('',#109,1.);
#109 = DIRECTION('',(0.,0.,1.));
#110 = PCURVE('',#50,#111);
#111 = DEFINITIONAL_REPRESENTATION('',(#112),#116);
#112 = LINE('',#113,#114);
#113 = CARTESIAN_POINT('',(50.292,0.));
#114 = VECTOR('',#115,1.);
#115 = DIRECTION('',(0.,-1.));
#116 = ( GEOMETRIC_REPRESENTATION_CONTEXT(2) 
PARAMETRIC_REPRESENTATION_CONTEXT() REPRESENTATION_CONTEXT('2D SPACE',''
  ) );
#117 = PCURVE('',#118,#123);
#118 = PLANE('',#119);
#119 = AXIS2_PLACEMENT_3D('',#120,#121,#122);
#120 = CARTESIAN_POINT('',(0.254,0.254,0.));
#121 = DIRECTION('',(-1.,0.,0.));
#122 = DIRECTION('',(0.,1.,0.));
#123 = DEFINITIONAL_REPRESENTATION('',(#124),#128);
#124 = LINE('',#125,#126);
#125 = CARTESIAN_POINT('',(0.,0.));
#126 = VECTOR('',#127,1.);
#127 = DIRECTION('',(0.,-1.));
#128 = ( GEOMETRIC_REPRESENTATION_CONTEXT(2) 
PARAMETRIC_REPRESENTATION_CONTEXT() REPRESENTATION_CONTEXT('2D SPACE',''
  ) );
#129 = ORIENTED_EDGE('',*,*,#130,.F.);
#130 = EDGE_CURVE('',#40,#103,#131,.T.);
#131 = SURFACE_CURVE('',#132,(#136,#143),.PCURVE_S1.);
#132 = LINE('',#133,#134);
#133 = CARTESIAN_POINT('',(50.546,0.254,0.));
#134 = VECTOR('',#135,1.);
#135 = DIRECTION('',(-1.,0.,0.));
#136 = PCURVE('',#50,#137);
#137 = DEFINITIONAL_REPRESENTATION('',(#138),#142);
#138 = LINE('',#139,#140);
#139 = CARTESIAN_POINT('',(0.,-0.));
#140 = VECTOR('',#141,1.);
#141 = DIRECTION('',(1.,0.));
#142 = ( GEOMETRIC_REPRESENTATION_CONTEXT(2) 
PARAMETRIC_REPRESENTATION_CONTEXT() REPRESENTATION_CONTEXT('2D SPACE',''
  ) );
#143 = PCURVE('',#144,#149);
#144 = PLANE('',#145);
#145 = AXIS2_PLACEMENT_3D('',#146,#147,#148);
#146 = CARTESIAN_POINT('',(25.4,15.24,0.));
#147 = DIRECTION('',(-0.,-0.,-1.));
#148 = DIRECTION('',(-1.,0.,0.));
#149 = DEFINITIONAL_REPRESENTATION('',(#150),#154);
#150 = LINE('',#151,#152);
#151 = CARTESIAN_POINT('',(-25.146,-14.986));
#152 = VECTOR('',#153,1.);
#153 = DIRECTION('',(1.,0.));
#154 = ( GEOMETRIC_REPRESENTATION_CONTEXT(2) 
PARAMETRIC_REPRESENTATION_CONTEXT() REPRESENTATION_CONTEXT('2D SPACE',''
  ) );
#155 = ADVANCED_FACE('',(#156),#62,.T.);
#156 = FACE_BOUND('',#157,.T.);
#157 = EDGE_LOOP('',(#158,#188,#209,#210));
#158 = ORIENTED_EDGE('',*,*,#159,.T.);
#159 = EDGE_CURVE('',#160,#162,#164,.T.);
#160 = VERTEX_POINT('',#161);
#161 = CARTESIAN_POINT('',(50.546,30.226,0.));
#162 = VERTEX_POINT('',#163);
#163 = CARTESIAN_POINT('',(50.546,30.226,1.6));
#164 = SURFACE_CURVE('',#165,(#169,#176),.PCURVE_S1.);
#165 = LINE('',#166,#167);
#166 = CARTESIAN_POINT('',(50.546,30.226,0.));
#167 = VECTOR('',#168,1.);
#168 = DIRECTION('',(0.,0.,1.));
#169 = PCURVE('',#62,#170);
#170 = DEFINITIONAL_REPRESENTATION('',(#171),#175);
#171 = LINE('',#172,#173);
#172 = CARTESIAN_POINT('',(0.,0.));
#173 = VECTOR('',#174,1.);
#174 = DIRECTION('',(0.,-1.));
#175 = ( GEOMETRIC_REPRESENTATION_CONTEXT(2) 
PARAMETRIC_REPRESENTATION_CONTEXT() REPRESENTATION_CONTEXT('2D SPACE',''
  ) );
#176 = PCURVE('',#177,#182);
#177 = PLANE('',#178);
#178 = AXIS2_PLACEMENT_3D('',#179,#180,#181);
#179 = CARTESIAN_POINT('',(0.254,30.226,0.));
#180 = DIRECTION('',(0.,1.,0.));
#181 = DIRECTION('',(1.,0.,0.));
#182 = DEFINITIONAL_REPRESENTATION('',(#183),#187);
#183 = LINE('',#184,#185);
#184 = CARTESIAN_POINT('',(50.292,0.));
#185 = VECTOR('',#186,1.);
#186 = DIRECTION('',(0.,-1.));
#187 = ( GEOMETRIC_REPRESENTATION_CONTEXT(2) 
PARAMETRIC_REPRESENTATION_CONTEXT() REPRESENTATION_CONTEXT('2D SPACE',''
  ) );
#188 = ORIENTED_EDGE('',*,*,#189,.T.);
#189 = EDGE_CURVE('',#162,#42,#190,.T.);
#190 = SURFACE_CURVE('',#191,(#195,#202),.PCURVE_S1.);
#191 = LINE('',#192,#193);
#192 = CARTESIAN_POINT('',(50.546,30.226,1.6));
#193 = VECTOR('',#194,1.);
#194 = DIRECTION('',(0.,-1.,0.));
#195 = PCURVE('',#62,#196);
#196 = DEFINITIONAL_REPRESENTATION('',(#197),#201);
#197 = LINE('',#198,#199);
#198 = CARTESIAN_POINT('',(0.,-1.6));
#199 = VECTOR('',#200,1.);
#200 = DIRECTION('',(1.,0.));
#201 = ( GEOMETRIC_REPRESENTATION_CONTEXT(2) 
PARAMETRIC_REPRESENTATION_CONTEXT() REPRESENTATION_CONTEXT('2D SPACE',''
  ) );
#202 = PCURVE('',#90,#203);
#203 = DEFINITIONAL_REPRESENTATION('',(#204),#208);
#204 = LINE('',#205,#206);
#205 = CARTESIAN_POINT('',(-25.146,14.986));
#206 = VECTOR('',#207,1.);
#207 = DIRECTION('',(0.,-1.));
#208 = ( GEOMETRIC_REPRESENTATION_CONTEXT(2) 
PARAMETRIC_REPRESENTATION_CONTEXT() REPRESENTATION_CONTEXT('2D SPACE',''
  ) );
#209 = ORIENTED_EDGE('',*,*,#39,.F.);
#210 = ORIENTED_EDGE('',*,*,#211,.F.);
#211 = EDGE_CURVE('',#160,#40,#212,.T.);
#212 = SURFACE_CURVE('',#213,(#217,#224),.PCURVE_S1.);
#213 = LINE('',#214,#215);
#214 = CARTESIAN_POINT('',(50.546,30.226,0.));
#215 = VECTOR('',#216,1.);
#216 = DIRECTION('',(0.,-1.,0.));
#217 = PCURVE('',#62,#218);
#218 = DEFINITIONAL_REPRESENTATION('',(#219),#223);
#219 = LINE('',#220,#221);
#220 = CARTESIAN_POINT('',(0.,0.));
#221 = VECTOR('',#222,1.);
#222 = DIRECTION('',(1.,0.));
#223 = ( GEOMETRIC_REPRESENTATION_CONTEXT(2) 
PARAMETRIC_REPRESENTATION_CONTEXT() REPRESENTATION_CONTEXT('2D SPACE',''
  ) );
#224 = PCURVE('',#144,#225);
#225 = DEFINITIONAL_REPRESENTATION('',(#226),#230);
#226 = LINE('',#227,#228);
#227 = CARTESIAN_POINT('',(-25.146,14.986));
#228 = VECTOR('',#229,1.);
#229 = DIRECTION('',(0.,-1.));
#230 = ( GEOMETRIC_REPRESENTATION_CONTEXT(2) 
PARAMETRIC_REPRESENTATION_CONTEXT() REPRESENTATION_CONTEXT('2D SPACE',''
  ) );
#231 = ADVANCED_FACE('',(#232),#118,.T.);
#232 = FACE_BOUND('',#233,.T.);
#233 = EDGE_LOOP('',(#234,#235,#258,#281));
#234 = ORIENTED_EDGE('',*,*,#102,.T.);
#235 = ORIENTED_EDGE('',*,*,#236,.T.);
#236 = EDGE_CURVE('',#75,#237,#239,.T.);
#237 = VERTEX_POINT('',#238);
#238 = CARTESIAN_POINT('',(0.254,30.226,1.6));
#239 = SURFACE_CURVE('',#240,(#244,#251),.PCURVE_S1.);
#240 = LINE('',#241,#242);
#241 = CARTESIAN_POINT('',(0.254,0.254,1.6));
#242 = VECTOR('',#243,1.);
#243 = DIRECTION('',(0.,1.,0.));
#244 = PCURVE('',#118,#245);
#245 = DEFINITIONAL_REPRESENTATION('',(#246),#250);
#246 = LINE('',#247,#248);
#247 = CARTESIAN_POINT('',(0.,-1.6));
#248 = VECTOR('',#249,1.);
#249 = DIRECTION('',(1.,0.));
#250 = ( GEOMETRIC_REPRESENTATION_CONTEXT(2) 
PARAMETRIC_REPRESENTATION_CONTEXT() REPRESENTATION_CONTEXT('2D SPACE',''
  ) );
#251 = PCURVE('',#90,#252);
#252 = DEFINITIONAL_REPRESENTATION('',(#253),#257);
#253 = LINE('',#254,#255);
#254 = CARTESIAN_POINT('',(25.146,-14.986));
#255 = VECTOR('',#256,1.);
#256 = DIRECTION('',(0.,1.));
#257 = ( GEOMETRIC_REPRESENTATION_CONTEXT(2) 
PARAMETRIC_REPRESENTATION_CONTEXT() REPRESENTATION_CONTEXT('2D SPACE',''
  ) );
#258 = ORIENTED_EDGE('',*,*,#259,.F.);
#259 = EDGE_CURVE('',#260,#237,#262,.T.);
#260 = VERTEX_POINT('',#261);
#261 = CARTESIAN_POINT('',(0.254,30.226,0.));
#262 = SURFACE_CURVE('',#263,(#267,#274),.PCURVE_S1.);
#263 = LINE('',#264,#265);
#264 = CARTESIAN_POINT('',(0.254,30.226,0.));
#265 = VECTOR('',#266,1.);
#266 = DIRECTION('',(0.,0.,1.));
#267 = PCURVE('',#118,#268);
#268 = DEFINITIONAL_REPRESENTATION('',(#269),#273);
#269 = LINE('',#270,#271);
#270 = CARTESIAN_POINT('',(29.972,0.));
#271 = VECTOR('',#272,1.);
#272 = DIRECTION('',(0.,-1.));
#273 = ( GEOMETRIC_REPRESENTATION_CONTEXT(2) 
PARAMETRIC_REPRESENTATION_CONTEXT() REPRESENTATION_CONTEXT('2D SPACE',''
  ) );
#274 = PCURVE('',#177,#275);
#275 = DEFINITIONAL_REPRESENTATION('',(#276),#280);
#276 = LINE('',#277,#278);
#277 = CARTESIAN_POINT('',(0.,0.));
#278 = VECTOR('',#279,1.);
#279 = DIRECTION('',(0.,-1.));
#280 = ( GEOMETRIC_REPRESENTATION_CONTEXT(2) 
PARAMETRIC_REPRESENTATION_CONTEXT() REPRESENTATION_CONTEXT('2D SPACE',''
  ) );
#281 = ORIENTED_EDGE('',*,*,#282,.F.);
#282 = EDGE_CURVE('',#103,#260,#283,.T.);
#283 = SURFACE_CURVE('',#284,(#288,#295),.PCURVE_S1.);
#284 = LINE('',#285,#286);
#285 = CARTESIAN_POINT('',(0.254,0.254,0.));
#286 = VECTOR('',#287,1.);
#287 = DIRECTION('',(0.,1.,0.));
#288 = PCURVE('',#118,#289);
#289 = DEFINITIONAL_REPRESENTATION('',(#290),#294);
#290 = LINE('',#291,#292);
#291 = CARTESIAN_POINT('',(0.,0.));
#292 = VECTOR('',#293,1.);
#293 = DIRECTION('',(1.,0.));
#294 = ( GEOMETRIC_REPRESENTATION_CONTEXT(2) 
PARAMETRIC_REPRESENTATION_CONTEXT() REPRESENTATION_CONTEXT('2D SPACE',''
  ) );
#295 = PCURVE('',#144,#296);
#296 = DEFINITIONAL_REPRESENTATION('',(#297),#301);
#297 = LINE('',#298,#299);
#298 = CARTESIAN_POINT('',(25.146,-14.986));
#299 = VECTOR('',#300,1.);
#300 = DIRECTION('',(0.,1.));
#301 = ( GEOMETRIC_REPRESENTATION_CONTEXT(2) 
PARAMETRIC_REPRESENTATION_CONTEXT() REPRESENTATION_CONTEXT('2D SPACE',''
  ) );
#302 = ADVANCED_FACE('',(#303,#329,#364,#399,#434,#469,#504,#539,#574,
    #609,#644,#679,#714,#749,#784,#819,#854,#889,#924,#959,#994,#1029,
    #1064,#1099,#1134,#1169,#1204,#1239,#1274),#144,.T.);
#303 = FACE_BOUND('',#304,.T.);
#304 = EDGE_LOOP('',(#305,#306,#307,#328));
#305 = ORIENTED_EDGE('',*,*,#130,.T.);
#306 = ORIENTED_EDGE('',*,*,#282,.T.);
#307 = ORIENTED_EDGE('',*,*,#308,.T.);
#308 = EDGE_CURVE('',#260,#160,#309,.T.);
#309 = SURFACE_CURVE('',#310,(#314,#321),.PCURVE_S1.);
#310 = LINE('',#311,#312);
#311 = CARTESIAN_POINT('',(0.254,30.226,0.));
#312 = VECTOR('',#313,1.);
#313 = DIRECTION('',(1.,0.,0.));
#314 = PCURVE('',#144,#315);
#315 = DEFINITIONAL_REPRESENTATION('',(#316),#320);
#316 = LINE('',#317,#318);
#317 = CARTESIAN_POINT('',(25.146,14.986));
#318 = VECTOR('',#319,1.);
#319 = DIRECTION('',(-1.,0.));
#320 = ( GEOMETRIC_REPRESENTATION_CONTEXT(2) 
PARAMETRIC_REPRESENTATION_CONTEXT() REPRESENTATION_CONTEXT('2D SPACE',''
  ) );
#321 = PCURVE('',#177,#322);
#322 = DEFINITIONAL_REPRESENTATION('',(#323),#327);
#323 = LINE('',#324,#325);
#324 = CARTESIAN_POINT('',(0.,0.));
#325 = VECTOR('',#326,1.);
#326 = DIRECTION('',(1.,0.));
#327 = ( GEOMETRIC_REPRESENTATION_CONTEXT(2) 
PARAMETRIC_REPRESENTATION_CONTEXT() REPRESENTATION_CONTEXT('2D SPACE',''
  ) );
#328 = ORIENTED_EDGE('',*,*,#211,.T.);
#329 = FACE_BOUND('',#330,.T.);
#330 = EDGE_LOOP('',(#331));
#331 = ORIENTED_EDGE('',*,*,#332,.T.);
#332 = EDGE_CURVE('',#333,#333,#335,.T.);
#333 = VERTEX_POINT('',#334);
#334 = CARTESIAN_POINT('',(47.22,5.08,0.));
#335 = SURFACE_CURVE('',#336,(#341,#352),.PCURVE_S1.);
#336 = CIRCLE('',#337,1.5);
#337 = AXIS2_PLACEMENT_3D('',#338,#339,#340);
#338 = CARTESIAN_POINT('',(45.72,5.08,0.));
#339 = DIRECTION('',(0.,0.,1.));
#340 = DIRECTION('',(1.,0.,-0.));
#341 = PCURVE('',#144,#342);
#342 = DEFINITIONAL_REPRESENTATION('',(#343),#351);
#343 = ( BOUNDED_CURVE() B_SPLINE_CURVE(2,(#344,#345,#346,#347,#348,#349
,#350),.UNSPECIFIED.,.T.,.F.) B_SPLINE_CURVE_WITH_KNOTS((1,2,2,2,2,1),(
    -2.094395102393,0.,2.094395102393,4.188790204786,6.28318530718,
8.377580409573),.UNSPECIFIED.) CURVE() GEOMETRIC_REPRESENTATION_ITEM() 
RATIONAL_B_SPLINE_CURVE((1.,0.5,1.,0.5,1.,0.5,1.)) REPRESENTATION_ITEM(
  '') );
#344 = CARTESIAN_POINT('',(-21.82,-10.16));
#345 = CARTESIAN_POINT('',(-21.82,-7.561923788647));
#346 = CARTESIAN_POINT('',(-19.57,-8.860961894323));
#347 = CARTESIAN_POINT('',(-17.32,-10.16));
#348 = CARTESIAN_POINT('',(-19.57,-11.45903810567));
#349 = CARTESIAN_POINT('',(-21.82,-12.75807621135));
#350 = CARTESIAN_POINT('',(-21.82,-10.16));
#351 = ( GEOMETRIC_REPRESENTATION_CONTEXT(2) 
PARAMETRIC_REPRESENTATION_CONTEXT() REPRESENTATION_CONTEXT('2D SPACE',''
  ) );
#352 = PCURVE('',#353,#358);
#353 = CYLINDRICAL_SURFACE('',#354,1.5);
#354 = AXIS2_PLACEMENT_3D('',#355,#356,#357);
#355 = CARTESIAN_POINT('',(45.72,5.08,-1.E-02));
#356 = DIRECTION('',(0.,0.,1.));
#357 = DIRECTION('',(1.,0.,-0.));
#358 = DEFINITIONAL_REPRESENTATION('',(#359),#363);
#359 = LINE('',#360,#361);
#360 = CARTESIAN_POINT('',(0.,1.E-02));
#361 = VECTOR('',#362,1.);
#362 = DIRECTION('',(1.,0.));
#363 = ( GEOMETRIC_REPRESENTATION_CONTEXT(2) 
PARAMETRIC_REPRESENTATION_CONTEXT() REPRESENTATION_CONTEXT('2D SPACE',''
  ) );
#364 = FACE_BOUND('',#365,.T.);
#365 = EDGE_LOOP('',(#366));
#366 = ORIENTED_EDGE('',*,*,#367,.T.);
#367 = EDGE_CURVE('',#368,#368,#370,.T.);
#368 = VERTEX_POINT('',#369);
#369 = CARTESIAN_POINT('',(38.804,2.54,0.));
#370 = SURFACE_CURVE('',#371,(#376,#387),.PCURVE_S1.);
#371 = CIRCLE('',#372,0.45);
#372 = AXIS2_PLACEMENT_3D('',#373,#374,#375);
#373 = CARTESIAN_POINT('',(38.354,2.54,0.));
#374 = DIRECTION('',(0.,0.,1.));
#375 = DIRECTION('',(1.,0.,-0.));
#376 = PCURVE('',#144,#377);
#377 = DEFINITIONAL_REPRESENTATION('',(#378),#386);
#378 = ( BOUNDED_CURVE() B_SPLINE_CURVE(2,(#379,#380,#381,#382,#383,#384
,#385),.UNSPECIFIED.,.T.,.F.) B_SPLINE_CURVE_WITH_KNOTS((1,2,2,2,2,1),(
    -2.094395102393,0.,2.094395102393,4.188790204786,6.28318530718,
8.377580409573),.UNSPECIFIED.) CURVE() GEOMETRIC_REPRESENTATION_ITEM() 
RATIONAL_B_SPLINE_CURVE((1.,0.5,1.,0.5,1.,0.5,1.)) REPRESENTATION_ITEM(
  '') );
#379 = CARTESIAN_POINT('',(-13.404,-12.7));
#380 = CARTESIAN_POINT('',(-13.404,-11.92057713659));
#381 = CARTESIAN_POINT('',(-12.729,-12.31028856829));
#382 = CARTESIAN_POINT('',(-12.054,-12.7));
#383 = CARTESIAN_POINT('',(-12.729,-13.0897114317));
#384 = CARTESIAN_POINT('',(-13.404,-13.4794228634));
#385 = CARTESIAN_POINT('',(-13.404,-12.7));
#386 = ( GEOMETRIC_REPRESENTATION_CONTEXT(2) 
PARAMETRIC_REPRESENTATION_CONTEXT() REPRESENTATION_CONTEXT('2D SPACE',''
  ) );
#387 = PCURVE('',#388,#393);
#388 = CYLINDRICAL_SURFACE('',#389,0.45);
#389 = AXIS2_PLACEMENT_3D('',#390,#391,#392);
#390 = CARTESIAN_POINT('',(38.354,2.54,-1.E-02));
#391 = DIRECTION('',(0.,0.,1.));
#392 = DIRECTION('',(1.,0.,-0.));
#393 = DEFINITIONAL_REPRESENTATION('',(#394),#398);
#394 = LINE('',#395,#396);
#395 = CARTESIAN_POINT('',(0.,1.E-02));
#396 = VECTOR('',#397,1.);
#397 = DIRECTION('',(1.,0.));
#398 = ( GEOMETRIC_REPRESENTATION_CONTEXT(2) 
PARAMETRIC_REPRESENTATION_CONTEXT() REPRESENTATION_CONTEXT('2D SPACE',''
  ) );
#399 = FACE_BOUND('',#400,.T.);
#400 = EDGE_LOOP('',(#401));
#401 = ORIENTED_EDGE('',*,*,#402,.T.);
#402 = EDGE_CURVE('',#403,#403,#405,.T.);
#403 = VERTEX_POINT('',#404);
#404 = CARTESIAN_POINT('',(38.804,5.08,0.));
#405 = SURFACE_CURVE('',#406,(#411,#422),.PCURVE_S1.);
#406 = CIRCLE('',#407,0.45);
#407 = AXIS2_PLACEMENT_3D('',#408,#409,#410);
#408 = CARTESIAN_POINT('',(38.354,5.08,0.));
#409 = DIRECTION('',(0.,0.,1.));
#410 = DIRECTION('',(1.,0.,-0.));
#411 = PCURVE('',#144,#412);
#412 = DEFINITIONAL_REPRESENTATION('',(#413),#421);
#413 = ( BOUNDED_CURVE() B_SPLINE_CURVE(2,(#414,#415,#416,#417,#418,#419
,#420),.UNSPECIFIED.,.T.,.F.) B_SPLINE_CURVE_WITH_KNOTS((1,2,2,2,2,1),(
    -2.094395102393,0.,2.094395102393,4.188790204786,6.28318530718,
8.377580409573),.UNSPECIFIED.) CURVE() GEOMETRIC_REPRESENTATION_ITEM() 
RATIONAL_B_SPLINE_CURVE((1.,0.5,1.,0.5,1.,0.5,1.)) REPRESENTATION_ITEM(
  '') );
#414 = CARTESIAN_POINT('',(-13.404,-10.16));
#415 = CARTESIAN_POINT('',(-13.404,-9.380577136594));
#416 = CARTESIAN_POINT('',(-12.729,-9.770288568297));
#417 = CARTESIAN_POINT('',(-12.054,-10.16));
#418 = CARTESIAN_POINT('',(-12.729,-10.5497114317));
#419 = CARTESIAN_POINT('',(-13.404,-10.9394228634));
#420 = CARTESIAN_POINT('',(-13.404,-10.16));
#421 = ( GEOMETRIC_REPRESENTATION_CONTEXT(2) 
PARAMETRIC_REPRESENTATION_CONTEXT() REPRESENTATION_CONTEXT('2D SPACE',''
  ) );
#422 = PCURVE('',#423,#428);
#423 = CYLINDRICAL_SURFACE('',#424,0.45);
#424 = AXIS2_PLACEMENT_3D('',#425,#426,#427);
#425 = CARTESIAN_POINT('',(38.354,5.08,-1.E-02));
#426 = DIRECTION('',(0.,0.,1.));
#427 = DIRECTION('',(1.,0.,-0.));
#428 = DEFINITIONAL_REPRESENTATION('',(#429),#433);
#429 = LINE('',#430,#431);
#430 = CARTESIAN_POINT('',(0.,1.E-02));
#431 = VECTOR('',#432,1.);
#432 = DIRECTION('',(1.,0.));
#433 = ( GEOMETRIC_REPRESENTATION_CONTEXT(2) 
PARAMETRIC_REPRESENTATION_CONTEXT() REPRESENTATION_CONTEXT('2D SPACE',''
  ) );
#434 = FACE_BOUND('',#435,.T.);
#435 = EDGE_LOOP('',(#436));
#436 = ORIENTED_EDGE('',*,*,#437,.T.);
#437 = EDGE_CURVE('',#438,#438,#440,.T.);
#438 = VERTEX_POINT('',#439);
#439 = CARTESIAN_POINT('',(36.264,2.54,0.));
#440 = SURFACE_CURVE('',#441,(#446,#457),.PCURVE_S1.);
#441 = CIRCLE('',#442,0.45);
#442 = AXIS2_PLACEMENT_3D('',#443,#444,#445);
#443 = CARTESIAN_POINT('',(35.814,2.54,0.));
#444 = DIRECTION('',(0.,0.,1.));
#445 = DIRECTION('',(1.,0.,-0.));
#446 = PCURVE('',#144,#447);
#447 = DEFINITIONAL_REPRESENTATION('',(#448),#456);
#448 = ( BOUNDED_CURVE() B_SPLINE_CURVE(2,(#449,#450,#451,#452,#453,#454
,#455),.UNSPECIFIED.,.T.,.F.) B_SPLINE_CURVE_WITH_KNOTS((1,2,2,2,2,1),(
    -2.094395102393,0.,2.094395102393,4.188790204786,6.28318530718,
8.377580409573),.UNSPECIFIED.) CURVE() GEOMETRIC_REPRESENTATION_ITEM() 
RATIONAL_B_SPLINE_CURVE((1.,0.5,1.,0.5,1.,0.5,1.)) REPRESENTATION_ITEM(
  '') );
#449 = CARTESIAN_POINT('',(-10.864,-12.7));
#450 = CARTESIAN_POINT('',(-10.864,-11.92057713659));
#451 = CARTESIAN_POINT('',(-10.189,-12.31028856829));
#452 = CARTESIAN_POINT('',(-9.514,-12.7));
#453 = CARTESIAN_POINT('',(-10.189,-13.0897114317));
#454 = CARTESIAN_POINT('',(-10.864,-13.4794228634));
#455 = CARTESIAN_POINT('',(-10.864,-12.7));
#456 = ( GEOMETRIC_REPRESENTATION_CONTEXT(2) 
PARAMETRIC_REPRESENTATION_CONTEXT() REPRESENTATION_CONTEXT('2D SPACE',''
  ) );
#457 = PCURVE('',#458,#463);
#458 = CYLINDRICAL_SURFACE('',#459,0.45);
#459 = AXIS2_PLACEMENT_3D('',#460,#461,#462);
#460 = CARTESIAN_POINT('',(35.814,2.54,-1.E-02));
#461 = DIRECTION('',(0.,0.,1.));
#462 = DIRECTION('',(1.,0.,-0.));
#463 = DEFINITIONAL_REPRESENTATION('',(#464),#468);
#464 = LINE('',#465,#466);
#465 = CARTESIAN_POINT('',(0.,1.E-02));
#466 = VECTOR('',#467,1.);
#467 = DIRECTION('',(1.,0.));
#468 = ( GEOMETRIC_REPRESENTATION_CONTEXT(2) 
PARAMETRIC_REPRESENTATION_CONTEXT() REPRESENTATION_CONTEXT('2D SPACE',''
  ) );
#469 = FACE_BOUND('',#470,.T.);
#470 = EDGE_LOOP('',(#471));
#471 = ORIENTED_EDGE('',*,*,#472,.T.);
#472 = EDGE_CURVE('',#473,#473,#475,.T.);
#473 = VERTEX_POINT('',#474);
#474 = CARTESIAN_POINT('',(33.724,2.54,0.));
#475 = SURFACE_CURVE('',#476,(#481,#492),.PCURVE_S1.);
#476 = CIRCLE('',#477,0.45);
#477 = AXIS2_PLACEMENT_3D('',#478,#479,#480);
#478 = CARTESIAN_POINT('',(33.274,2.54,0.));
#479 = DIRECTION('',(0.,0.,1.));
#480 = DIRECTION('',(1.,0.,-0.));
#481 = PCURVE('',#144,#482);
#482 = DEFINITIONAL_REPRESENTATION('',(#483),#491);
#483 = ( BOUNDED_CURVE() B_SPLINE_CURVE(2,(#484,#485,#486,#487,#488,#489
,#490),.UNSPECIFIED.,.T.,.F.) B_SPLINE_CURVE_WITH_KNOTS((1,2,2,2,2,1),(
    -2.094395102393,0.,2.094395102393,4.188790204786,6.28318530718,
8.377580409573),.UNSPECIFIED.) CURVE() GEOMETRIC_REPRESENTATION_ITEM() 
RATIONAL_B_SPLINE_CURVE((1.,0.5,1.,0.5,1.,0.5,1.)) REPRESENTATION_ITEM(
  '') );
#484 = CARTESIAN_POINT('',(-8.324,-12.7));
#485 = CARTESIAN_POINT('',(-8.324,-11.92057713659));
#486 = CARTESIAN_POINT('',(-7.649,-12.31028856829));
#487 = CARTESIAN_POINT('',(-6.974,-12.7));
#488 = CARTESIAN_POINT('',(-7.649,-13.0897114317));
#489 = CARTESIAN_POINT('',(-8.324,-13.4794228634));
#490 = CARTESIAN_POINT('',(-8.324,-12.7));
#491 = ( GEOMETRIC_REPRESENTATION_CONTEXT(2) 
PARAMETRIC_REPRESENTATION_CONTEXT() REPRESENTATION_CONTEXT('2D SPACE',''
  ) );
#492 = PCURVE('',#493,#498);
#493 = CYLINDRICAL_SURFACE('',#494,0.45);
#494 = AXIS2_PLACEMENT_3D('',#495,#496,#497);
#495 = CARTESIAN_POINT('',(33.274,2.54,-1.E-02));
#496 = DIRECTION('',(0.,0.,1.));
#497 = DIRECTION('',(1.,0.,-0.));
#498 = DEFINITIONAL_REPRESENTATION('',(#499),#503);
#499 = LINE('',#500,#501);
#500 = CARTESIAN_POINT('',(0.,1.E-02));
#501 = VECTOR('',#502,1.);
#502 = DIRECTION('',(1.,0.));
#503 = ( GEOMETRIC_REPRESENTATION_CONTEXT(2) 
PARAMETRIC_REPRESENTATION_CONTEXT() REPRESENTATION_CONTEXT('2D SPACE',''
  ) );
#504 = FACE_BOUND('',#505,.T.);
#505 = EDGE_LOOP('',(#506));
#506 = ORIENTED_EDGE('',*,*,#507,.T.);
#507 = EDGE_CURVE('',#508,#508,#510,.T.);
#508 = VERTEX_POINT('',#509);
#509 = CARTESIAN_POINT('',(36.264,5.08,0.));
#510 = SURFACE_CURVE('',#511,(#516,#527),.PCURVE_S1.);
#511 = CIRCLE('',#512,0.45);
#512 = AXIS2_PLACEMENT_3D('',#513,#514,#515);
#513 = CARTESIAN_POINT('',(35.814,5.08,0.));
#514 = DIRECTION('',(0.,0.,1.));
#515 = DIRECTION('',(1.,0.,-0.));
#516 = PCURVE('',#144,#517);
#517 = DEFINITIONAL_REPRESENTATION('',(#518),#526);
#518 = ( BOUNDED_CURVE() B_SPLINE_CURVE(2,(#519,#520,#521,#522,#523,#524
,#525),.UNSPECIFIED.,.T.,.F.) B_SPLINE_CURVE_WITH_KNOTS((1,2,2,2,2,1),(
    -2.094395102393,0.,2.094395102393,4.188790204786,6.28318530718,
8.377580409573),.UNSPECIFIED.) CURVE() GEOMETRIC_REPRESENTATION_ITEM() 
RATIONAL_B_SPLINE_CURVE((1.,0.5,1.,0.5,1.,0.5,1.)) REPRESENTATION_ITEM(
  '') );
#519 = CARTESIAN_POINT('',(-10.864,-10.16));
#520 = CARTESIAN_POINT('',(-10.864,-9.380577136594));
#521 = CARTESIAN_POINT('',(-10.189,-9.770288568297));
#522 = CARTESIAN_POINT('',(-9.514,-10.16));
#523 = CARTESIAN_POINT('',(-10.189,-10.5497114317));
#524 = CARTESIAN_POINT('',(-10.864,-10.9394228634));
#525 = CARTESIAN_POINT('',(-10.864,-10.16));
#526 = ( GEOMETRIC_REPRESENTATION_CONTEXT(2) 
PARAMETRIC_REPRESENTATION_CONTEXT() REPRESENTATION_CONTEXT('2D SPACE',''
  ) );
#527 = PCURVE('',#528,#533);
#528 = CYLINDRICAL_SURFACE('',#529,0.45);
#529 = AXIS2_PLACEMENT_3D('',#530,#531,#532);
#530 = CARTESIAN_POINT('',(35.814,5.08,-1.E-02));
#531 = DIRECTION('',(0.,0.,1.));
#532 = DIRECTION('',(1.,0.,-0.));
#533 = DEFINITIONAL_REPRESENTATION('',(#534),#538);
#534 = LINE('',#535,#536);
#535 = CARTESIAN_POINT('',(0.,1.E-02));
#536 = VECTOR('',#537,1.);
#537 = DIRECTION('',(1.,0.));
#538 = ( GEOMETRIC_REPRESENTATION_CONTEXT(2) 
PARAMETRIC_REPRESENTATION_CONTEXT() REPRESENTATION_CONTEXT('2D SPACE',''
  ) );
#539 = FACE_BOUND('',#540,.T.);
#540 = EDGE_LOOP('',(#541));
#541 = ORIENTED_EDGE('',*,*,#542,.T.);
#542 = EDGE_CURVE('',#543,#543,#545,.T.);
#543 = VERTEX_POINT('',#544);
#544 = CARTESIAN_POINT('',(33.724,5.08,0.));
#545 = SURFACE_CURVE('',#546,(#551,#562),.PCURVE_S1.);
#546 = CIRCLE('',#547,0.45);
#547 = AXIS2_PLACEMENT_3D('',#548,#549,#550);
#548 = CARTESIAN_POINT('',(33.274,5.08,0.));
#549 = DIRECTION('',(0.,0.,1.));
#550 = DIRECTION('',(1.,0.,-0.));
#551 = PCURVE('',#144,#552);
#552 = DEFINITIONAL_REPRESENTATION('',(#553),#561);
#553 = ( BOUNDED_CURVE() B_SPLINE_CURVE(2,(#554,#555,#556,#557,#558,#559
,#560),.UNSPECIFIED.,.T.,.F.) B_SPLINE_CURVE_WITH_KNOTS((1,2,2,2,2,1),(
    -2.094395102393,0.,2.094395102393,4.188790204786,6.28318530718,
8.377580409573),.UNSPECIFIED.) CURVE() GEOMETRIC_REPRESENTATION_ITEM() 
RATIONAL_B_SPLINE_CURVE((1.,0.5,1.,0.5,1.,0.5,1.)) REPRESENTATION_ITEM(
  '') );
#554 = CARTESIAN_POINT('',(-8.324,-10.16));
#555 = CARTESIAN_POINT('',(-8.324,-9.380577136594));
#556 = CARTESIAN_POINT('',(-7.649,-9.770288568297));
#557 = CARTESIAN_POINT('',(-6.974,-10.16));
#558 = CARTESIAN_POINT('',(-7.649,-10.5497114317));
#559 = CARTESIAN_POINT('',(-8.324,-10.9394228634));
#560 = CARTESIAN_POINT('',(-8.324,-10.16));
#561 = ( GEOMETRIC_REPRESENTATION_CONTEXT(2) 
PARAMETRIC_REPRESENTATION_CONTEXT() REPRESENTATION_CONTEXT('2D SPACE',''
  ) );
#562 = PCURVE('',#563,#568);
#563 = CYLINDRICAL_SURFACE('',#564,0.45);
#564 = AXIS2_PLACEMENT_3D('',#565,#566,#567);
#565 = CARTESIAN_POINT('',(33.274,5.08,-1.E-02));
#566 = DIRECTION('',(0.,0.,1.));
#567 = DIRECTION('',(1.,0.,-0.));
#568 = DEFINITIONAL_REPRESENTATION('',(#569),#573);
#569 = LINE('',#570,#571);
#570 = CARTESIAN_POINT('',(0.,1.E-02));
#571 = VECTOR('',#572,1.);
#572 = DIRECTION('',(1.,0.));
#573 = ( GEOMETRIC_REPRESENTATION_CONTEXT(2) 
PARAMETRIC_REPRESENTATION_CONTEXT() REPRESENTATION_CONTEXT('2D SPACE',''
  ) );
#574 = FACE_BOUND('',#575,.T.);
#575 = EDGE_LOOP('',(#576));
#576 = ORIENTED_EDGE('',*,*,#577,.T.);
#577 = EDGE_CURVE('',#578,#578,#580,.T.);
#578 = VERTEX_POINT('',#579);
#579 = CARTESIAN_POINT('',(31.184,2.54,0.));
#580 = SURFACE_CURVE('',#581,(#586,#597),.PCURVE_S1.);
#581 = CIRCLE('',#582,0.45);
#582 = AXIS2_PLACEMENT_3D('',#583,#584,#585);
#583 = CARTESIAN_POINT('',(30.734,2.54,0.));
#584 = DIRECTION('',(0.,0.,1.));
#585 = DIRECTION('',(1.,0.,-0.));
#586 = PCURVE('',#144,#587);
#587 = DEFINITIONAL_REPRESENTATION('',(#588),#596);
#588 = ( BOUNDED_CURVE() B_SPLINE_CURVE(2,(#589,#590,#591,#592,#593,#594
,#595),.UNSPECIFIED.,.T.,.F.) B_SPLINE_CURVE_WITH_KNOTS((1,2,2,2,2,1),(
    -2.094395102393,0.,2.094395102393,4.188790204786,6.28318530718,
8.377580409573),.UNSPECIFIED.) CURVE() GEOMETRIC_REPRESENTATION_ITEM() 
RATIONAL_B_SPLINE_CURVE((1.,0.5,1.,0.5,1.,0.5,1.)) REPRESENTATION_ITEM(
  '') );
#589 = CARTESIAN_POINT('',(-5.784,-12.7));
#590 = CARTESIAN_POINT('',(-5.784,-11.92057713659));
#591 = CARTESIAN_POINT('',(-5.109,-12.31028856829));
#592 = CARTESIAN_POINT('',(-4.434,-12.7));
#593 = CARTESIAN_POINT('',(-5.109,-13.0897114317));
#594 = CARTESIAN_POINT('',(-5.784,-13.4794228634));
#595 = CARTESIAN_POINT('',(-5.784,-12.7));
#596 = ( GEOMETRIC_REPRESENTATION_CONTEXT(2) 
PARAMETRIC_REPRESENTATION_CONTEXT() REPRESENTATION_CONTEXT('2D SPACE',''
  ) );
#597 = PCURVE('',#598,#603);
#598 = CYLINDRICAL_SURFACE('',#599,0.45);
#599 = AXIS2_PLACEMENT_3D('',#600,#601,#602);
#600 = CARTESIAN_POINT('',(30.734,2.54,-1.E-02));
#601 = DIRECTION('',(0.,0.,1.));
#602 = DIRECTION('',(1.,0.,-0.));
#603 = DEFINITIONAL_REPRESENTATION('',(#604),#608);
#604 = LINE('',#605,#606);
#605 = CARTESIAN_POINT('',(0.,1.E-02));
#606 = VECTOR('',#607,1.);
#607 = DIRECTION('',(1.,0.));
#608 = ( GEOMETRIC_REPRESENTATION_CONTEXT(2) 
PARAMETRIC_REPRESENTATION_CONTEXT() REPRESENTATION_CONTEXT('2D SPACE',''
  ) );
#609 = FACE_BOUND('',#610,.T.);
#610 = EDGE_LOOP('',(#611));
#611 = ORIENTED_EDGE('',*,*,#612,.T.);
#612 = EDGE_CURVE('',#613,#613,#615,.T.);
#613 = VERTEX_POINT('',#614);
#614 = CARTESIAN_POINT('',(28.644,2.54,0.));
#615 = SURFACE_CURVE('',#616,(#621,#632),.PCURVE_S1.);
#616 = CIRCLE('',#617,0.45);
#617 = AXIS2_PLACEMENT_3D('',#618,#619,#620);
#618 = CARTESIAN_POINT('',(28.194,2.54,0.));
#619 = DIRECTION('',(0.,0.,1.));
#620 = DIRECTION('',(1.,0.,-0.));
#621 = PCURVE('',#144,#622);
#622 = DEFINITIONAL_REPRESENTATION('',(#623),#631);
#623 = ( BOUNDED_CURVE() B_SPLINE_CURVE(2,(#624,#625,#626,#627,#628,#629
,#630),.UNSPECIFIED.,.T.,.F.) B_SPLINE_CURVE_WITH_KNOTS((1,2,2,2,2,1),(
    -2.094395102393,0.,2.094395102393,4.188790204786,6.28318530718,
8.377580409573),.UNSPECIFIED.) CURVE() GEOMETRIC_REPRESENTATION_ITEM() 
RATIONAL_B_SPLINE_CURVE((1.,0.5,1.,0.5,1.,0.5,1.)) REPRESENTATION_ITEM(
  '') );
#624 = CARTESIAN_POINT('',(-3.244,-12.7));
#625 = CARTESIAN_POINT('',(-3.244,-11.92057713659));
#626 = CARTESIAN_POINT('',(-2.569,-12.31028856829));
#627 = CARTESIAN_POINT('',(-1.894,-12.7));
#628 = CARTESIAN_POINT('',(-2.569,-13.0897114317));
#629 = CARTESIAN_POINT('',(-3.244,-13.4794228634));
#630 = CARTESIAN_POINT('',(-3.244,-12.7));
#631 = ( GEOMETRIC_REPRESENTATION_CONTEXT(2) 
PARAMETRIC_REPRESENTATION_CONTEXT() REPRESENTATION_CONTEXT('2D SPACE',''
  ) );
#632 = PCURVE('',#633,#638);
#633 = CYLINDRICAL_SURFACE('',#634,0.45);
#634 = AXIS2_PLACEMENT_3D('',#635,#636,#637);
#635 = CARTESIAN_POINT('',(28.194,2.54,-1.E-02));
#636 = DIRECTION('',(0.,0.,1.));
#637 = DIRECTION('',(1.,0.,-0.));
#638 = DEFINITIONAL_REPRESENTATION('',(#639),#643);
#639 = LINE('',#640,#641);
#640 = CARTESIAN_POINT('',(0.,1.E-02));
#641 = VECTOR('',#642,1.);
#642 = DIRECTION('',(1.,0.));
#643 = ( GEOMETRIC_REPRESENTATION_CONTEXT(2) 
PARAMETRIC_REPRESENTATION_CONTEXT() REPRESENTATION_CONTEXT('2D SPACE',''
  ) );
#644 = FACE_BOUND('',#645,.T.);
#645 = EDGE_LOOP('',(#646));
#646 = ORIENTED_EDGE('',*,*,#647,.T.);
#647 = EDGE_CURVE('',#648,#648,#650,.T.);
#648 = VERTEX_POINT('',#649);
#649 = CARTESIAN_POINT('',(31.184,5.08,0.));
#650 = SURFACE_CURVE('',#651,(#656,#667),.PCURVE_S1.);
#651 = CIRCLE('',#652,0.45);
#652 = AXIS2_PLACEMENT_3D('',#653,#654,#655);
#653 = CARTESIAN_POINT('',(30.734,5.08,0.));
#654 = DIRECTION('',(0.,0.,1.));
#655 = DIRECTION('',(1.,0.,-0.));
#656 = PCURVE('',#144,#657);
#657 = DEFINITIONAL_REPRESENTATION('',(#658),#666);
#658 = ( BOUNDED_CURVE() B_SPLINE_CURVE(2,(#659,#660,#661,#662,#663,#664
,#665),.UNSPECIFIED.,.T.,.F.) B_SPLINE_CURVE_WITH_KNOTS((1,2,2,2,2,1),(
    -2.094395102393,0.,2.094395102393,4.188790204786,6.28318530718,
8.377580409573),.UNSPECIFIED.) CURVE() GEOMETRIC_REPRESENTATION_ITEM() 
RATIONAL_B_SPLINE_CURVE((1.,0.5,1.,0.5,1.,0.5,1.)) REPRESENTATION_ITEM(
  '') );
#659 = CARTESIAN_POINT('',(-5.784,-10.16));
#660 = CARTESIAN_POINT('',(-5.784,-9.380577136594));
#661 = CARTESIAN_POINT('',(-5.109,-9.770288568297));
#662 = CARTESIAN_POINT('',(-4.434,-10.16));
#663 = CARTESIAN_POINT('',(-5.109,-10.5497114317));
#664 = CARTESIAN_POINT('',(-5.784,-10.9394228634));
#665 = CARTESIAN_POINT('',(-5.784,-10.16));
#666 = ( GEOMETRIC_REPRESENTATION_CONTEXT(2) 
PARAMETRIC_REPRESENTATION_CONTEXT() REPRESENTATION_CONTEXT('2D SPACE',''
  ) );
#667 = PCURVE('',#668,#673);
#668 = CYLINDRICAL_SURFACE('',#669,0.45);
#669 = AXIS2_PLACEMENT_3D('',#670,#671,#672);
#670 = CARTESIAN_POINT('',(30.734,5.08,-1.E-02));
#671 = DIRECTION('',(0.,0.,1.));
#672 = DIRECTION('',(1.,0.,-0.));
#673 = DEFINITIONAL_REPRESENTATION('',(#674),#678);
#674 = LINE('',#675,#676);
#675 = CARTESIAN_POINT('',(0.,1.E-02));
#676 = VECTOR('',#677,1.);
#677 = DIRECTION('',(1.,0.));
#678 = ( GEOMETRIC_REPRESENTATION_CONTEXT(2) 
PARAMETRIC_REPRESENTATION_CONTEXT() REPRESENTATION_CONTEXT('2D SPACE',''
  ) );
#679 = FACE_BOUND('',#680,.T.);
#680 = EDGE_LOOP('',(#681));
#681 = ORIENTED_EDGE('',*,*,#682,.T.);
#682 = EDGE_CURVE('',#683,#683,#685,.T.);
#683 = VERTEX_POINT('',#684);
#684 = CARTESIAN_POINT('',(28.644,5.08,0.));
#685 = SURFACE_CURVE('',#686,(#691,#702),.PCURVE_S1.);
#686 = CIRCLE('',#687,0.45);
#687 = AXIS2_PLACEMENT_3D('',#688,#689,#690);
#688 = CARTESIAN_POINT('',(28.194,5.08,0.));
#689 = DIRECTION('',(0.,0.,1.));
#690 = DIRECTION('',(1.,0.,-0.));
#691 = PCURVE('',#144,#692);
#692 = DEFINITIONAL_REPRESENTATION('',(#693),#701);
#693 = ( BOUNDED_CURVE() B_SPLINE_CURVE(2,(#694,#695,#696,#697,#698,#699
,#700),.UNSPECIFIED.,.T.,.F.) B_SPLINE_CURVE_WITH_KNOTS((1,2,2,2,2,1),(
    -2.094395102393,0.,2.094395102393,4.188790204786,6.28318530718,
8.377580409573),.UNSPECIFIED.) CURVE() GEOMETRIC_REPRESENTATION_ITEM() 
RATIONAL_B_SPLINE_CURVE((1.,0.5,1.,0.5,1.,0.5,1.)) REPRESENTATION_ITEM(
  '') );
#694 = CARTESIAN_POINT('',(-3.244,-10.16));
#695 = CARTESIAN_POINT('',(-3.244,-9.380577136594));
#696 = CARTESIAN_POINT('',(-2.569,-9.770288568297));
#697 = CARTESIAN_POINT('',(-1.894,-10.16));
#698 = CARTESIAN_POINT('',(-2.569,-10.5497114317));
#699 = CARTESIAN_POINT('',(-3.244,-10.9394228634));
#700 = CARTESIAN_POINT('',(-3.244,-10.16));
#701 = ( GEOMETRIC_REPRESENTATION_CONTEXT(2) 
PARAMETRIC_REPRESENTATION_CONTEXT() REPRESENTATION_CONTEXT('2D SPACE',''
  ) );
#702 = PCURVE('',#703,#708);
#703 = CYLINDRICAL_SURFACE('',#704,0.45);
#704 = AXIS2_PLACEMENT_3D('',#705,#706,#707);
#705 = CARTESIAN_POINT('',(28.194,5.08,-1.E-02));
#706 = DIRECTION('',(0.,0.,1.));
#707 = DIRECTION('',(1.,0.,-0.));
#708 = DEFINITIONAL_REPRESENTATION('',(#709),#713);
#709 = LINE('',#710,#711);
#710 = CARTESIAN_POINT('',(0.,1.E-02));
#711 = VECTOR('',#712,1.);
#712 = DIRECTION('',(1.,0.));
#713 = ( GEOMETRIC_REPRESENTATION_CONTEXT(2) 
PARAMETRIC_REPRESENTATION_CONTEXT() REPRESENTATION_CONTEXT('2D SPACE',''
  ) );
#714 = FACE_BOUND('',#715,.T.);
#715 = EDGE_LOOP('',(#716));
#716 = ORIENTED_EDGE('',*,*,#717,.T.);
#717 = EDGE_CURVE('',#718,#718,#720,.T.);
#718 = VERTEX_POINT('',#719);
#719 = CARTESIAN_POINT('',(47.694,10.668,0.));
#720 = SURFACE_CURVE('',#721,(#726,#737),.PCURVE_S1.);
#721 = CIRCLE('',#722,0.45);
#722 = AXIS2_PLACEMENT_3D('',#723,#724,#725);
#723 = CARTESIAN_POINT('',(47.244,10.668,0.));
#724 = DIRECTION('',(0.,0.,1.));
#725 = DIRECTION('',(1.,0.,-0.));
#726 = PCURVE('',#144,#727);
#727 = DEFINITIONAL_REPRESENTATION('',(#728),#736);
#728 = ( BOUNDED_CURVE() B_SPLINE_CURVE(2,(#729,#730,#731,#732,#733,#734
,#735),.UNSPECIFIED.,.T.,.F.) B_SPLINE_CURVE_WITH_KNOTS((1,2,2,2,2,1),(
    -2.094395102393,0.,2.094395102393,4.188790204786,6.28318530718,
8.377580409573),.UNSPECIFIED.) CURVE() GEOMETRIC_REPRESENTATION_ITEM() 
RATIONAL_B_SPLINE_CURVE((1.,0.5,1.,0.5,1.,0.5,1.)) REPRESENTATION_ITEM(
  '') );
#729 = CARTESIAN_POINT('',(-22.294,-4.572));
#730 = CARTESIAN_POINT('',(-22.294,-3.792577136594));
#731 = CARTESIAN_POINT('',(-21.619,-4.182288568297));
#732 = CARTESIAN_POINT('',(-20.944,-4.572));
#733 = CARTESIAN_POINT('',(-21.619,-4.961711431703));
#734 = CARTESIAN_POINT('',(-22.294,-5.351422863406));
#735 = CARTESIAN_POINT('',(-22.294,-4.572));
#736 = ( GEOMETRIC_REPRESENTATION_CONTEXT(2) 
PARAMETRIC_REPRESENTATION_CONTEXT() REPRESENTATION_CONTEXT('2D SPACE',''
  ) );
#737 = PCURVE('',#738,#743);
#738 = CYLINDRICAL_SURFACE('',#739,0.45);
#739 = AXIS2_PLACEMENT_3D('',#740,#741,#742);
#740 = CARTESIAN_POINT('',(47.244,10.668,-1.E-02));
#741 = DIRECTION('',(0.,0.,1.));
#742 = DIRECTION('',(1.,0.,-0.));
#743 = DEFINITIONAL_REPRESENTATION('',(#744),#748);
#744 = LINE('',#745,#746);
#745 = CARTESIAN_POINT('',(0.,1.E-02));
#746 = VECTOR('',#747,1.);
#747 = DIRECTION('',(1.,0.));
#748 = ( GEOMETRIC_REPRESENTATION_CONTEXT(2) 
PARAMETRIC_REPRESENTATION_CONTEXT() REPRESENTATION_CONTEXT('2D SPACE',''
  ) );
#749 = FACE_BOUND('',#750,.T.);
#750 = EDGE_LOOP('',(#751));
#751 = ORIENTED_EDGE('',*,*,#752,.T.);
#752 = EDGE_CURVE('',#753,#753,#755,.T.);
#753 = VERTEX_POINT('',#754);
#754 = CARTESIAN_POINT('',(45.154,10.668,0.));
#755 = SURFACE_CURVE('',#756,(#761,#772),.PCURVE_S1.);
#756 = CIRCLE('',#757,0.45);
#757 = AXIS2_PLACEMENT_3D('',#758,#759,#760);
#758 = CARTESIAN_POINT('',(44.704,10.668,0.));
#759 = DIRECTION('',(0.,0.,1.));
#760 = DIRECTION('',(1.,0.,-0.));
#761 = PCURVE('',#144,#762);
#762 = DEFINITIONAL_REPRESENTATION('',(#763),#771);
#763 = ( BOUNDED_CURVE() B_SPLINE_CURVE(2,(#764,#765,#766,#767,#768,#769
,#770),.UNSPECIFIED.,.T.,.F.) B_SPLINE_CURVE_WITH_KNOTS((1,2,2,2,2,1),(
    -2.094395102393,0.,2.094395102393,4.188790204786,6.28318530718,
8.377580409573),.UNSPECIFIED.) CURVE() GEOMETRIC_REPRESENTATION_ITEM() 
RATIONAL_B_SPLINE_CURVE((1.,0.5,1.,0.5,1.,0.5,1.)) REPRESENTATION_ITEM(
  '') );
#764 = CARTESIAN_POINT('',(-19.754,-4.572));
#765 = CARTESIAN_POINT('',(-19.754,-3.792577136594));
#766 = CARTESIAN_POINT('',(-19.079,-4.182288568297));
#767 = CARTESIAN_POINT('',(-18.404,-4.572));
#768 = CARTESIAN_POINT('',(-19.079,-4.961711431703));
#769 = CARTESIAN_POINT('',(-19.754,-5.351422863406));
#770 = CARTESIAN_POINT('',(-19.754,-4.572));
#771 = ( GEOMETRIC_REPRESENTATION_CONTEXT(2) 
PARAMETRIC_REPRESENTATION_CONTEXT() REPRESENTATION_CONTEXT('2D SPACE',''
  ) );
#772 = PCURVE('',#773,#778);
#773 = CYLINDRICAL_SURFACE('',#774,0.45);
#774 = AXIS2_PLACEMENT_3D('',#775,#776,#777);
#775 = CARTESIAN_POINT('',(44.704,10.668,-1.E-02));
#776 = DIRECTION('',(0.,0.,1.));
#777 = DIRECTION('',(1.,0.,-0.));
#778 = DEFINITIONAL_REPRESENTATION('',(#779),#783);
#779 = LINE('',#780,#781);
#780 = CARTESIAN_POINT('',(0.,1.E-02));
#781 = VECTOR('',#782,1.);
#782 = DIRECTION('',(1.,0.));
#783 = ( GEOMETRIC_REPRESENTATION_CONTEXT(2) 
PARAMETRIC_REPRESENTATION_CONTEXT() REPRESENTATION_CONTEXT('2D SPACE',''
  ) );
#784 = FACE_BOUND('',#785,.T.);
#785 = EDGE_LOOP('',(#786));
#786 = ORIENTED_EDGE('',*,*,#787,.T.);
#787 = EDGE_CURVE('',#788,#788,#790,.T.);
#788 = VERTEX_POINT('',#789);
#789 = CARTESIAN_POINT('',(47.694,13.208,0.));
#790 = SURFACE_CURVE('',#791,(#796,#807),.PCURVE_S1.);
#791 = CIRCLE('',#792,0.45);
#792 = AXIS2_PLACEMENT_3D('',#793,#794,#795);
#793 = CARTESIAN_POINT('',(47.244,13.208,0.));
#794 = DIRECTION('',(0.,0.,1.));
#795 = DIRECTION('',(1.,0.,-0.));
#796 = PCURVE('',#144,#797);
#797 = DEFINITIONAL_REPRESENTATION('',(#798),#806);
#798 = ( BOUNDED_CURVE() B_SPLINE_CURVE(2,(#799,#800,#801,#802,#803,#804
,#805),.UNSPECIFIED.,.T.,.F.) B_SPLINE_CURVE_WITH_KNOTS((1,2,2,2,2,1),(
    -2.094395102393,0.,2.094395102393,4.188790204786,6.28318530718,
8.377580409573),.UNSPECIFIED.) CURVE() GEOMETRIC_REPRESENTATION_ITEM() 
RATIONAL_B_SPLINE_CURVE((1.,0.5,1.,0.5,1.,0.5,1.)) REPRESENTATION_ITEM(
  '') );
#799 = CARTESIAN_POINT('',(-22.294,-2.032));
#800 = CARTESIAN_POINT('',(-22.294,-1.252577136594));
#801 = CARTESIAN_POINT('',(-21.619,-1.642288568297));
#802 = CARTESIAN_POINT('',(-20.944,-2.032));
#803 = CARTESIAN_POINT('',(-21.619,-2.421711431703));
#804 = CARTESIAN_POINT('',(-22.294,-2.811422863406));
#805 = CARTESIAN_POINT('',(-22.294,-2.032));
#806 = ( GEOMETRIC_REPRESENTATION_CONTEXT(2) 
PARAMETRIC_REPRESENTATION_CONTEXT() REPRESENTATION_CONTEXT('2D SPACE',''
  ) );
#807 = PCURVE('',#808,#813);
#808 = CYLINDRICAL_SURFACE('',#809,0.45);
#809 = AXIS2_PLACEMENT_3D('',#810,#811,#812);
#810 = CARTESIAN_POINT('',(47.244,13.208,-1.E-02));
#811 = DIRECTION('',(0.,0.,1.));
#812 = DIRECTION('',(1.,0.,-0.));
#813 = DEFINITIONAL_REPRESENTATION('',(#814),#818);
#814 = LINE('',#815,#816);
#815 = CARTESIAN_POINT('',(0.,1.E-02));
#816 = VECTOR('',#817,1.);
#817 = DIRECTION('',(1.,0.));
#818 = ( GEOMETRIC_REPRESENTATION_CONTEXT(2) 
PARAMETRIC_REPRESENTATION_CONTEXT() REPRESENTATION_CONTEXT('2D SPACE',''
  ) );
#819 = FACE_BOUND('',#820,.T.);
#820 = EDGE_LOOP('',(#821));
#821 = ORIENTED_EDGE('',*,*,#822,.T.);
#822 = EDGE_CURVE('',#823,#823,#825,.T.);
#823 = VERTEX_POINT('',#824);
#824 = CARTESIAN_POINT('',(45.154,13.208,0.));
#825 = SURFACE_CURVE('',#826,(#831,#842),.PCURVE_S1.);
#826 = CIRCLE('',#827,0.45);
#827 = AXIS2_PLACEMENT_3D('',#828,#829,#830);
#828 = CARTESIAN_POINT('',(44.704,13.208,0.));
#829 = DIRECTION('',(0.,0.,1.));
#830 = DIRECTION('',(1.,0.,-0.));
#831 = PCURVE('',#144,#832);
#832 = DEFINITIONAL_REPRESENTATION('',(#833),#841);
#833 = ( BOUNDED_CURVE() B_SPLINE_CURVE(2,(#834,#835,#836,#837,#838,#839
,#840),.UNSPECIFIED.,.T.,.F.) B_SPLINE_CURVE_WITH_KNOTS((1,2,2,2,2,1),(
    -2.094395102393,0.,2.094395102393,4.188790204786,6.28318530718,
8.377580409573),.UNSPECIFIED.) CURVE() GEOMETRIC_REPRESENTATION_ITEM() 
RATIONAL_B_SPLINE_CURVE((1.,0.5,1.,0.5,1.,0.5,1.)) REPRESENTATION_ITEM(
  '') );
#834 = CARTESIAN_POINT('',(-19.754,-2.032));
#835 = CARTESIAN_POINT('',(-19.754,-1.252577136594));
#836 = CARTESIAN_POINT('',(-19.079,-1.642288568297));
#837 = CARTESIAN_POINT('',(-18.404,-2.032));
#838 = CARTESIAN_POINT('',(-19.079,-2.421711431703));
#839 = CARTESIAN_POINT('',(-19.754,-2.811422863406));
#840 = CARTESIAN_POINT('',(-19.754,-2.032));
#841 = ( GEOMETRIC_REPRESENTATION_CONTEXT(2) 
PARAMETRIC_REPRESENTATION_CONTEXT() REPRESENTATION_CONTEXT('2D SPACE',''
  ) );
#842 = PCURVE('',#843,#848);
#843 = CYLINDRICAL_SURFACE('',#844,0.45);
#844 = AXIS2_PLACEMENT_3D('',#845,#846,#847);
#845 = CARTESIAN_POINT('',(44.704,13.208,-1.E-02));
#846 = DIRECTION('',(0.,0.,1.));
#847 = DIRECTION('',(1.,0.,-0.));
#848 = DEFINITIONAL_REPRESENTATION('',(#849),#853);
#849 = LINE('',#850,#851);
#850 = CARTESIAN_POINT('',(0.,1.E-02));
#851 = VECTOR('',#852,1.);
#852 = DIRECTION('',(1.,0.));
#853 = ( GEOMETRIC_REPRESENTATION_CONTEXT(2) 
PARAMETRIC_REPRESENTATION_CONTEXT() REPRESENTATION_CONTEXT('2D SPACE',''
  ) );
#854 = FACE_BOUND('',#855,.T.);
#855 = EDGE_LOOP('',(#856));
#856 = ORIENTED_EDGE('',*,*,#857,.T.);
#857 = EDGE_CURVE('',#858,#858,#860,.T.);
#858 = VERTEX_POINT('',#859);
#859 = CARTESIAN_POINT('',(6.58,5.08,0.));
#860 = SURFACE_CURVE('',#861,(#866,#877),.PCURVE_S1.);
#861 = CIRCLE('',#862,1.5);
#862 = AXIS2_PLACEMENT_3D('',#863,#864,#865);
#863 = CARTESIAN_POINT('',(5.08,5.08,0.));
#864 = DIRECTION('',(0.,0.,1.));
#865 = DIRECTION('',(1.,0.,-0.));
#866 = PCURVE('',#144,#867);
#867 = DEFINITIONAL_REPRESENTATION('',(#868),#876);
#868 = ( BOUNDED_CURVE() B_SPLINE_CURVE(2,(#869,#870,#871,#872,#873,#874
,#875),.UNSPECIFIED.,.T.,.F.) B_SPLINE_CURVE_WITH_KNOTS((1,2,2,2,2,1),(
    -2.094395102393,0.,2.094395102393,4.188790204786,6.28318530718,
8.377580409573),.UNSPECIFIED.) CURVE() GEOMETRIC_REPRESENTATION_ITEM() 
RATIONAL_B_SPLINE_CURVE((1.,0.5,1.,0.5,1.,0.5,1.)) REPRESENTATION_ITEM(
  '') );
#869 = CARTESIAN_POINT('',(18.82,-10.16));
#870 = CARTESIAN_POINT('',(18.82,-7.561923788647));
#871 = CARTESIAN_POINT('',(21.07,-8.860961894323));
#872 = CARTESIAN_POINT('',(23.32,-10.16));
#873 = CARTESIAN_POINT('',(21.07,-11.45903810567));
#874 = CARTESIAN_POINT('',(18.82,-12.75807621135));
#875 = CARTESIAN_POINT('',(18.82,-10.16));
#876 = ( GEOMETRIC_REPRESENTATION_CONTEXT(2) 
PARAMETRIC_REPRESENTATION_CONTEXT() REPRESENTATION_CONTEXT('2D SPACE',''
  ) );
#877 = PCURVE('',#878,#883);
#878 = CYLINDRICAL_SURFACE('',#879,1.5);
#879 = AXIS2_PLACEMENT_3D('',#880,#881,#882);
#880 = CARTESIAN_POINT('',(5.08,5.08,-1.E-02));
#881 = DIRECTION('',(0.,0.,1.));
#882 = DIRECTION('',(1.,0.,-0.));
#883 = DEFINITIONAL_REPRESENTATION('',(#884),#888);
#884 = LINE('',#885,#886);
#885 = CARTESIAN_POINT('',(0.,1.E-02));
#886 = VECTOR('',#887,1.);
#887 = DIRECTION('',(1.,0.));
#888 = ( GEOMETRIC_REPRESENTATION_CONTEXT(2) 
PARAMETRIC_REPRESENTATION_CONTEXT() REPRESENTATION_CONTEXT('2D SPACE',''
  ) );
#889 = FACE_BOUND('',#890,.T.);
#890 = EDGE_LOOP('',(#891));
#891 = ORIENTED_EDGE('',*,*,#892,.T.);
#892 = EDGE_CURVE('',#893,#893,#895,.T.);
#893 = VERTEX_POINT('',#894);
#894 = CARTESIAN_POINT('',(13.99328,7.1374,0.));
#895 = SURFACE_CURVE('',#896,(#901,#912),.PCURVE_S1.);
#896 = CIRCLE('',#897,0.45);
#897 = AXIS2_PLACEMENT_3D('',#898,#899,#900);
#898 = CARTESIAN_POINT('',(13.54328,7.1374,0.));
#899 = DIRECTION('',(0.,0.,1.));
#900 = DIRECTION('',(1.,0.,-0.));
#901 = PCURVE('',#144,#902);
#902 = DEFINITIONAL_REPRESENTATION('',(#903),#911);
#903 = ( BOUNDED_CURVE() B_SPLINE_CURVE(2,(#904,#905,#906,#907,#908,#909
,#910),.UNSPECIFIED.,.T.,.F.) B_SPLINE_CURVE_WITH_KNOTS((1,2,2,2,2,1),(
    -2.094395102393,0.,2.094395102393,4.188790204786,6.28318530718,
8.377580409573),.UNSPECIFIED.) CURVE() GEOMETRIC_REPRESENTATION_ITEM() 
RATIONAL_B_SPLINE_CURVE((1.,0.5,1.,0.5,1.,0.5,1.)) REPRESENTATION_ITEM(
  '') );
#904 = CARTESIAN_POINT('',(11.40672,-8.1026));
#905 = CARTESIAN_POINT('',(11.40672,-7.323177136594));
#906 = CARTESIAN_POINT('',(12.08172,-7.712888568297));
#907 = CARTESIAN_POINT('',(12.75672,-8.1026));
#908 = CARTESIAN_POINT('',(12.08172,-8.492311431703));
#909 = CARTESIAN_POINT('',(11.40672,-8.882022863406));
#910 = CARTESIAN_POINT('',(11.40672,-8.1026));
#911 = ( GEOMETRIC_REPRESENTATION_CONTEXT(2) 
PARAMETRIC_REPRESENTATION_CONTEXT() REPRESENTATION_CONTEXT('2D SPACE',''
  ) );
#912 = PCURVE('',#913,#918);
#913 = CYLINDRICAL_SURFACE('',#914,0.45);
#914 = AXIS2_PLACEMENT_3D('',#915,#916,#917);
#915 = CARTESIAN_POINT('',(13.54328,7.1374,-1.E-02));
#916 = DIRECTION('',(0.,0.,1.));
#917 = DIRECTION('',(1.,0.,-0.));
#918 = DEFINITIONAL_REPRESENTATION('',(#919),#923);
#919 = LINE('',#920,#921);
#920 = CARTESIAN_POINT('',(0.,1.E-02));
#921 = VECTOR('',#922,1.);
#922 = DIRECTION('',(1.,0.));
#923 = ( GEOMETRIC_REPRESENTATION_CONTEXT(2) 
PARAMETRIC_REPRESENTATION_CONTEXT() REPRESENTATION_CONTEXT('2D SPACE',''
  ) );
#924 = FACE_BOUND('',#925,.T.);
#925 = EDGE_LOOP('',(#926));
#926 = ORIENTED_EDGE('',*,*,#927,.T.);
#927 = EDGE_CURVE('',#928,#928,#930,.T.);
#928 = VERTEX_POINT('',#929);
#929 = CARTESIAN_POINT('',(13.99328,12.2174,0.));
#930 = SURFACE_CURVE('',#931,(#936,#947),.PCURVE_S1.);
#931 = CIRCLE('',#932,0.45);
#932 = AXIS2_PLACEMENT_3D('',#933,#934,#935);
#933 = CARTESIAN_POINT('',(13.54328,12.2174,0.));
#934 = DIRECTION('',(0.,0.,1.));
#935 = DIRECTION('',(1.,0.,-0.));
#936 = PCURVE('',#144,#937);
#937 = DEFINITIONAL_REPRESENTATION('',(#938),#946);
#938 = ( BOUNDED_CURVE() B_SPLINE_CURVE(2,(#939,#940,#941,#942,#943,#944
,#945),.UNSPECIFIED.,.T.,.F.) B_SPLINE_CURVE_WITH_KNOTS((1,2,2,2,2,1),(
    -2.094395102393,0.,2.094395102393,4.188790204786,6.28318530718,
8.377580409573),.UNSPECIFIED.) CURVE() GEOMETRIC_REPRESENTATION_ITEM() 
RATIONAL_B_SPLINE_CURVE((1.,0.5,1.,0.5,1.,0.5,1.)) REPRESENTATION_ITEM(
  '') );
#939 = CARTESIAN_POINT('',(11.40672,-3.0226));
#940 = CARTESIAN_POINT('',(11.40672,-2.243177136594));
#941 = CARTESIAN_POINT('',(12.08172,-2.632888568297));
#942 = CARTESIAN_POINT('',(12.75672,-3.0226));
#943 = CARTESIAN_POINT('',(12.08172,-3.412311431703));
#944 = CARTESIAN_POINT('',(11.40672,-3.802022863406));
#945 = CARTESIAN_POINT('',(11.40672,-3.0226));
#946 = ( GEOMETRIC_REPRESENTATION_CONTEXT(2) 
PARAMETRIC_REPRESENTATION_CONTEXT() REPRESENTATION_CONTEXT('2D SPACE',''
  ) );
#947 = PCURVE('',#948,#953);
#948 = CYLINDRICAL_SURFACE('',#949,0.45);
#949 = AXIS2_PLACEMENT_3D('',#950,#951,#952);
#950 = CARTESIAN_POINT('',(13.54328,12.2174,-1.E-02));
#951 = DIRECTION('',(0.,0.,1.));
#952 = DIRECTION('',(1.,0.,-0.));
#953 = DEFINITIONAL_REPRESENTATION('',(#954),#958);
#954 = LINE('',#955,#956);
#955 = CARTESIAN_POINT('',(0.,1.E-02));
#956 = VECTOR('',#957,1.);
#957 = DIRECTION('',(1.,0.));
#958 = ( GEOMETRIC_REPRESENTATION_CONTEXT(2) 
PARAMETRIC_REPRESENTATION_CONTEXT() REPRESENTATION_CONTEXT('2D SPACE',''
  ) );
#959 = FACE_BOUND('',#960,.T.);
#960 = EDGE_LOOP('',(#961));
#961 = ORIENTED_EDGE('',*,*,#962,.T.);
#962 = EDGE_CURVE('',#963,#963,#965,.T.);
#963 = VERTEX_POINT('',#964);
#964 = CARTESIAN_POINT('',(6.8,13.208,0.));
#965 = SURFACE_CURVE('',#966,(#971,#982),.PCURVE_S1.);
#966 = CIRCLE('',#967,0.45);
#967 = AXIS2_PLACEMENT_3D('',#968,#969,#970);
#968 = CARTESIAN_POINT('',(6.35,13.208,0.));
#969 = DIRECTION('',(0.,0.,1.));
#970 = DIRECTION('',(1.,0.,-0.));
#971 = PCURVE('',#144,#972);
#972 = DEFINITIONAL_REPRESENTATION('',(#973),#981);
#973 = ( BOUNDED_CURVE() B_SPLINE_CURVE(2,(#974,#975,#976,#977,#978,#979
,#980),.UNSPECIFIED.,.T.,.F.) B_SPLINE_CURVE_WITH_KNOTS((1,2,2,2,2,1),(
    -2.094395102393,0.,2.094395102393,4.188790204786,6.28318530718,
8.377580409573),.UNSPECIFIED.) CURVE() GEOMETRIC_REPRESENTATION_ITEM() 
RATIONAL_B_SPLINE_CURVE((1.,0.5,1.,0.5,1.,0.5,1.)) REPRESENTATION_ITEM(
  '') );
#974 = CARTESIAN_POINT('',(18.6,-2.032));
#975 = CARTESIAN_POINT('',(18.6,-1.252577136594));
#976 = CARTESIAN_POINT('',(19.275,-1.642288568297));
#977 = CARTESIAN_POINT('',(19.95,-2.032));
#978 = CARTESIAN_POINT('',(19.275,-2.421711431703));
#979 = CARTESIAN_POINT('',(18.6,-2.811422863406));
#980 = CARTESIAN_POINT('',(18.6,-2.032));
#981 = ( GEOMETRIC_REPRESENTATION_CONTEXT(2) 
PARAMETRIC_REPRESENTATION_CONTEXT() REPRESENTATION_CONTEXT('2D SPACE',''
  ) );
#982 = PCURVE('',#983,#988);
#983 = CYLINDRICAL_SURFACE('',#984,0.45);
#984 = AXIS2_PLACEMENT_3D('',#985,#986,#987);
#985 = CARTESIAN_POINT('',(6.35,13.208,-1.E-02));
#986 = DIRECTION('',(0.,0.,1.));
#987 = DIRECTION('',(1.,0.,-0.));
#988 = DEFINITIONAL_REPRESENTATION('',(#989),#993);
#989 = LINE('',#990,#991);
#990 = CARTESIAN_POINT('',(0.,1.E-02));
#991 = VECTOR('',#992,1.);
#992 = DIRECTION('',(1.,0.));
#993 = ( GEOMETRIC_REPRESENTATION_CONTEXT(2) 
PARAMETRIC_REPRESENTATION_CONTEXT() REPRESENTATION_CONTEXT('2D SPACE',''
  ) );
#994 = FACE_BOUND('',#995,.T.);
#995 = EDGE_LOOP('',(#996));
#996 = ORIENTED_EDGE('',*,*,#997,.T.);
#997 = EDGE_CURVE('',#998,#998,#1000,.T.);
#998 = VERTEX_POINT('',#999);
#999 = CARTESIAN_POINT('',(4.26,13.208,0.));
#1000 = SURFACE_CURVE('',#1001,(#1006,#1017),.PCURVE_S1.);
#1001 = CIRCLE('',#1002,0.45);
#1002 = AXIS2_PLACEMENT_3D('',#1003,#1004,#1005);
#1003 = CARTESIAN_POINT('',(3.81,13.208,0.));
#1004 = DIRECTION('',(0.,0.,1.));
#1005 = DIRECTION('',(1.,0.,-0.));
#1006 = PCURVE('',#144,#1007);
#1007 = DEFINITIONAL_REPRESENTATION('',(#1008),#1016);
#1008 = ( BOUNDED_CURVE() B_SPLINE_CURVE(2,(#1009,#1010,#1011,#1012,
#1013,#1014,#1015),.UNSPECIFIED.,.T.,.F.) B_SPLINE_CURVE_WITH_KNOTS((1,2
    ,2,2,2,1),(-2.094395102393,0.,2.094395102393,4.188790204786,
6.28318530718,8.377580409573),.UNSPECIFIED.) CURVE() 
GEOMETRIC_REPRESENTATION_ITEM() RATIONAL_B_SPLINE_CURVE((1.,0.5,1.,0.5,
1.,0.5,1.)) REPRESENTATION_ITEM('') );
#1009 = CARTESIAN_POINT('',(21.14,-2.032));
#1010 = CARTESIAN_POINT('',(21.14,-1.252577136594));
#1011 = CARTESIAN_POINT('',(21.815,-1.642288568297));
#1012 = CARTESIAN_POINT('',(22.49,-2.032));
#1013 = CARTESIAN_POINT('',(21.815,-2.421711431703));
#1014 = CARTESIAN_POINT('',(21.14,-2.811422863406));
#1015 = CARTESIAN_POINT('',(21.14,-2.032));
#1016 = ( GEOMETRIC_REPRESENTATION_CONTEXT(2) 
PARAMETRIC_REPRESENTATION_CONTEXT() REPRESENTATION_CONTEXT('2D SPACE',''
  ) );
#1017 = PCURVE('',#1018,#1023);
#1018 = CYLINDRICAL_SURFACE('',#1019,0.45);
#1019 = AXIS2_PLACEMENT_3D('',#1020,#1021,#1022);
#1020 = CARTESIAN_POINT('',(3.81,13.208,-1.E-02));
#1021 = DIRECTION('',(0.,0.,1.));
#1022 = DIRECTION('',(1.,0.,-0.));
#1023 = DEFINITIONAL_REPRESENTATION('',(#1024),#1028);
#1024 = LINE('',#1025,#1026);
#1025 = CARTESIAN_POINT('',(0.,1.E-02));
#1026 = VECTOR('',#1027,1.);
#1027 = DIRECTION('',(1.,0.));
#1028 = ( GEOMETRIC_REPRESENTATION_CONTEXT(2) 
PARAMETRIC_REPRESENTATION_CONTEXT() REPRESENTATION_CONTEXT('2D SPACE',''
  ) );
#1029 = FACE_BOUND('',#1030,.T.);
#1030 = EDGE_LOOP('',(#1031));
#1031 = ORIENTED_EDGE('',*,*,#1032,.T.);
#1032 = EDGE_CURVE('',#1033,#1033,#1035,.T.);
#1033 = VERTEX_POINT('',#1034);
#1034 = CARTESIAN_POINT('',(47.694,15.748,0.));
#1035 = SURFACE_CURVE('',#1036,(#1041,#1052),.PCURVE_S1.);
#1036 = CIRCLE('',#1037,0.45);
#1037 = AXIS2_PLACEMENT_3D('',#1038,#1039,#1040);
#1038 = CARTESIAN_POINT('',(47.244,15.748,0.));
#1039 = DIRECTION('',(0.,0.,1.));
#1040 = DIRECTION('',(1.,0.,-0.));
#1041 = PCURVE('',#144,#1042);
#1042 = DEFINITIONAL_REPRESENTATION('',(#1043),#1051);
#1043 = ( BOUNDED_CURVE() B_SPLINE_CURVE(2,(#1044,#1045,#1046,#1047,
#1048,#1049,#1050),.UNSPECIFIED.,.T.,.F.) B_SPLINE_CURVE_WITH_KNOTS((1,2
    ,2,2,2,1),(-2.094395102393,0.,2.094395102393,4.188790204786,
6.28318530718,8.377580409573),.UNSPECIFIED.) CURVE() 
GEOMETRIC_REPRESENTATION_ITEM() RATIONAL_B_SPLINE_CURVE((1.,0.5,1.,0.5,
1.,0.5,1.)) REPRESENTATION_ITEM('') );
#1044 = CARTESIAN_POINT('',(-22.294,0.508));
#1045 = CARTESIAN_POINT('',(-22.294,1.287422863406));
#1046 = CARTESIAN_POINT('',(-21.619,0.897711431703));
#1047 = CARTESIAN_POINT('',(-20.944,0.508));
#1048 = CARTESIAN_POINT('',(-21.619,0.118288568297));
#1049 = CARTESIAN_POINT('',(-22.294,-0.271422863406));
#1050 = CARTESIAN_POINT('',(-22.294,0.508));
#1051 = ( GEOMETRIC_REPRESENTATION_CONTEXT(2) 
PARAMETRIC_REPRESENTATION_CONTEXT() REPRESENTATION_CONTEXT('2D SPACE',''
  ) );
#1052 = PCURVE('',#1053,#1058);
#1053 = CYLINDRICAL_SURFACE('',#1054,0.45);
#1054 = AXIS2_PLACEMENT_3D('',#1055,#1056,#1057);
#1055 = CARTESIAN_POINT('',(47.244,15.748,-1.E-02));
#1056 = DIRECTION('',(0.,0.,1.));
#1057 = DIRECTION('',(1.,0.,-0.));
#1058 = DEFINITIONAL_REPRESENTATION('',(#1059),#1063);
#1059 = LINE('',#1060,#1061);
#1060 = CARTESIAN_POINT('',(0.,1.E-02));
#1061 = VECTOR('',#1062,1.);
#1062 = DIRECTION('',(1.,0.));
#1063 = ( GEOMETRIC_REPRESENTATION_CONTEXT(2) 
PARAMETRIC_REPRESENTATION_CONTEXT() REPRESENTATION_CONTEXT('2D SPACE',''
  ) );
#1064 = FACE_BOUND('',#1065,.T.);
#1065 = EDGE_LOOP('',(#1066));
#1066 = ORIENTED_EDGE('',*,*,#1067,.T.);
#1067 = EDGE_CURVE('',#1068,#1068,#1070,.T.);
#1068 = VERTEX_POINT('',#1069);
#1069 = CARTESIAN_POINT('',(45.154,15.748,0.));
#1070 = SURFACE_CURVE('',#1071,(#1076,#1087),.PCURVE_S1.);
#1071 = CIRCLE('',#1072,0.45);
#1072 = AXIS2_PLACEMENT_3D('',#1073,#1074,#1075);
#1073 = CARTESIAN_POINT('',(44.704,15.748,0.));
#1074 = DIRECTION('',(0.,0.,1.));
#1075 = DIRECTION('',(1.,0.,-0.));
#1076 = PCURVE('',#144,#1077);
#1077 = DEFINITIONAL_REPRESENTATION('',(#1078),#1086);
#1078 = ( BOUNDED_CURVE() B_SPLINE_CURVE(2,(#1079,#1080,#1081,#1082,
#1083,#1084,#1085),.UNSPECIFIED.,.T.,.F.) B_SPLINE_CURVE_WITH_KNOTS((1,2
    ,2,2,2,1),(-2.094395102393,0.,2.094395102393,4.188790204786,
6.28318530718,8.377580409573),.UNSPECIFIED.) CURVE() 
GEOMETRIC_REPRESENTATION_ITEM() RATIONAL_B_SPLINE_CURVE((1.,0.5,1.,0.5,
1.,0.5,1.)) REPRESENTATION_ITEM('') );
#1079 = CARTESIAN_POINT('',(-19.754,0.508));
#1080 = CARTESIAN_POINT('',(-19.754,1.287422863406));
#1081 = CARTESIAN_POINT('',(-19.079,0.897711431703));
#1082 = CARTESIAN_POINT('',(-18.404,0.508));
#1083 = CARTESIAN_POINT('',(-19.079,0.118288568297));
#1084 = CARTESIAN_POINT('',(-19.754,-0.271422863406));
#1085 = CARTESIAN_POINT('',(-19.754,0.508));
#1086 = ( GEOMETRIC_REPRESENTATION_CONTEXT(2) 
PARAMETRIC_REPRESENTATION_CONTEXT() REPRESENTATION_CONTEXT('2D SPACE',''
  ) );
#1087 = PCURVE('',#1088,#1093);
#1088 = CYLINDRICAL_SURFACE('',#1089,0.45);
#1089 = AXIS2_PLACEMENT_3D('',#1090,#1091,#1092);
#1090 = CARTESIAN_POINT('',(44.704,15.748,-1.E-02));
#1091 = DIRECTION('',(0.,0.,1.));
#1092 = DIRECTION('',(1.,0.,-0.));
#1093 = DEFINITIONAL_REPRESENTATION('',(#1094),#1098);
#1094 = LINE('',#1095,#1096);
#1095 = CARTESIAN_POINT('',(0.,1.E-02));
#1096 = VECTOR('',#1097,1.);
#1097 = DIRECTION('',(1.,0.));
#1098 = ( GEOMETRIC_REPRESENTATION_CONTEXT(2) 
PARAMETRIC_REPRESENTATION_CONTEXT() REPRESENTATION_CONTEXT('2D SPACE',''
  ) );
#1099 = FACE_BOUND('',#1100,.T.);
#1100 = EDGE_LOOP('',(#1101));
#1101 = ORIENTED_EDGE('',*,*,#1102,.T.);
#1102 = EDGE_CURVE('',#1103,#1103,#1105,.T.);
#1103 = VERTEX_POINT('',#1104);
#1104 = CARTESIAN_POINT('',(47.22,25.4,0.));
#1105 = SURFACE_CURVE('',#1106,(#1111,#1122),.PCURVE_S1.);
#1106 = CIRCLE('',#1107,1.5);
#1107 = AXIS2_PLACEMENT_3D('',#1108,#1109,#1110);
#1108 = CARTESIAN_POINT('',(45.72,25.4,0.));
#1109 = DIRECTION('',(0.,0.,1.));
#1110 = DIRECTION('',(1.,0.,-0.));
#1111 = PCURVE('',#144,#1112);
#1112 = DEFINITIONAL_REPRESENTATION('',(#1113),#1121);
#1113 = ( BOUNDED_CURVE() B_SPLINE_CURVE(2,(#1114,#1115,#1116,#1117,
#1118,#1119,#1120),.UNSPECIFIED.,.T.,.F.) B_SPLINE_CURVE_WITH_KNOTS((1,2
    ,2,2,2,1),(-2.094395102393,0.,2.094395102393,4.188790204786,
6.28318530718,8.377580409573),.UNSPECIFIED.) CURVE() 
GEOMETRIC_REPRESENTATION_ITEM() RATIONAL_B_SPLINE_CURVE((1.,0.5,1.,0.5,
1.,0.5,1.)) REPRESENTATION_ITEM('') );
#1114 = CARTESIAN_POINT('',(-21.82,10.16));
#1115 = CARTESIAN_POINT('',(-21.82,12.758076211353));
#1116 = CARTESIAN_POINT('',(-19.57,11.459038105677));
#1117 = CARTESIAN_POINT('',(-17.32,10.16));
#1118 = CARTESIAN_POINT('',(-19.57,8.860961894323));
#1119 = CARTESIAN_POINT('',(-21.82,7.561923788647));
#1120 = CARTESIAN_POINT('',(-21.82,10.16));
#1121 = ( GEOMETRIC_REPRESENTATION_CONTEXT(2) 
PARAMETRIC_REPRESENTATION_CONTEXT() REPRESENTATION_CONTEXT('2D SPACE',''
  ) );
#1122 = PCURVE('',#1123,#1128);
#1123 = CYLINDRICAL_SURFACE('',#1124,1.5);
#1124 = AXIS2_PLACEMENT_3D('',#1125,#1126,#1127);
#1125 = CARTESIAN_POINT('',(45.72,25.4,-1.E-02));
#1126 = DIRECTION('',(0.,0.,1.));
#1127 = DIRECTION('',(1.,0.,-0.));
#1128 = DEFINITIONAL_REPRESENTATION('',(#1129),#1133);
#1129 = LINE('',#1130,#1131);
#1130 = CARTESIAN_POINT('',(0.,1.E-02));
#1131 = VECTOR('',#1132,1.);
#1132 = DIRECTION('',(1.,0.));
#1133 = ( GEOMETRIC_REPRESENTATION_CONTEXT(2) 
PARAMETRIC_REPRESENTATION_CONTEXT() REPRESENTATION_CONTEXT('2D SPACE',''
  ) );
#1134 = FACE_BOUND('',#1135,.T.);
#1135 = EDGE_LOOP('',(#1136));
#1136 = ORIENTED_EDGE('',*,*,#1137,.T.);
#1137 = EDGE_CURVE('',#1138,#1138,#1140,.T.);
#1138 = VERTEX_POINT('',#1139);
#1139 = CARTESIAN_POINT('',(6.8,15.748,0.));
#1140 = SURFACE_CURVE('',#1141,(#1146,#1157),.PCURVE_S1.);
#1141 = CIRCLE('',#1142,0.45);
#1142 = AXIS2_PLACEMENT_3D('',#1143,#1144,#1145);
#1143 = CARTESIAN_POINT('',(6.35,15.748,0.));
#1144 = DIRECTION('',(0.,0.,1.));
#1145 = DIRECTION('',(1.,0.,-0.));
#1146 = PCURVE('',#144,#1147);
#1147 = DEFINITIONAL_REPRESENTATION('',(#1148),#1156);
#1148 = ( BOUNDED_CURVE() B_SPLINE_CURVE(2,(#1149,#1150,#1151,#1152,
#1153,#1154,#1155),.UNSPECIFIED.,.T.,.F.) B_SPLINE_CURVE_WITH_KNOTS((1,2
    ,2,2,2,1),(-2.094395102393,0.,2.094395102393,4.188790204786,
6.28318530718,8.377580409573),.UNSPECIFIED.) CURVE() 
GEOMETRIC_REPRESENTATION_ITEM() RATIONAL_B_SPLINE_CURVE((1.,0.5,1.,0.5,
1.,0.5,1.)) REPRESENTATION_ITEM('') );
#1149 = CARTESIAN_POINT('',(18.6,0.508));
#1150 = CARTESIAN_POINT('',(18.6,1.287422863406));
#1151 = CARTESIAN_POINT('',(19.275,0.897711431703));
#1152 = CARTESIAN_POINT('',(19.95,0.508));
#1153 = CARTESIAN_POINT('',(19.275,0.118288568297));
#1154 = CARTESIAN_POINT('',(18.6,-0.271422863406));
#1155 = CARTESIAN_POINT('',(18.6,0.508));
#1156 = ( GEOMETRIC_REPRESENTATION_CONTEXT(2) 
PARAMETRIC_REPRESENTATION_CONTEXT() REPRESENTATION_CONTEXT('2D SPACE',''
  ) );
#1157 = PCURVE('',#1158,#1163);
#1158 = CYLINDRICAL_SURFACE('',#1159,0.45);
#1159 = AXIS2_PLACEMENT_3D('',#1160,#1161,#1162);
#1160 = CARTESIAN_POINT('',(6.35,15.748,-1.E-02));
#1161 = DIRECTION('',(0.,0.,1.));
#1162 = DIRECTION('',(1.,0.,-0.));
#1163 = DEFINITIONAL_REPRESENTATION('',(#1164),#1168);
#1164 = LINE('',#1165,#1166);
#1165 = CARTESIAN_POINT('',(0.,1.E-02));
#1166 = VECTOR('',#1167,1.);
#1167 = DIRECTION('',(1.,0.));
#1168 = ( GEOMETRIC_REPRESENTATION_CONTEXT(2) 
PARAMETRIC_REPRESENTATION_CONTEXT() REPRESENTATION_CONTEXT('2D SPACE',''
  ) );
#1169 = FACE_BOUND('',#1170,.T.);
#1170 = EDGE_LOOP('',(#1171));
#1171 = ORIENTED_EDGE('',*,*,#1172,.T.);
#1172 = EDGE_CURVE('',#1173,#1173,#1175,.T.);
#1173 = VERTEX_POINT('',#1174);
#1174 = CARTESIAN_POINT('',(4.26,15.748,0.));
#1175 = SURFACE_CURVE('',#1176,(#1181,#1192),.PCURVE_S1.);
#1176 = CIRCLE('',#1177,0.45);
#1177 = AXIS2_PLACEMENT_3D('',#1178,#1179,#1180);
#1178 = CARTESIAN_POINT('',(3.81,15.748,0.));
#1179 = DIRECTION('',(0.,0.,1.));
#1180 = DIRECTION('',(1.,0.,-0.));
#1181 = PCURVE('',#144,#1182);
#1182 = DEFINITIONAL_REPRESENTATION('',(#1183),#1191);
#1183 = ( BOUNDED_CURVE() B_SPLINE_CURVE(2,(#1184,#1185,#1186,#1187,
#1188,#1189,#1190),.UNSPECIFIED.,.T.,.F.) B_SPLINE_CURVE_WITH_KNOTS((1,2
    ,2,2,2,1),(-2.094395102393,0.,2.094395102393,4.188790204786,
6.28318530718,8.377580409573),.UNSPECIFIED.) CURVE() 
GEOMETRIC_REPRESENTATION_ITEM() RATIONAL_B_SPLINE_CURVE((1.,0.5,1.,0.5,
1.,0.5,1.)) REPRESENTATION_ITEM('') );
#1184 = CARTESIAN_POINT('',(21.14,0.508));
#1185 = CARTESIAN_POINT('',(21.14,1.287422863406));
#1186 = CARTESIAN_POINT('',(21.815,0.897711431703));
#1187 = CARTESIAN_POINT('',(22.49,0.508));
#1188 = CARTESIAN_POINT('',(21.815,0.118288568297));
#1189 = CARTESIAN_POINT('',(21.14,-0.271422863406));
#1190 = CARTESIAN_POINT('',(21.14,0.508));
#1191 = ( GEOMETRIC_REPRESENTATION_CONTEXT(2) 
PARAMETRIC_REPRESENTATION_CONTEXT() REPRESENTATION_CONTEXT('2D SPACE',''
  ) );
#1192 = PCURVE('',#1193,#1198);
#1193 = CYLINDRICAL_SURFACE('',#1194,0.45);
#1194 = AXIS2_PLACEMENT_3D('',#1195,#1196,#1197);
#1195 = CARTESIAN_POINT('',(3.81,15.748,-1.E-02));
#1196 = DIRECTION('',(0.,0.,1.));
#1197 = DIRECTION('',(1.,0.,-0.));
#1198 = DEFINITIONAL_REPRESENTATION('',(#1199),#1203);
#1199 = LINE('',#1200,#1201);
#1200 = CARTESIAN_POINT('',(0.,1.E-02));
#1201 = VECTOR('',#1202,1.);
#1202 = DIRECTION('',(1.,0.));
#1203 = ( GEOMETRIC_REPRESENTATION_CONTEXT(2) 
PARAMETRIC_REPRESENTATION_CONTEXT() REPRESENTATION_CONTEXT('2D SPACE',''
  ) );
#1204 = FACE_BOUND('',#1205,.T.);
#1205 = EDGE_LOOP('',(#1206));
#1206 = ORIENTED_EDGE('',*,*,#1207,.T.);
#1207 = EDGE_CURVE('',#1208,#1208,#1210,.T.);
#1208 = VERTEX_POINT('',#1209);
#1209 = CARTESIAN_POINT('',(6.8,18.288,0.));
#1210 = SURFACE_CURVE('',#1211,(#1216,#1227),.PCURVE_S1.);
#1211 = CIRCLE('',#1212,0.45);
#1212 = AXIS2_PLACEMENT_3D('',#1213,#1214,#1215);
#1213 = CARTESIAN_POINT('',(6.35,18.288,0.));
#1214 = DIRECTION('',(0.,0.,1.));
#1215 = DIRECTION('',(1.,0.,-0.));
#1216 = PCURVE('',#144,#1217);
#1217 = DEFINITIONAL_REPRESENTATION('',(#1218),#1226);
#1218 = ( BOUNDED_CURVE() B_SPLINE_CURVE(2,(#1219,#1220,#1221,#1222,
#1223,#1224,#1225),.UNSPECIFIED.,.T.,.F.) B_SPLINE_CURVE_WITH_KNOTS((1,2
    ,2,2,2,1),(-2.094395102393,0.,2.094395102393,4.188790204786,
6.28318530718,8.377580409573),.UNSPECIFIED.) CURVE() 
GEOMETRIC_REPRESENTATION_ITEM() RATIONAL_B_SPLINE_CURVE((1.,0.5,1.,0.5,
1.,0.5,1.)) REPRESENTATION_ITEM('') );
#1219 = CARTESIAN_POINT('',(18.6,3.048));
#1220 = CARTESIAN_POINT('',(18.6,3.827422863406));
#1221 = CARTESIAN_POINT('',(19.275,3.437711431703));
#1222 = CARTESIAN_POINT('',(19.95,3.048));
#1223 = CARTESIAN_POINT('',(19.275,2.658288568297));
#1224 = CARTESIAN_POINT('',(18.6,2.268577136594));
#1225 = CARTESIAN_POINT('',(18.6,3.048));
#1226 = ( GEOMETRIC_REPRESENTATION_CONTEXT(2) 
PARAMETRIC_REPRESENTATION_CONTEXT() REPRESENTATION_CONTEXT('2D SPACE',''
  ) );
#1227 = PCURVE('',#1228,#1233);
#1228 = CYLINDRICAL_SURFACE('',#1229,0.45);
#1229 = AXIS2_PLACEMENT_3D('',#1230,#1231,#1232);
#1230 = CARTESIAN_POINT('',(6.35,18.288,-1.E-02));
#1231 = DIRECTION('',(0.,0.,1.));
#1232 = DIRECTION('',(1.,0.,-0.));
#1233 = DEFINITIONAL_REPRESENTATION('',(#1234),#1238);
#1234 = LINE('',#1235,#1236);
#1235 = CARTESIAN_POINT('',(0.,1.E-02));
#1236 = VECTOR('',#1237,1.);
#1237 = DIRECTION('',(1.,0.));
#1238 = ( GEOMETRIC_REPRESENTATION_CONTEXT(2) 
PARAMETRIC_REPRESENTATION_CONTEXT() REPRESENTATION_CONTEXT('2D SPACE',''
  ) );
#1239 = FACE_BOUND('',#1240,.T.);
#1240 = EDGE_LOOP('',(#1241));
#1241 = ORIENTED_EDGE('',*,*,#1242,.T.);
#1242 = EDGE_CURVE('',#1243,#1243,#1245,.T.);
#1243 = VERTEX_POINT('',#1244);
#1244 = CARTESIAN_POINT('',(4.26,18.288,0.));
#1245 = SURFACE_CURVE('',#1246,(#1251,#1262),.PCURVE_S1.);
#1246 = CIRCLE('',#1247,0.45);
#1247 = AXIS2_PLACEMENT_3D('',#1248,#1249,#1250);
#1248 = CARTESIAN_POINT('',(3.81,18.288,0.));
#1249 = DIRECTION('',(0.,0.,1.));
#1250 = DIRECTION('',(1.,0.,-0.));
#1251 = PCURVE('',#144,#1252);
#1252 = DEFINITIONAL_REPRESENTATION('',(#1253),#1261);
#1253 = ( BOUNDED_CURVE() B_SPLINE_CURVE(2,(#1254,#1255,#1256,#1257,
#1258,#1259,#1260),.UNSPECIFIED.,.T.,.F.) B_SPLINE_CURVE_WITH_KNOTS((1,2
    ,2,2,2,1),(-2.094395102393,0.,2.094395102393,4.188790204786,
6.28318530718,8.377580409573),.UNSPECIFIED.) CURVE() 
GEOMETRIC_REPRESENTATION_ITEM() RATIONAL_B_SPLINE_CURVE((1.,0.5,1.,0.5,
1.,0.5,1.)) REPRESENTATION_ITEM('') );
#1254 = CARTESIAN_POINT('',(21.14,3.048));
#1255 = CARTESIAN_POINT('',(21.14,3.827422863406));
#1256 = CARTESIAN_POINT('',(21.815,3.437711431703));
#1257 = CARTESIAN_POINT('',(22.49,3.048));
#1258 = CARTESIAN_POINT('',(21.815,2.658288568297));
#1259 = CARTESIAN_POINT('',(21.14,2.268577136594));
#1260 = CARTESIAN_POINT('',(21.14,3.048));
#1261 = ( GEOMETRIC_REPRESENTATION_CONTEXT(2) 
PARAMETRIC_REPRESENTATION_CONTEXT() REPRESENTATION_CONTEXT('2D SPACE',''
  ) );
#1262 = PCURVE('',#1263,#1268);
#1263 = CYLINDRICAL_SURFACE('',#1264,0.45);
#1264 = AXIS2_PLACEMENT_3D('',#1265,#1266,#1267);
#1265 = CARTESIAN_POINT('',(3.81,18.288,-1.E-02));
#1266 = DIRECTION('',(0.,0.,1.));
#1267 = DIRECTION('',(1.,0.,-0.));
#1268 = DEFINITIONAL_REPRESENTATION('',(#1269),#1273);
#1269 = LINE('',#1270,#1271);
#1270 = CARTESIAN_POINT('',(0.,1.E-02));
#1271 = VECTOR('',#1272,1.);
#1272 = DIRECTION('',(1.,0.));
#1273 = ( GEOMETRIC_REPRESENTATION_CONTEXT(2) 
PARAMETRIC_REPRESENTATION_CONTEXT() REPRESENTATION_CONTEXT('2D SPACE',''
  ) );
#1274 = FACE_BOUND('',#1275,.T.);
#1275 = EDGE_LOOP('',(#1276));
#1276 = ORIENTED_EDGE('',*,*,#1277,.T.);
#1277 = EDGE_CURVE('',#1278,#1278,#1280,.T.);
#1278 = VERTEX_POINT('',#1279);
#1279 = CARTESIAN_POINT('',(6.58,25.4,0.));
#1280 = SURFACE_CURVE('',#1281,(#1286,#1297),.PCURVE_S1.);
#1281 = CIRCLE('',#1282,1.5);
#1282 = AXIS2_PLACEMENT_3D('',#1283,#1284,#1285);
#1283 = CARTESIAN_POINT('',(5.08,25.4,0.));
#1284 = DIRECTION('',(0.,0.,1.));
#1285 = DIRECTION('',(1.,0.,-0.));
#1286 = PCURVE('',#144,#1287);
#1287 = DEFINITIONAL_REPRESENTATION('',(#1288),#1296);
#1288 = ( BOUNDED_CURVE() B_SPLINE_CURVE(2,(#1289,#1290,#1291,#1292,
#1293,#1294,#1295),.UNSPECIFIED.,.T.,.F.) B_SPLINE_CURVE_WITH_KNOTS((1,2
    ,2,2,2,1),(-2.094395102393,0.,2.094395102393,4.188790204786,
6.28318530718,8.377580409573),.UNSPECIFIED.) CURVE() 
GEOMETRIC_REPRESENTATION_ITEM() RATIONAL_B_SPLINE_CURVE((1.,0.5,1.,0.5,
1.,0.5,1.)) REPRESENTATION_ITEM('') );
#1289 = CARTESIAN_POINT('',(18.82,10.16));
#1290 = CARTESIAN_POINT('',(18.82,12.758076211353));
#1291 = CARTESIAN_POINT('',(21.07,11.459038105677));
#1292 = CARTESIAN_POINT('',(23.32,10.16));
#1293 = CARTESIAN_POINT('',(21.07,8.860961894323));
#1294 = CARTESIAN_POINT('',(18.82,7.561923788647));
#1295 = CARTESIAN_POINT('',(18.82,10.16));
#1296 = ( GEOMETRIC_REPRESENTATION_CONTEXT(2) 
PARAMETRIC_REPRESENTATION_CONTEXT() REPRESENTATION_CONTEXT('2D SPACE',''
  ) );
#1297 = PCURVE('',#1298,#1303);
#1298 = CYLINDRICAL_SURFACE('',#1299,1.5);
#1299 = AXIS2_PLACEMENT_3D('',#1300,#1301,#1302);
#1300 = CARTESIAN_POINT('',(5.08,25.4,-1.E-02));
#1301 = DIRECTION('',(0.,0.,1.));
#1302 = DIRECTION('',(1.,0.,-0.));
#1303 = DEFINITIONAL_REPRESENTATION('',(#1304),#1308);
#1304 = LINE('',#1305,#1306);
#1305 = CARTESIAN_POINT('',(0.,1.E-02));
#1306 = VECTOR('',#1307,1.);
#1307 = DIRECTION('',(1.,0.));
#1308 = ( GEOMETRIC_REPRESENTATION_CONTEXT(2) 
PARAMETRIC_REPRESENTATION_CONTEXT() REPRESENTATION_CONTEXT('2D SPACE',''
  ) );
#1309 = ADVANCED_FACE('',(#1310,#1336,#1366,#1396,#1426,#1456,#1486,
    #1516,#1546,#1576,#1606,#1636,#1666,#1696,#1726,#1756,#1786,#1816,
    #1846,#1876,#1906,#1936,#1966,#1996,#2026,#2056,#2086,#2116,#2146),
  #90,.F.);
#1310 = FACE_BOUND('',#1311,.F.);
#1311 = EDGE_LOOP('',(#1312,#1313,#1314,#1335));
#1312 = ORIENTED_EDGE('',*,*,#74,.T.);
#1313 = ORIENTED_EDGE('',*,*,#236,.T.);
#1314 = ORIENTED_EDGE('',*,*,#1315,.T.);
#1315 = EDGE_CURVE('',#237,#162,#1316,.T.);
#1316 = SURFACE_CURVE('',#1317,(#1321,#1328),.PCURVE_S1.);
#1317 = LINE('',#1318,#1319);
#1318 = CARTESIAN_POINT('',(0.254,30.226,1.6));
#1319 = VECTOR('',#1320,1.);
#1320 = DIRECTION('',(1.,0.,0.));
#1321 = PCURVE('',#90,#1322);
#1322 = DEFINITIONAL_REPRESENTATION('',(#1323),#1327);
#1323 = LINE('',#1324,#1325);
#1324 = CARTESIAN_POINT('',(25.146,14.986));
#1325 = VECTOR('',#1326,1.);
#1326 = DIRECTION('',(-1.,0.));
#1327 = ( GEOMETRIC_REPRESENTATION_CONTEXT(2) 
PARAMETRIC_REPRESENTATION_CONTEXT() REPRESENTATION_CONTEXT('2D SPACE',''
  ) );
#1328 = PCURVE('',#177,#1329);
#1329 = DEFINITIONAL_REPRESENTATION('',(#1330),#1334);
#1330 = LINE('',#1331,#1332);
#1331 = CARTESIAN_POINT('',(0.,-1.6));
#1332 = VECTOR('',#1333,1.);
#1333 = DIRECTION('',(1.,0.));
#1334 = ( GEOMETRIC_REPRESENTATION_CONTEXT(2) 
PARAMETRIC_REPRESENTATION_CONTEXT() REPRESENTATION_CONTEXT('2D SPACE',''
  ) );
#1335 = ORIENTED_EDGE('',*,*,#189,.T.);
#1336 = FACE_BOUND('',#1337,.F.);
#1337 = EDGE_LOOP('',(#1338));
#1338 = ORIENTED_EDGE('',*,*,#1339,.T.);
#1339 = EDGE_CURVE('',#1340,#1340,#1342,.T.);
#1340 = VERTEX_POINT('',#1341);
#1341 = CARTESIAN_POINT('',(47.22,5.08,1.6));
#1342 = SURFACE_CURVE('',#1343,(#1348,#1359),.PCURVE_S1.);
#1343 = CIRCLE('',#1344,1.5);
#1344 = AXIS2_PLACEMENT_3D('',#1345,#1346,#1347);
#1345 = CARTESIAN_POINT('',(45.72,5.08,1.6));
#1346 = DIRECTION('',(0.,0.,1.));
#1347 = DIRECTION('',(1.,0.,-0.));
#1348 = PCURVE('',#90,#1349);
#1349 = DEFINITIONAL_REPRESENTATION('',(#1350),#1358);
#1350 = ( BOUNDED_CURVE() B_SPLINE_CURVE(2,(#1351,#1352,#1353,#1354,
#1355,#1356,#1357),.UNSPECIFIED.,.T.,.F.) B_SPLINE_CURVE_WITH_KNOTS((1,2
    ,2,2,2,1),(-2.094395102393,0.,2.094395102393,4.188790204786,
6.28318530718,8.377580409573),.UNSPECIFIED.) CURVE() 
GEOMETRIC_REPRESENTATION_ITEM() RATIONAL_B_SPLINE_CURVE((1.,0.5,1.,0.5,
1.,0.5,1.)) REPRESENTATION_ITEM('') );
#1351 = CARTESIAN_POINT('',(-21.82,-10.16));
#1352 = CARTESIAN_POINT('',(-21.82,-7.561923788647));
#1353 = CARTESIAN_POINT('',(-19.57,-8.860961894323));
#1354 = CARTESIAN_POINT('',(-17.32,-10.16));
#1355 = CARTESIAN_POINT('',(-19.57,-11.45903810567));
#1356 = CARTESIAN_POINT('',(-21.82,-12.75807621135));
#1357 = CARTESIAN_POINT('',(-21.82,-10.16));
#1358 = ( GEOMETRIC_REPRESENTATION_CONTEXT(2) 
PARAMETRIC_REPRESENTATION_CONTEXT() REPRESENTATION_CONTEXT('2D SPACE',''
  ) );
#1359 = PCURVE('',#353,#1360);
#1360 = DEFINITIONAL_REPRESENTATION('',(#1361),#1365);
#1361 = LINE('',#1362,#1363);
#1362 = CARTESIAN_POINT('',(0.,1.61));
#1363 = VECTOR('',#1364,1.);
#1364 = DIRECTION('',(1.,0.));
#1365 = ( GEOMETRIC_REPRESENTATION_CONTEXT(2) 
PARAMETRIC_REPRESENTATION_CONTEXT() REPRESENTATION_CONTEXT('2D SPACE',''
  ) );
#1366 = FACE_BOUND('',#1367,.F.);
#1367 = EDGE_LOOP('',(#1368));
#1368 = ORIENTED_EDGE('',*,*,#1369,.T.);
#1369 = EDGE_CURVE('',#1370,#1370,#1372,.T.);
#1370 = VERTEX_POINT('',#1371);
#1371 = CARTESIAN_POINT('',(38.804,2.54,1.6));
#1372 = SURFACE_CURVE('',#1373,(#1378,#1389),.PCURVE_S1.);
#1373 = CIRCLE('',#1374,0.45);
#1374 = AXIS2_PLACEMENT_3D('',#1375,#1376,#1377);
#1375 = CARTESIAN_POINT('',(38.354,2.54,1.6));
#1376 = DIRECTION('',(0.,0.,1.));
#1377 = DIRECTION('',(1.,0.,-0.));
#1378 = PCURVE('',#90,#1379);
#1379 = DEFINITIONAL_REPRESENTATION('',(#1380),#1388);
#1380 = ( BOUNDED_CURVE() B_SPLINE_CURVE(2,(#1381,#1382,#1383,#1384,
#1385,#1386,#1387),.UNSPECIFIED.,.T.,.F.) B_SPLINE_CURVE_WITH_KNOTS((1,2
    ,2,2,2,1),(-2.094395102393,0.,2.094395102393,4.188790204786,
6.28318530718,8.377580409573),.UNSPECIFIED.) CURVE() 
GEOMETRIC_REPRESENTATION_ITEM() RATIONAL_B_SPLINE_CURVE((1.,0.5,1.,0.5,
1.,0.5,1.)) REPRESENTATION_ITEM('') );
#1381 = CARTESIAN_POINT('',(-13.404,-12.7));
#1382 = CARTESIAN_POINT('',(-13.404,-11.92057713659));
#1383 = CARTESIAN_POINT('',(-12.729,-12.31028856829));
#1384 = CARTESIAN_POINT('',(-12.054,-12.7));
#1385 = CARTESIAN_POINT('',(-12.729,-13.0897114317));
#1386 = CARTESIAN_POINT('',(-13.404,-13.4794228634));
#1387 = CARTESIAN_POINT('',(-13.404,-12.7));
#1388 = ( GEOMETRIC_REPRESENTATION_CONTEXT(2) 
PARAMETRIC_REPRESENTATION_CONTEXT() REPRESENTATION_CONTEXT('2D SPACE',''
  ) );
#1389 = PCURVE('',#388,#1390);
#1390 = DEFINITIONAL_REPRESENTATION('',(#1391),#1395);
#1391 = LINE('',#1392,#1393);
#1392 = CARTESIAN_POINT('',(0.,1.61));
#1393 = VECTOR('',#1394,1.);
#1394 = DIRECTION('',(1.,0.));
#1395 = ( GEOMETRIC_REPRESENTATION_CONTEXT(2) 
PARAMETRIC_REPRESENTATION_CONTEXT() REPRESENTATION_CONTEXT('2D SPACE',''
  ) );
#1396 = FACE_BOUND('',#1397,.F.);
#1397 = EDGE_LOOP('',(#1398));
#1398 = ORIENTED_EDGE('',*,*,#1399,.T.);
#1399 = EDGE_CURVE('',#1400,#1400,#1402,.T.);
#1400 = VERTEX_POINT('',#1401);
#1401 = CARTESIAN_POINT('',(38.804,5.08,1.6));
#1402 = SURFACE_CURVE('',#1403,(#1408,#1419),.PCURVE_S1.);
#1403 = CIRCLE('',#1404,0.45);
#1404 = AXIS2_PLACEMENT_3D('',#1405,#1406,#1407);
#1405 = CARTESIAN_POINT('',(38.354,5.08,1.6));
#1406 = DIRECTION('',(0.,0.,1.));
#1407 = DIRECTION('',(1.,0.,-0.));
#1408 = PCURVE('',#90,#1409);
#1409 = DEFINITIONAL_REPRESENTATION('',(#1410),#1418);
#1410 = ( BOUNDED_CURVE() B_SPLINE_CURVE(2,(#1411,#1412,#1413,#1414,
#1415,#1416,#1417),.UNSPECIFIED.,.T.,.F.) B_SPLINE_CURVE_WITH_KNOTS((1,2
    ,2,2,2,1),(-2.094395102393,0.,2.094395102393,4.188790204786,
6.28318530718,8.377580409573),.UNSPECIFIED.) CURVE() 
GEOMETRIC_REPRESENTATION_ITEM() RATIONAL_B_SPLINE_CURVE((1.,0.5,1.,0.5,
1.,0.5,1.)) REPRESENTATION_ITEM('') );
#1411 = CARTESIAN_POINT('',(-13.404,-10.16));
#1412 = CARTESIAN_POINT('',(-13.404,-9.380577136594));
#1413 = CARTESIAN_POINT('',(-12.729,-9.770288568297));
#1414 = CARTESIAN_POINT('',(-12.054,-10.16));
#1415 = CARTESIAN_POINT('',(-12.729,-10.5497114317));
#1416 = CARTESIAN_POINT('',(-13.404,-10.9394228634));
#1417 = CARTESIAN_POINT('',(-13.404,-10.16));
#1418 = ( GEOMETRIC_REPRESENTATION_CONTEXT(2) 
PARAMETRIC_REPRESENTATION_CONTEXT() REPRESENTATION_CONTEXT('2D SPACE',''
  ) );
#1419 = PCURVE('',#423,#1420);
#1420 = DEFINITIONAL_REPRESENTATION('',(#1421),#1425);
#1421 = LINE('',#1422,#1423);
#1422 = CARTESIAN_POINT('',(0.,1.61));
#1423 = VECTOR('',#1424,1.);
#1424 = DIRECTION('',(1.,0.));
#1425 = ( GEOMETRIC_REPRESENTATION_CONTEXT(2) 
PARAMETRIC_REPRESENTATION_CONTEXT() REPRESENTATION_CONTEXT('2D SPACE',''
  ) );
#1426 = FACE_BOUND('',#1427,.F.);
#1427 = EDGE_LOOP('',(#1428));
#1428 = ORIENTED_EDGE('',*,*,#1429,.T.);
#1429 = EDGE_CURVE('',#1430,#1430,#1432,.T.);
#1430 = VERTEX_POINT('',#1431);
#1431 = CARTESIAN_POINT('',(36.264,2.54,1.6));
#1432 = SURFACE_CURVE('',#1433,(#1438,#1449),.PCURVE_S1.);
#1433 = CIRCLE('',#1434,0.45);
#1434 = AXIS2_PLACEMENT_3D('',#1435,#1436,#1437);
#1435 = CARTESIAN_POINT('',(35.814,2.54,1.6));
#1436 = DIRECTION('',(0.,0.,1.));
#1437 = DIRECTION('',(1.,0.,-0.));
#1438 = PCURVE('',#90,#1439);
#1439 = DEFINITIONAL_REPRESENTATION('',(#1440),#1448);
#1440 = ( BOUNDED_CURVE() B_SPLINE_CURVE(2,(#1441,#1442,#1443,#1444,
#1445,#1446,#1447),.UNSPECIFIED.,.T.,.F.) B_SPLINE_CURVE_WITH_KNOTS((1,2
    ,2,2,2,1),(-2.094395102393,0.,2.094395102393,4.188790204786,
6.28318530718,8.377580409573),.UNSPECIFIED.) CURVE() 
GEOMETRIC_REPRESENTATION_ITEM() RATIONAL_B_SPLINE_CURVE((1.,0.5,1.,0.5,
1.,0.5,1.)) REPRESENTATION_ITEM('') );
#1441 = CARTESIAN_POINT('',(-10.864,-12.7));
#1442 = CARTESIAN_POINT('',(-10.864,-11.92057713659));
#1443 = CARTESIAN_POINT('',(-10.189,-12.31028856829));
#1444 = CARTESIAN_POINT('',(-9.514,-12.7));
#1445 = CARTESIAN_POINT('',(-10.189,-13.0897114317));
#1446 = CARTESIAN_POINT('',(-10.864,-13.4794228634));
#1447 = CARTESIAN_POINT('',(-10.864,-12.7));
#1448 = ( GEOMETRIC_REPRESENTATION_CONTEXT(2) 
PARAMETRIC_REPRESENTATION_CONTEXT() REPRESENTATION_CONTEXT('2D SPACE',''
  ) );
#1449 = PCURVE('',#458,#1450);
#1450 = DEFINITIONAL_REPRESENTATION('',(#1451),#1455);
#1451 = LINE('',#1452,#1453);
#1452 = CARTESIAN_POINT('',(0.,1.61));
#1453 = VECTOR('',#1454,1.);
#1454 = DIRECTION('',(1.,0.));
#1455 = ( GEOMETRIC_REPRESENTATION_CONTEXT(2) 
PARAMETRIC_REPRESENTATION_CONTEXT() REPRESENTATION_CONTEXT('2D SPACE',''
  ) );
#1456 = FACE_BOUND('',#1457,.F.);
#1457 = EDGE_LOOP('',(#1458));
#1458 = ORIENTED_EDGE('',*,*,#1459,.T.);
#1459 = EDGE_CURVE('',#1460,#1460,#1462,.T.);
#1460 = VERTEX_POINT('',#1461);
#1461 = CARTESIAN_POINT('',(33.724,2.54,1.6));
#1462 = SURFACE_CURVE('',#1463,(#1468,#1479),.PCURVE_S1.);
#1463 = CIRCLE('',#1464,0.45);
#1464 = AXIS2_PLACEMENT_3D('',#1465,#1466,#1467);
#1465 = CARTESIAN_POINT('',(33.274,2.54,1.6));
#1466 = DIRECTION('',(0.,0.,1.));
#1467 = DIRECTION('',(1.,0.,-0.));
#1468 = PCURVE('',#90,#1469);
#1469 = DEFINITIONAL_REPRESENTATION('',(#1470),#1478);
#1470 = ( BOUNDED_CURVE() B_SPLINE_CURVE(2,(#1471,#1472,#1473,#1474,
#1475,#1476,#1477),.UNSPECIFIED.,.T.,.F.) B_SPLINE_CURVE_WITH_KNOTS((1,2
    ,2,2,2,1),(-2.094395102393,0.,2.094395102393,4.188790204786,
6.28318530718,8.377580409573),.UNSPECIFIED.) CURVE() 
GEOMETRIC_REPRESENTATION_ITEM() RATIONAL_B_SPLINE_CURVE((1.,0.5,1.,0.5,
1.,0.5,1.)) REPRESENTATION_ITEM('') );
#1471 = CARTESIAN_POINT('',(-8.324,-12.7));
#1472 = CARTESIAN_POINT('',(-8.324,-11.92057713659));
#1473 = CARTESIAN_POINT('',(-7.649,-12.31028856829));
#1474 = CARTESIAN_POINT('',(-6.974,-12.7));
#1475 = CARTESIAN_POINT('',(-7.649,-13.0897114317));
#1476 = CARTESIAN_POINT('',(-8.324,-13.4794228634));
#1477 = CARTESIAN_POINT('',(-8.324,-12.7));
#1478 = ( GEOMETRIC_REPRESENTATION_CONTEXT(2) 
PARAMETRIC_REPRESENTATION_CONTEXT() REPRESENTATION_CONTEXT('2D SPACE',''
  ) );
#1479 = PCURVE('',#493,#1480);
#1480 = DEFINITIONAL_REPRESENTATION('',(#1481),#1485);
#1481 = LINE('',#1482,#1483);
#1482 = CARTESIAN_POINT('',(0.,1.61));
#1483 = VECTOR('',#1484,1.);
#1484 = DIRECTION('',(1.,0.));
#1485 = ( GEOMETRIC_REPRESENTATION_CONTEXT(2) 
PARAMETRIC_REPRESENTATION_CONTEXT() REPRESENTATION_CONTEXT('2D SPACE',''
  ) );
#1486 = FACE_BOUND('',#1487,.F.);
#1487 = EDGE_LOOP('',(#1488));
#1488 = ORIENTED_EDGE('',*,*,#1489,.T.);
#1489 = EDGE_CURVE('',#1490,#1490,#1492,.T.);
#1490 = VERTEX_POINT('',#1491);
#1491 = CARTESIAN_POINT('',(36.264,5.08,1.6));
#1492 = SURFACE_CURVE('',#1493,(#1498,#1509),.PCURVE_S1.);
#1493 = CIRCLE('',#1494,0.45);
#1494 = AXIS2_PLACEMENT_3D('',#1495,#1496,#1497);
#1495 = CARTESIAN_POINT('',(35.814,5.08,1.6));
#1496 = DIRECTION('',(0.,0.,1.));
#1497 = DIRECTION('',(1.,0.,-0.));
#1498 = PCURVE('',#90,#1499);
#1499 = DEFINITIONAL_REPRESENTATION('',(#1500),#1508);
#1500 = ( BOUNDED_CURVE() B_SPLINE_CURVE(2,(#1501,#1502,#1503,#1504,
#1505,#1506,#1507),.UNSPECIFIED.,.T.,.F.) B_SPLINE_CURVE_WITH_KNOTS((1,2
    ,2,2,2,1),(-2.094395102393,0.,2.094395102393,4.188790204786,
6.28318530718,8.377580409573),.UNSPECIFIED.) CURVE() 
GEOMETRIC_REPRESENTATION_ITEM() RATIONAL_B_SPLINE_CURVE((1.,0.5,1.,0.5,
1.,0.5,1.)) REPRESENTATION_ITEM('') );
#1501 = CARTESIAN_POINT('',(-10.864,-10.16));
#1502 = CARTESIAN_POINT('',(-10.864,-9.380577136594));
#1503 = CARTESIAN_POINT('',(-10.189,-9.770288568297));
#1504 = CARTESIAN_POINT('',(-9.514,-10.16));
#1505 = CARTESIAN_POINT('',(-10.189,-10.5497114317));
#1506 = CARTESIAN_POINT('',(-10.864,-10.9394228634));
#1507 = CARTESIAN_POINT('',(-10.864,-10.16));
#1508 = ( GEOMETRIC_REPRESENTATION_CONTEXT(2) 
PARAMETRIC_REPRESENTATION_CONTEXT() REPRESENTATION_CONTEXT('2D SPACE',''
  ) );
#1509 = PCURVE('',#528,#1510);
#1510 = DEFINITIONAL_REPRESENTATION('',(#1511),#1515);
#1511 = LINE('',#1512,#1513);
#1512 = CARTESIAN_POINT('',(0.,1.61));
#1513 = VECTOR('',#1514,1.);
#1514 = DIRECTION('',(1.,0.));
#1515 = ( GEOMETRIC_REPRESENTATION_CONTEXT(2) 
PARAMETRIC_REPRESENTATION_CONTEXT() REPRESENTATION_CONTEXT('2D SPACE',''
  ) );
#1516 = FACE_BOUND('',#1517,.F.);
#1517 = EDGE_LOOP('',(#1518));
#1518 = ORIENTED_EDGE('',*,*,#1519,.T.);
#1519 = EDGE_CURVE('',#1520,#1520,#1522,.T.);
#1520 = VERTEX_POINT('',#1521);
#1521 = CARTESIAN_POINT('',(33.724,5.08,1.6));
#1522 = SURFACE_CURVE('',#1523,(#1528,#1539),.PCURVE_S1.);
#1523 = CIRCLE('',#1524,0.45);
#1524 = AXIS2_PLACEMENT_3D('',#1525,#1526,#1527);
#1525 = CARTESIAN_POINT('',(33.274,5.08,1.6));
#1526 = DIRECTION('',(0.,0.,1.));
#1527 = DIRECTION('',(1.,0.,-0.));
#1528 = PCURVE('',#90,#1529);
#1529 = DEFINITIONAL_REPRESENTATION('',(#1530),#1538);
#1530 = ( BOUNDED_CURVE() B_SPLINE_CURVE(2,(#1531,#1532,#1533,#1534,
#1535,#1536,#1537),.UNSPECIFIED.,.T.,.F.) B_SPLINE_CURVE_WITH_KNOTS((1,2
    ,2,2,2,1),(-2.094395102393,0.,2.094395102393,4.188790204786,
6.28318530718,8.377580409573),.UNSPECIFIED.) CURVE() 
GEOMETRIC_REPRESENTATION_ITEM() RATIONAL_B_SPLINE_CURVE((1.,0.5,1.,0.5,
1.,0.5,1.)) REPRESENTATION_ITEM('') );
#1531 = CARTESIAN_POINT('',(-8.324,-10.16));
#1532 = CARTESIAN_POINT('',(-8.324,-9.380577136594));
#1533 = CARTESIAN_POINT('',(-7.649,-9.770288568297));
#1534 = CARTESIAN_POINT('',(-6.974,-10.16));
#1535 = CARTESIAN_POINT('',(-7.649,-10.5497114317));
#1536 = CARTESIAN_POINT('',(-8.324,-10.9394228634));
#1537 = CARTESIAN_POINT('',(-8.324,-10.16));
#1538 = ( GEOMETRIC_REPRESENTATION_CONTEXT(2) 
PARAMETRIC_REPRESENTATION_CONTEXT() REPRESENTATION_CONTEXT('2D SPACE',''
  ) );
#1539 = PCURVE('',#563,#1540);
#1540 = DEFINITIONAL_REPRESENTATION('',(#1541),#1545);
#1541 = LINE('',#1542,#1543);
#1542 = CARTESIAN_POINT('',(0.,1.61));
#1543 = VECTOR('',#1544,1.);
#1544 = DIRECTION('',(1.,0.));
#1545 = ( GEOMETRIC_REPRESENTATION_CONTEXT(2) 
PARAMETRIC_REPRESENTATION_CONTEXT() REPRESENTATION_CONTEXT('2D SPACE',''
  ) );
#1546 = FACE_BOUND('',#1547,.F.);
#1547 = EDGE_LOOP('',(#1548));
#1548 = ORIENTED_EDGE('',*,*,#1549,.T.);
#1549 = EDGE_CURVE('',#1550,#1550,#1552,.T.);
#1550 = VERTEX_POINT('',#1551);
#1551 = CARTESIAN_POINT('',(31.184,2.54,1.6));
#1552 = SURFACE_CURVE('',#1553,(#1558,#1569),.PCURVE_S1.);
#1553 = CIRCLE('',#1554,0.45);
#1554 = AXIS2_PLACEMENT_3D('',#1555,#1556,#1557);
#1555 = CARTESIAN_POINT('',(30.734,2.54,1.6));
#1556 = DIRECTION('',(0.,0.,1.));
#1557 = DIRECTION('',(1.,0.,-0.));
#1558 = PCURVE('',#90,#1559);
#1559 = DEFINITIONAL_REPRESENTATION('',(#1560),#1568);
#1560 = ( BOUNDED_CURVE() B_SPLINE_CURVE(2,(#1561,#1562,#1563,#1564,
#1565,#1566,#1567),.UNSPECIFIED.,.T.,.F.) B_SPLINE_CURVE_WITH_KNOTS((1,2
    ,2,2,2,1),(-2.094395102393,0.,2.094395102393,4.188790204786,
6.28318530718,8.377580409573),.UNSPECIFIED.) CURVE() 
GEOMETRIC_REPRESENTATION_ITEM() RATIONAL_B_SPLINE_CURVE((1.,0.5,1.,0.5,
1.,0.5,1.)) REPRESENTATION_ITEM('') );
#1561 = CARTESIAN_POINT('',(-5.784,-12.7));
#1562 = CARTESIAN_POINT('',(-5.784,-11.92057713659));
#1563 = CARTESIAN_POINT('',(-5.109,-12.31028856829));
#1564 = CARTESIAN_POINT('',(-4.434,-12.7));
#1565 = CARTESIAN_POINT('',(-5.109,-13.0897114317));
#1566 = CARTESIAN_POINT('',(-5.784,-13.4794228634));
#1567 = CARTESIAN_POINT('',(-5.784,-12.7));
#1568 = ( GEOMETRIC_REPRESENTATION_CONTEXT(2) 
PARAMETRIC_REPRESENTATION_CONTEXT() REPRESENTATION_CONTEXT('2D SPACE',''
  ) );
#1569 = PCURVE('',#598,#1570);
#1570 = DEFINITIONAL_REPRESENTATION('',(#1571),#1575);
#1571 = LINE('',#1572,#1573);
#1572 = CARTESIAN_POINT('',(0.,1.61));
#1573 = VECTOR('',#1574,1.);
#1574 = DIRECTION('',(1.,0.));
#1575 = ( GEOMETRIC_REPRESENTATION_CONTEXT(2) 
PARAMETRIC_REPRESENTATION_CONTEXT() REPRESENTATION_CONTEXT('2D SPACE',''
  ) );
#1576 = FACE_BOUND('',#1577,.F.);
#1577 = EDGE_LOOP('',(#1578));
#1578 = ORIENTED_EDGE('',*,*,#1579,.T.);
#1579 = EDGE_CURVE('',#1580,#1580,#1582,.T.);
#1580 = VERTEX_POINT('',#1581);
#1581 = CARTESIAN_POINT('',(28.644,2.54,1.6));
#1582 = SURFACE_CURVE('',#1583,(#1588,#1599),.PCURVE_S1.);
#1583 = CIRCLE('',#1584,0.45);
#1584 = AXIS2_PLACEMENT_3D('',#1585,#1586,#1587);
#1585 = CARTESIAN_POINT('',(28.194,2.54,1.6));
#1586 = DIRECTION('',(0.,0.,1.));
#1587 = DIRECTION('',(1.,0.,-0.));
#1588 = PCURVE('',#90,#1589);
#1589 = DEFINITIONAL_REPRESENTATION('',(#1590),#1598);
#1590 = ( BOUNDED_CURVE() B_SPLINE_CURVE(2,(#1591,#1592,#1593,#1594,
#1595,#1596,#1597),.UNSPECIFIED.,.T.,.F.) B_SPLINE_CURVE_WITH_KNOTS((1,2
    ,2,2,2,1),(-2.094395102393,0.,2.094395102393,4.188790204786,
6.28318530718,8.377580409573),.UNSPECIFIED.) CURVE() 
GEOMETRIC_REPRESENTATION_ITEM() RATIONAL_B_SPLINE_CURVE((1.,0.5,1.,0.5,
1.,0.5,1.)) REPRESENTATION_ITEM('') );
#1591 = CARTESIAN_POINT('',(-3.244,-12.7));
#1592 = CARTESIAN_POINT('',(-3.244,-11.92057713659));
#1593 = CARTESIAN_POINT('',(-2.569,-12.31028856829));
#1594 = CARTESIAN_POINT('',(-1.894,-12.7));
#1595 = CARTESIAN_POINT('',(-2.569,-13.0897114317));
#1596 = CARTESIAN_POINT('',(-3.244,-13.4794228634));
#1597 = CARTESIAN_POINT('',(-3.244,-12.7));
#1598 = ( GEOMETRIC_REPRESENTATION_CONTEXT(2) 
PARAMETRIC_REPRESENTATION_CONTEXT() REPRESENTATION_CONTEXT('2D SPACE',''
  ) );
#1599 = PCURVE('',#633,#1600);
#1600 = DEFINITIONAL_REPRESENTATION('',(#1601),#1605);
#1601 = LINE('',#1602,#1603);
#1602 = CARTESIAN_POINT('',(0.,1.61));
#1603 = VECTOR('',#1604,1.);
#1604 = DIRECTION('',(1.,0.));
#1605 = ( GEOMETRIC_REPRESENTATION_CONTEXT(2) 
PARAMETRIC_REPRESENTATION_CONTEXT() REPRESENTATION_CONTEXT('2D SPACE',''
  ) );
#1606 = FACE_BOUND('',#1607,.F.);
#1607 = EDGE_LOOP('',(#1608));
#1608 = ORIENTED_EDGE('',*,*,#1609,.T.);
#1609 = EDGE_CURVE('',#1610,#1610,#1612,.T.);
#1610 = VERTEX_POINT('',#1611);
#1611 = CARTESIAN_POINT('',(31.184,5.08,1.6));
#1612 = SURFACE_CURVE('',#1613,(#1618,#1629),.PCURVE_S1.);
#1613 = CIRCLE('',#1614,0.45);
#1614 = AXIS2_PLACEMENT_3D('',#1615,#1616,#1617);
#1615 = CARTESIAN_POINT('',(30.734,5.08,1.6));
#1616 = DIRECTION('',(0.,0.,1.));
#1617 = DIRECTION('',(1.,0.,-0.));
#1618 = PCURVE('',#90,#1619);
#1619 = DEFINITIONAL_REPRESENTATION('',(#1620),#1628);
#1620 = ( BOUNDED_CURVE() B_SPLINE_CURVE(2,(#1621,#1622,#1623,#1624,
#1625,#1626,#1627),.UNSPECIFIED.,.T.,.F.) B_SPLINE_CURVE_WITH_KNOTS((1,2
    ,2,2,2,1),(-2.094395102393,0.,2.094395102393,4.188790204786,
6.28318530718,8.377580409573),.UNSPECIFIED.) CURVE() 
GEOMETRIC_REPRESENTATION_ITEM() RATIONAL_B_SPLINE_CURVE((1.,0.5,1.,0.5,
1.,0.5,1.)) REPRESENTATION_ITEM('') );
#1621 = CARTESIAN_POINT('',(-5.784,-10.16));
#1622 = CARTESIAN_POINT('',(-5.784,-9.380577136594));
#1623 = CARTESIAN_POINT('',(-5.109,-9.770288568297));
#1624 = CARTESIAN_POINT('',(-4.434,-10.16));
#1625 = CARTESIAN_POINT('',(-5.109,-10.5497114317));
#1626 = CARTESIAN_POINT('',(-5.784,-10.9394228634));
#1627 = CARTESIAN_POINT('',(-5.784,-10.16));
#1628 = ( GEOMETRIC_REPRESENTATION_CONTEXT(2) 
PARAMETRIC_REPRESENTATION_CONTEXT() REPRESENTATION_CONTEXT('2D SPACE',''
  ) );
#1629 = PCURVE('',#668,#1630);
#1630 = DEFINITIONAL_REPRESENTATION('',(#1631),#1635);
#1631 = LINE('',#1632,#1633);
#1632 = CARTESIAN_POINT('',(0.,1.61));
#1633 = VECTOR('',#1634,1.);
#1634 = DIRECTION('',(1.,0.));
#1635 = ( GEOMETRIC_REPRESENTATION_CONTEXT(2) 
PARAMETRIC_REPRESENTATION_CONTEXT() REPRESENTATION_CONTEXT('2D SPACE',''
  ) );
#1636 = FACE_BOUND('',#1637,.F.);
#1637 = EDGE_LOOP('',(#1638));
#1638 = ORIENTED_EDGE('',*,*,#1639,.T.);
#1639 = EDGE_CURVE('',#1640,#1640,#1642,.T.);
#1640 = VERTEX_POINT('',#1641);
#1641 = CARTESIAN_POINT('',(28.644,5.08,1.6));
#1642 = SURFACE_CURVE('',#1643,(#1648,#1659),.PCURVE_S1.);
#1643 = CIRCLE('',#1644,0.45);
#1644 = AXIS2_PLACEMENT_3D('',#1645,#1646,#1647);
#1645 = CARTESIAN_POINT('',(28.194,5.08,1.6));
#1646 = DIRECTION('',(0.,0.,1.));
#1647 = DIRECTION('',(1.,0.,-0.));
#1648 = PCURVE('',#90,#1649);
#1649 = DEFINITIONAL_REPRESENTATION('',(#1650),#1658);
#1650 = ( BOUNDED_CURVE() B_SPLINE_CURVE(2,(#1651,#1652,#1653,#1654,
#1655,#1656,#1657),.UNSPECIFIED.,.T.,.F.) B_SPLINE_CURVE_WITH_KNOTS((1,2
    ,2,2,2,1),(-2.094395102393,0.,2.094395102393,4.188790204786,
6.28318530718,8.377580409573),.UNSPECIFIED.) CURVE() 
GEOMETRIC_REPRESENTATION_ITEM() RATIONAL_B_SPLINE_CURVE((1.,0.5,1.,0.5,
1.,0.5,1.)) REPRESENTATION_ITEM('') );
#1651 = CARTESIAN_POINT('',(-3.244,-10.16));
#1652 = CARTESIAN_POINT('',(-3.244,-9.380577136594));
#1653 = CARTESIAN_POINT('',(-2.569,-9.770288568297));
#1654 = CARTESIAN_POINT('',(-1.894,-10.16));
#1655 = CARTESIAN_POINT('',(-2.569,-10.5497114317));
#1656 = CARTESIAN_POINT('',(-3.244,-10.9394228634));
#1657 = CARTESIAN_POINT('',(-3.244,-10.16));
#1658 = ( GEOMETRIC_REPRESENTATION_CONTEXT(2) 
PARAMETRIC_REPRESENTATION_CONTEXT() REPRESENTATION_CONTEXT('2D SPACE',''
  ) );
#1659 = PCURVE('',#703,#1660);
#1660 = DEFINITIONAL_REPRESENTATION('',(#1661),#1665);
#1661 = LINE('',#1662,#1663);
#1662 = CARTESIAN_POINT('',(0.,1.61));
#1663 = VECTOR('',#1664,1.);
#1664 = DIRECTION('',(1.,0.));
#1665 = ( GEOMETRIC_REPRESENTATION_CONTEXT(2) 
PARAMETRIC_REPRESENTATION_CONTEXT() REPRESENTATION_CONTEXT('2D SPACE',''
  ) );
#1666 = FACE_BOUND('',#1667,.F.);
#1667 = EDGE_LOOP('',(#1668));
#1668 = ORIENTED_EDGE('',*,*,#1669,.T.);
#1669 = EDGE_CURVE('',#1670,#1670,#1672,.T.);
#1670 = VERTEX_POINT('',#1671);
#1671 = CARTESIAN_POINT('',(47.694,10.668,1.6));
#1672 = SURFACE_CURVE('',#1673,(#1678,#1689),.PCURVE_S1.);
#1673 = CIRCLE('',#1674,0.45);
#1674 = AXIS2_PLACEMENT_3D('',#1675,#1676,#1677);
#1675 = CARTESIAN_POINT('',(47.244,10.668,1.6));
#1676 = DIRECTION('',(0.,0.,1.));
#1677 = DIRECTION('',(1.,0.,-0.));
#1678 = PCURVE('',#90,#1679);
#1679 = DEFINITIONAL_REPRESENTATION('',(#1680),#1688);
#1680 = ( BOUNDED_CURVE() B_SPLINE_CURVE(2,(#1681,#1682,#1683,#1684,
#1685,#1686,#1687),.UNSPECIFIED.,.T.,.F.) B_SPLINE_CURVE_WITH_KNOTS((1,2
    ,2,2,2,1),(-2.094395102393,0.,2.094395102393,4.188790204786,
6.28318530718,8.377580409573),.UNSPECIFIED.) CURVE() 
GEOMETRIC_REPRESENTATION_ITEM() RATIONAL_B_SPLINE_CURVE((1.,0.5,1.,0.5,
1.,0.5,1.)) REPRESENTATION_ITEM('') );
#1681 = CARTESIAN_POINT('',(-22.294,-4.572));
#1682 = CARTESIAN_POINT('',(-22.294,-3.792577136594));
#1683 = CARTESIAN_POINT('',(-21.619,-4.182288568297));
#1684 = CARTESIAN_POINT('',(-20.944,-4.572));
#1685 = CARTESIAN_POINT('',(-21.619,-4.961711431703));
#1686 = CARTESIAN_POINT('',(-22.294,-5.351422863406));
#1687 = CARTESIAN_POINT('',(-22.294,-4.572));
#1688 = ( GEOMETRIC_REPRESENTATION_CONTEXT(2) 
PARAMETRIC_REPRESENTATION_CONTEXT() REPRESENTATION_CONTEXT('2D SPACE',''
  ) );
#1689 = PCURVE('',#738,#1690);
#1690 = DEFINITIONAL_REPRESENTATION('',(#1691),#1695);
#1691 = LINE('',#1692,#1693);
#1692 = CARTESIAN_POINT('',(0.,1.61));
#1693 = VECTOR('',#1694,1.);
#1694 = DIRECTION('',(1.,0.));
#1695 = ( GEOMETRIC_REPRESENTATION_CONTEXT(2) 
PARAMETRIC_REPRESENTATION_CONTEXT() REPRESENTATION_CONTEXT('2D SPACE',''
  ) );
#1696 = FACE_BOUND('',#1697,.F.);
#1697 = EDGE_LOOP('',(#1698));
#1698 = ORIENTED_EDGE('',*,*,#1699,.T.);
#1699 = EDGE_CURVE('',#1700,#1700,#1702,.T.);
#1700 = VERTEX_POINT('',#1701);
#1701 = CARTESIAN_POINT('',(45.154,10.668,1.6));
#1702 = SURFACE_CURVE('',#1703,(#1708,#1719),.PCURVE_S1.);
#1703 = CIRCLE('',#1704,0.45);
#1704 = AXIS2_PLACEMENT_3D('',#1705,#1706,#1707);
#1705 = CARTESIAN_POINT('',(44.704,10.668,1.6));
#1706 = DIRECTION('',(0.,0.,1.));
#1707 = DIRECTION('',(1.,0.,-0.));
#1708 = PCURVE('',#90,#1709);
#1709 = DEFINITIONAL_REPRESENTATION('',(#1710),#1718);
#1710 = ( BOUNDED_CURVE() B_SPLINE_CURVE(2,(#1711,#1712,#1713,#1714,
#1715,#1716,#1717),.UNSPECIFIED.,.T.,.F.) B_SPLINE_CURVE_WITH_KNOTS((1,2
    ,2,2,2,1),(-2.094395102393,0.,2.094395102393,4.188790204786,
6.28318530718,8.377580409573),.UNSPECIFIED.) CURVE() 
GEOMETRIC_REPRESENTATION_ITEM() RATIONAL_B_SPLINE_CURVE((1.,0.5,1.,0.5,
1.,0.5,1.)) REPRESENTATION_ITEM('') );
#1711 = CARTESIAN_POINT('',(-19.754,-4.572));
#1712 = CARTESIAN_POINT('',(-19.754,-3.792577136594));
#1713 = CARTESIAN_POINT('',(-19.079,-4.182288568297));
#1714 = CARTESIAN_POINT('',(-18.404,-4.572));
#1715 = CARTESIAN_POINT('',(-19.079,-4.961711431703));
#1716 = CARTESIAN_POINT('',(-19.754,-5.351422863406));
#1717 = CARTESIAN_POINT('',(-19.754,-4.572));
#1718 = ( GEOMETRIC_REPRESENTATION_CONTEXT(2) 
PARAMETRIC_REPRESENTATION_CONTEXT() REPRESENTATION_CONTEXT('2D SPACE',''
  ) );
#1719 = PCURVE('',#773,#1720);
#1720 = DEFINITIONAL_REPRESENTATION('',(#1721),#1725);
#1721 = LINE('',#1722,#1723);
#1722 = CARTESIAN_POINT('',(0.,1.61));
#1723 = VECTOR('',#1724,1.);
#1724 = DIRECTION('',(1.,0.));
#1725 = ( GEOMETRIC_REPRESENTATION_CONTEXT(2) 
PARAMETRIC_REPRESENTATION_CONTEXT() REPRESENTATION_CONTEXT('2D SPACE',''
  ) );
#1726 = FACE_BOUND('',#1727,.F.);
#1727 = EDGE_LOOP('',(#1728));
#1728 = ORIENTED_EDGE('',*,*,#1729,.T.);
#1729 = EDGE_CURVE('',#1730,#1730,#1732,.T.);
#1730 = VERTEX_POINT('',#1731);
#1731 = CARTESIAN_POINT('',(47.694,13.208,1.6));
#1732 = SURFACE_CURVE('',#1733,(#1738,#1749),.PCURVE_S1.);
#1733 = CIRCLE('',#1734,0.45);
#1734 = AXIS2_PLACEMENT_3D('',#1735,#1736,#1737);
#1735 = CARTESIAN_POINT('',(47.244,13.208,1.6));
#1736 = DIRECTION('',(0.,0.,1.));
#1737 = DIRECTION('',(1.,0.,-0.));
#1738 = PCURVE('',#90,#1739);
#1739 = DEFINITIONAL_REPRESENTATION('',(#1740),#1748);
#1740 = ( BOUNDED_CURVE() B_SPLINE_CURVE(2,(#1741,#1742,#1743,#1744,
#1745,#1746,#1747),.UNSPECIFIED.,.T.,.F.) B_SPLINE_CURVE_WITH_KNOTS((1,2
    ,2,2,2,1),(-2.094395102393,0.,2.094395102393,4.188790204786,
6.28318530718,8.377580409573),.UNSPECIFIED.) CURVE() 
GEOMETRIC_REPRESENTATION_ITEM() RATIONAL_B_SPLINE_CURVE((1.,0.5,1.,0.5,
1.,0.5,1.)) REPRESENTATION_ITEM('') );
#1741 = CARTESIAN_POINT('',(-22.294,-2.032));
#1742 = CARTESIAN_POINT('',(-22.294,-1.252577136594));
#1743 = CARTESIAN_POINT('',(-21.619,-1.642288568297));
#1744 = CARTESIAN_POINT('',(-20.944,-2.032));
#1745 = CARTESIAN_POINT('',(-21.619,-2.421711431703));
#1746 = CARTESIAN_POINT('',(-22.294,-2.811422863406));
#1747 = CARTESIAN_POINT('',(-22.294,-2.032));
#1748 = ( GEOMETRIC_REPRESENTATION_CONTEXT(2) 
PARAMETRIC_REPRESENTATION_CONTEXT() REPRESENTATION_CONTEXT('2D SPACE',''
  ) );
#1749 = PCURVE('',#808,#1750);
#1750 = DEFINITIONAL_REPRESENTATION('',(#1751),#1755);
#1751 = LINE('',#1752,#1753);
#1752 = CARTESIAN_POINT('',(0.,1.61));
#1753 = VECTOR('',#1754,1.);
#1754 = DIRECTION('',(1.,0.));
#1755 = ( GEOMETRIC_REPRESENTATION_CONTEXT(2) 
PARAMETRIC_REPRESENTATION_CONTEXT() REPRESENTATION_CONTEXT('2D SPACE',''
  ) );
#1756 = FACE_BOUND('',#1757,.F.);
#1757 = EDGE_LOOP('',(#1758));
#1758 = ORIENTED_EDGE('',*,*,#1759,.T.);
#1759 = EDGE_CURVE('',#1760,#1760,#1762,.T.);
#1760 = VERTEX_POINT('',#1761);
#1761 = CARTESIAN_POINT('',(45.154,13.208,1.6));
#1762 = SURFACE_CURVE('',#1763,(#1768,#1779),.PCURVE_S1.);
#1763 = CIRCLE('',#1764,0.45);
#1764 = AXIS2_PLACEMENT_3D('',#1765,#1766,#1767);
#1765 = CARTESIAN_POINT('',(44.704,13.208,1.6));
#1766 = DIRECTION('',(0.,0.,1.));
#1767 = DIRECTION('',(1.,0.,-0.));
#1768 = PCURVE('',#90,#1769);
#1769 = DEFINITIONAL_REPRESENTATION('',(#1770),#1778);
#1770 = ( BOUNDED_CURVE() B_SPLINE_CURVE(2,(#1771,#1772,#1773,#1774,
#1775,#1776,#1777),.UNSPECIFIED.,.T.,.F.) B_SPLINE_CURVE_WITH_KNOTS((1,2
    ,2,2,2,1),(-2.094395102393,0.,2.094395102393,4.188790204786,
6.28318530718,8.377580409573),.UNSPECIFIED.) CURVE() 
GEOMETRIC_REPRESENTATION_ITEM() RATIONAL_B_SPLINE_CURVE((1.,0.5,1.,0.5,
1.,0.5,1.)) REPRESENTATION_ITEM('') );
#1771 = CARTESIAN_POINT('',(-19.754,-2.032));
#1772 = CARTESIAN_POINT('',(-19.754,-1.252577136594));
#1773 = CARTESIAN_POINT('',(-19.079,-1.642288568297));
#1774 = CARTESIAN_POINT('',(-18.404,-2.032));
#1775 = CARTESIAN_POINT('',(-19.079,-2.421711431703));
#1776 = CARTESIAN_POINT('',(-19.754,-2.811422863406));
#1777 = CARTESIAN_POINT('',(-19.754,-2.032));
#1778 = ( GEOMETRIC_REPRESENTATION_CONTEXT(2) 
PARAMETRIC_REPRESENTATION_CONTEXT() REPRESENTATION_CONTEXT('2D SPACE',''
  ) );
#1779 = PCURVE('',#843,#1780);
#1780 = DEFINITIONAL_REPRESENTATION('',(#1781),#1785);
#1781 = LINE('',#1782,#1783);
#1782 = CARTESIAN_POINT('',(0.,1.61));
#1783 = VECTOR('',#1784,1.);
#1784 = DIRECTION('',(1.,0.));
#1785 = ( GEOMETRIC_REPRESENTATION_CONTEXT(2) 
PARAMETRIC_REPRESENTATION_CONTEXT() REPRESENTATION_CONTEXT('2D SPACE',''
  ) );
#1786 = FACE_BOUND('',#1787,.F.);
#1787 = EDGE_LOOP('',(#1788));
#1788 = ORIENTED_EDGE('',*,*,#1789,.T.);
#1789 = EDGE_CURVE('',#1790,#1790,#1792,.T.);
#1790 = VERTEX_POINT('',#1791);
#1791 = CARTESIAN_POINT('',(6.58,5.08,1.6));
#1792 = SURFACE_CURVE('',#1793,(#1798,#1809),.PCURVE_S1.);
#1793 = CIRCLE('',#1794,1.5);
#1794 = AXIS2_PLACEMENT_3D('',#1795,#1796,#1797);
#1795 = CARTESIAN_POINT('',(5.08,5.08,1.6));
#1796 = DIRECTION('',(0.,0.,1.));
#1797 = DIRECTION('',(1.,0.,-0.));
#1798 = PCURVE('',#90,#1799);
#1799 = DEFINITIONAL_REPRESENTATION('',(#1800),#1808);
#1800 = ( BOUNDED_CURVE() B_SPLINE_CURVE(2,(#1801,#1802,#1803,#1804,
#1805,#1806,#1807),.UNSPECIFIED.,.T.,.F.) B_SPLINE_CURVE_WITH_KNOTS((1,2
    ,2,2,2,1),(-2.094395102393,0.,2.094395102393,4.188790204786,
6.28318530718,8.377580409573),.UNSPECIFIED.) CURVE() 
GEOMETRIC_REPRESENTATION_ITEM() RATIONAL_B_SPLINE_CURVE((1.,0.5,1.,0.5,
1.,0.5,1.)) REPRESENTATION_ITEM('') );
#1801 = CARTESIAN_POINT('',(18.82,-10.16));
#1802 = CARTESIAN_POINT('',(18.82,-7.561923788647));
#1803 = CARTESIAN_POINT('',(21.07,-8.860961894323));
#1804 = CARTESIAN_POINT('',(23.32,-10.16));
#1805 = CARTESIAN_POINT('',(21.07,-11.45903810567));
#1806 = CARTESIAN_POINT('',(18.82,-12.75807621135));
#1807 = CARTESIAN_POINT('',(18.82,-10.16));
#1808 = ( GEOMETRIC_REPRESENTATION_CONTEXT(2) 
PARAMETRIC_REPRESENTATION_CONTEXT() REPRESENTATION_CONTEXT('2D SPACE',''
  ) );
#1809 = PCURVE('',#878,#1810);
#1810 = DEFINITIONAL_REPRESENTATION('',(#1811),#1815);
#1811 = LINE('',#1812,#1813);
#1812 = CARTESIAN_POINT('',(0.,1.61));
#1813 = VECTOR('',#1814,1.);
#1814 = DIRECTION('',(1.,0.));
#1815 = ( GEOMETRIC_REPRESENTATION_CONTEXT(2) 
PARAMETRIC_REPRESENTATION_CONTEXT() REPRESENTATION_CONTEXT('2D SPACE',''
  ) );
#1816 = FACE_BOUND('',#1817,.F.);
#1817 = EDGE_LOOP('',(#1818));
#1818 = ORIENTED_EDGE('',*,*,#1819,.T.);
#1819 = EDGE_CURVE('',#1820,#1820,#1822,.T.);
#1820 = VERTEX_POINT('',#1821);
#1821 = CARTESIAN_POINT('',(13.99328,7.1374,1.6));
#1822 = SURFACE_CURVE('',#1823,(#1828,#1839),.PCURVE_S1.);
#1823 = CIRCLE('',#1824,0.45);
#1824 = AXIS2_PLACEMENT_3D('',#1825,#1826,#1827);
#1825 = CARTESIAN_POINT('',(13.54328,7.1374,1.6));
#1826 = DIRECTION('',(0.,0.,1.));
#1827 = DIRECTION('',(1.,0.,-0.));
#1828 = PCURVE('',#90,#1829);
#1829 = DEFINITIONAL_REPRESENTATION('',(#1830),#1838);
#1830 = ( BOUNDED_CURVE() B_SPLINE_CURVE(2,(#1831,#1832,#1833,#1834,
#1835,#1836,#1837),.UNSPECIFIED.,.T.,.F.) B_SPLINE_CURVE_WITH_KNOTS((1,2
    ,2,2,2,1),(-2.094395102393,0.,2.094395102393,4.188790204786,
6.28318530718,8.377580409573),.UNSPECIFIED.) CURVE() 
GEOMETRIC_REPRESENTATION_ITEM() RATIONAL_B_SPLINE_CURVE((1.,0.5,1.,0.5,
1.,0.5,1.)) REPRESENTATION_ITEM('') );
#1831 = CARTESIAN_POINT('',(11.40672,-8.1026));
#1832 = CARTESIAN_POINT('',(11.40672,-7.323177136594));
#1833 = CARTESIAN_POINT('',(12.08172,-7.712888568297));
#1834 = CARTESIAN_POINT('',(12.75672,-8.1026));
#1835 = CARTESIAN_POINT('',(12.08172,-8.492311431703));
#1836 = CARTESIAN_POINT('',(11.40672,-8.882022863406));
#1837 = CARTESIAN_POINT('',(11.40672,-8.1026));
#1838 = ( GEOMETRIC_REPRESENTATION_CONTEXT(2) 
PARAMETRIC_REPRESENTATION_CONTEXT() REPRESENTATION_CONTEXT('2D SPACE',''
  ) );
#1839 = PCURVE('',#913,#1840);
#1840 = DEFINITIONAL_REPRESENTATION('',(#1841),#1845);
#1841 = LINE('',#1842,#1843);
#1842 = CARTESIAN_POINT('',(0.,1.61));
#1843 = VECTOR('',#1844,1.);
#1844 = DIRECTION('',(1.,0.));
#1845 = ( GEOMETRIC_REPRESENTATION_CONTEXT(2) 
PARAMETRIC_REPRESENTATION_CONTEXT() REPRESENTATION_CONTEXT('2D SPACE',''
  ) );
#1846 = FACE_BOUND('',#1847,.F.);
#1847 = EDGE_LOOP('',(#1848));
#1848 = ORIENTED_EDGE('',*,*,#1849,.T.);
#1849 = EDGE_CURVE('',#1850,#1850,#1852,.T.);
#1850 = VERTEX_POINT('',#1851);
#1851 = CARTESIAN_POINT('',(13.99328,12.2174,1.6));
#1852 = SURFACE_CURVE('',#1853,(#1858,#1869),.PCURVE_S1.);
#1853 = CIRCLE('',#1854,0.45);
#1854 = AXIS2_PLACEMENT_3D('',#1855,#1856,#1857);
#1855 = CARTESIAN_POINT('',(13.54328,12.2174,1.6));
#1856 = DIRECTION('',(0.,0.,1.));
#1857 = DIRECTION('',(1.,0.,-0.));
#1858 = PCURVE('',#90,#1859);
#1859 = DEFINITIONAL_REPRESENTATION('',(#1860),#1868);
#1860 = ( BOUNDED_CURVE() B_SPLINE_CURVE(2,(#1861,#1862,#1863,#1864,
#1865,#1866,#1867),.UNSPECIFIED.,.T.,.F.) B_SPLINE_CURVE_WITH_KNOTS((1,2
    ,2,2,2,1),(-2.094395102393,0.,2.094395102393,4.188790204786,
6.28318530718,8.377580409573),.UNSPECIFIED.) CURVE() 
GEOMETRIC_REPRESENTATION_ITEM() RATIONAL_B_SPLINE_CURVE((1.,0.5,1.,0.5,
1.,0.5,1.)) REPRESENTATION_ITEM('') );
#1861 = CARTESIAN_POINT('',(11.40672,-3.0226));
#1862 = CARTESIAN_POINT('',(11.40672,-2.243177136594));
#1863 = CARTESIAN_POINT('',(12.08172,-2.632888568297));
#1864 = CARTESIAN_POINT('',(12.75672,-3.0226));
#1865 = CARTESIAN_POINT('',(12.08172,-3.412311431703));
#1866 = CARTESIAN_POINT('',(11.40672,-3.802022863406));
#1867 = CARTESIAN_POINT('',(11.40672,-3.0226));
#1868 = ( GEOMETRIC_REPRESENTATION_CONTEXT(2) 
PARAMETRIC_REPRESENTATION_CONTEXT() REPRESENTATION_CONTEXT('2D SPACE',''
  ) );
#1869 = PCURVE('',#948,#1870);
#1870 = DEFINITIONAL_REPRESENTATION('',(#1871),#1875);
#1871 = LINE('',#1872,#1873);
#1872 = CARTESIAN_POINT('',(0.,1.61));
#1873 = VECTOR('',#1874,1.);
#1874 = DIRECTION('',(1.,0.));
#1875 = ( GEOMETRIC_REPRESENTATION_CONTEXT(2) 
PARAMETRIC_REPRESENTATION_CONTEXT() REPRESENTATION_CONTEXT('2D SPACE',''
  ) );
#1876 = FACE_BOUND('',#1877,.F.);
#1877 = EDGE_LOOP('',(#1878));
#1878 = ORIENTED_EDGE('',*,*,#1879,.T.);
#1879 = EDGE_CURVE('',#1880,#1880,#1882,.T.);
#1880 = VERTEX_POINT('',#1881);
#1881 = CARTESIAN_POINT('',(6.8,13.208,1.6));
#1882 = SURFACE_CURVE('',#1883,(#1888,#1899),.PCURVE_S1.);
#1883 = CIRCLE('',#1884,0.45);
#1884 = AXIS2_PLACEMENT_3D('',#1885,#1886,#1887);
#1885 = CARTESIAN_POINT('',(6.35,13.208,1.6));
#1886 = DIRECTION('',(0.,0.,1.));
#1887 = DIRECTION('',(1.,0.,-0.));
#1888 = PCURVE('',#90,#1889);
#1889 = DEFINITIONAL_REPRESENTATION('',(#1890),#1898);
#1890 = ( BOUNDED_CURVE() B_SPLINE_CURVE(2,(#1891,#1892,#1893,#1894,
#1895,#1896,#1897),.UNSPECIFIED.,.T.,.F.) B_SPLINE_CURVE_WITH_KNOTS((1,2
    ,2,2,2,1),(-2.094395102393,0.,2.094395102393,4.188790204786,
6.28318530718,8.377580409573),.UNSPECIFIED.) CURVE() 
GEOMETRIC_REPRESENTATION_ITEM() RATIONAL_B_SPLINE_CURVE((1.,0.5,1.,0.5,
1.,0.5,1.)) REPRESENTATION_ITEM('') );
#1891 = CARTESIAN_POINT('',(18.6,-2.032));
#1892 = CARTESIAN_POINT('',(18.6,-1.252577136594));
#1893 = CARTESIAN_POINT('',(19.275,-1.642288568297));
#1894 = CARTESIAN_POINT('',(19.95,-2.032));
#1895 = CARTESIAN_POINT('',(19.275,-2.421711431703));
#1896 = CARTESIAN_POINT('',(18.6,-2.811422863406));
#1897 = CARTESIAN_POINT('',(18.6,-2.032));
#1898 = ( GEOMETRIC_REPRESENTATION_CONTEXT(2) 
PARAMETRIC_REPRESENTATION_CONTEXT() REPRESENTATION_CONTEXT('2D SPACE',''
  ) );
#1899 = PCURVE('',#983,#1900);
#1900 = DEFINITIONAL_REPRESENTATION('',(#1901),#1905);
#1901 = LINE('',#1902,#1903);
#1902 = CARTESIAN_POINT('',(0.,1.61));
#1903 = VECTOR('',#1904,1.);
#1904 = DIRECTION('',(1.,0.));
#1905 = ( GEOMETRIC_REPRESENTATION_CONTEXT(2) 
PARAMETRIC_REPRESENTATION_CONTEXT() REPRESENTATION_CONTEXT('2D SPACE',''
  ) );
#1906 = FACE_BOUND('',#1907,.F.);
#1907 = EDGE_LOOP('',(#1908));
#1908 = ORIENTED_EDGE('',*,*,#1909,.T.);
#1909 = EDGE_CURVE('',#1910,#1910,#1912,.T.);
#1910 = VERTEX_POINT('',#1911);
#1911 = CARTESIAN_POINT('',(4.26,13.208,1.6));
#1912 = SURFACE_CURVE('',#1913,(#1918,#1929),.PCURVE_S1.);
#1913 = CIRCLE('',#1914,0.45);
#1914 = AXIS2_PLACEMENT_3D('',#1915,#1916,#1917);
#1915 = CARTESIAN_POINT('',(3.81,13.208,1.6));
#1916 = DIRECTION('',(0.,0.,1.));
#1917 = DIRECTION('',(1.,0.,-0.));
#1918 = PCURVE('',#90,#1919);
#1919 = DEFINITIONAL_REPRESENTATION('',(#1920),#1928);
#1920 = ( BOUNDED_CURVE() B_SPLINE_CURVE(2,(#1921,#1922,#1923,#1924,
#1925,#1926,#1927),.UNSPECIFIED.,.T.,.F.) B_SPLINE_CURVE_WITH_KNOTS((1,2
    ,2,2,2,1),(-2.094395102393,0.,2.094395102393,4.188790204786,
6.28318530718,8.377580409573),.UNSPECIFIED.) CURVE() 
GEOMETRIC_REPRESENTATION_ITEM() RATIONAL_B_SPLINE_CURVE((1.,0.5,1.,0.5,
1.,0.5,1.)) REPRESENTATION_ITEM('') );
#1921 = CARTESIAN_POINT('',(21.14,-2.032));
#1922 = CARTESIAN_POINT('',(21.14,-1.252577136594));
#1923 = CARTESIAN_POINT('',(21.815,-1.642288568297));
#1924 = CARTESIAN_POINT('',(22.49,-2.032));
#1925 = CARTESIAN_POINT('',(21.815,-2.421711431703));
#1926 = CARTESIAN_POINT('',(21.14,-2.811422863406));
#1927 = CARTESIAN_POINT('',(21.14,-2.032));
#1928 = ( GEOMETRIC_REPRESENTATION_CONTEXT(2) 
PARAMETRIC_REPRESENTATION_CONTEXT() REPRESENTATION_CONTEXT('2D SPACE',''
  ) );
#1929 = PCURVE('',#1018,#1930);
#1930 = DEFINITIONAL_REPRESENTATION('',(#1931),#1935);
#1931 = LINE('',#1932,#1933);
#1932 = CARTESIAN_POINT('',(0.,1.61));
#1933 = VECTOR('',#1934,1.);
#1934 = DIRECTION('',(1.,0.));
#1935 = ( GEOMETRIC_REPRESENTATION_CONTEXT(2) 
PARAMETRIC_REPRESENTATION_CONTEXT() REPRESENTATION_CONTEXT('2D SPACE',''
  ) );
#1936 = FACE_BOUND('',#1937,.F.);
#1937 = EDGE_LOOP('',(#1938));
#1938 = ORIENTED_EDGE('',*,*,#1939,.T.);
#1939 = EDGE_CURVE('',#1940,#1940,#1942,.T.);
#1940 = VERTEX_POINT('',#1941);
#1941 = CARTESIAN_POINT('',(47.694,15.748,1.6));
#1942 = SURFACE_CURVE('',#1943,(#1948,#1959),.PCURVE_S1.);
#1943 = CIRCLE('',#1944,0.45);
#1944 = AXIS2_PLACEMENT_3D('',#1945,#1946,#1947);
#1945 = CARTESIAN_POINT('',(47.244,15.748,1.6));
#1946 = DIRECTION('',(0.,0.,1.));
#1947 = DIRECTION('',(1.,0.,-0.));
#1948 = PCURVE('',#90,#1949);
#1949 = DEFINITIONAL_REPRESENTATION('',(#1950),#1958);
#1950 = ( BOUNDED_CURVE() B_SPLINE_CURVE(2,(#1951,#1952,#1953,#1954,
#1955,#1956,#1957),.UNSPECIFIED.,.T.,.F.) B_SPLINE_CURVE_WITH_KNOTS((1,2
    ,2,2,2,1),(-2.094395102393,0.,2.094395102393,4.188790204786,
6.28318530718,8.377580409573),.UNSPECIFIED.) CURVE() 
GEOMETRIC_REPRESENTATION_ITEM() RATIONAL_B_SPLINE_CURVE((1.,0.5,1.,0.5,
1.,0.5,1.)) REPRESENTATION_ITEM('') );
#1951 = CARTESIAN_POINT('',(-22.294,0.508));
#1952 = CARTESIAN_POINT('',(-22.294,1.287422863406));
#1953 = CARTESIAN_POINT('',(-21.619,0.897711431703));
#1954 = CARTESIAN_POINT('',(-20.944,0.508));
#1955 = CARTESIAN_POINT('',(-21.619,0.118288568297));
#1956 = CARTESIAN_POINT('',(-22.294,-0.271422863406));
#1957 = CARTESIAN_POINT('',(-22.294,0.508));
#1958 = ( GEOMETRIC_REPRESENTATION_CONTEXT(2) 
PARAMETRIC_REPRESENTATION_CONTEXT() REPRESENTATION_CONTEXT('2D SPACE',''
  ) );
#1959 = PCURVE('',#1053,#1960);
#1960 = DEFINITIONAL_REPRESENTATION('',(#1961),#1965);
#1961 = LINE('',#1962,#1963);
#1962 = CARTESIAN_POINT('',(0.,1.61));
#1963 = VECTOR('',#1964,1.);
#1964 = DIRECTION('',(1.,0.));
#1965 = ( GEOMETRIC_REPRESENTATION_CONTEXT(2) 
PARAMETRIC_REPRESENTATION_CONTEXT() REPRESENTATION_CONTEXT('2D SPACE',''
  ) );
#1966 = FACE_BOUND('',#1967,.F.);
#1967 = EDGE_LOOP('',(#1968));
#1968 = ORIENTED_EDGE('',*,*,#1969,.T.);
#1969 = EDGE_CURVE('',#1970,#1970,#1972,.T.);
#1970 = VERTEX_POINT('',#1971);
#1971 = CARTESIAN_POINT('',(45.154,15.748,1.6));
#1972 = SURFACE_CURVE('',#1973,(#1978,#1989),.PCURVE_S1.);
#1973 = CIRCLE('',#1974,0.45);
#1974 = AXIS2_PLACEMENT_3D('',#1975,#1976,#1977);
#1975 = CARTESIAN_POINT('',(44.704,15.748,1.6));
#1976 = DIRECTION('',(0.,0.,1.));
#1977 = DIRECTION('',(1.,0.,-0.));
#1978 = PCURVE('',#90,#1979);
#1979 = DEFINITIONAL_REPRESENTATION('',(#1980),#1988);
#1980 = ( BOUNDED_CURVE() B_SPLINE_CURVE(2,(#1981,#1982,#1983,#1984,
#1985,#1986,#1987),.UNSPECIFIED.,.T.,.F.) B_SPLINE_CURVE_WITH_KNOTS((1,2
    ,2,2,2,1),(-2.094395102393,0.,2.094395102393,4.188790204786,
6.28318530718,8.377580409573),.UNSPECIFIED.) CURVE() 
GEOMETRIC_REPRESENTATION_ITEM() RATIONAL_B_SPLINE_CURVE((1.,0.5,1.,0.5,
1.,0.5,1.)) REPRESENTATION_ITEM('') );
#1981 = CARTESIAN_POINT('',(-19.754,0.508));
#1982 = CARTESIAN_POINT('',(-19.754,1.287422863406));
#1983 = CARTESIAN_POINT('',(-19.079,0.897711431703));
#1984 = CARTESIAN_POINT('',(-18.404,0.508));
#1985 = CARTESIAN_POINT('',(-19.079,0.118288568297));
#1986 = CARTESIAN_POINT('',(-19.754,-0.271422863406));
#1987 = CARTESIAN_POINT('',(-19.754,0.508));
#1988 = ( GEOMETRIC_REPRESENTATION_CONTEXT(2) 
PARAMETRIC_REPRESENTATION_CONTEXT() REPRESENTATION_CONTEXT('2D SPACE',''
  ) );
#1989 = PCURVE('',#1088,#1990);
#1990 = DEFINITIONAL_REPRESENTATION('',(#1991),#1995);
#1991 = LINE('',#1992,#1993);
#1992 = CARTESIAN_POINT('',(0.,1.61));
#1993 = VECTOR('',#1994,1.);
#1994 = DIRECTION('',(1.,0.));
#1995 = ( GEOMETRIC_REPRESENTATION_CONTEXT(2) 
PARAMETRIC_REPRESENTATION_CONTEXT() REPRESENTATION_CONTEXT('2D SPACE',''
  ) );
#1996 = FACE_BOUND('',#1997,.F.);
#1997 = EDGE_LOOP('',(#1998));
#1998 = ORIENTED_EDGE('',*,*,#1999,.T.);
#1999 = EDGE_CURVE('',#2000,#2000,#2002,.T.);
#2000 = VERTEX_POINT('',#2001);
#2001 = CARTESIAN_POINT('',(47.22,25.4,1.6));
#2002 = SURFACE_CURVE('',#2003,(#2008,#2019),.PCURVE_S1.);
#2003 = CIRCLE('',#2004,1.5);
#2004 = AXIS2_PLACEMENT_3D('',#2005,#2006,#2007);
#2005 = CARTESIAN_POINT('',(45.72,25.4,1.6));
#2006 = DIRECTION('',(0.,0.,1.));
#2007 = DIRECTION('',(1.,0.,-0.));
#2008 = PCURVE('',#90,#2009);
#2009 = DEFINITIONAL_REPRESENTATION('',(#2010),#2018);
#2010 = ( BOUNDED_CURVE() B_SPLINE_CURVE(2,(#2011,#2012,#2013,#2014,
#2015,#2016,#2017),.UNSPECIFIED.,.T.,.F.) B_SPLINE_CURVE_WITH_KNOTS((1,2
    ,2,2,2,1),(-2.094395102393,0.,2.094395102393,4.188790204786,
6.28318530718,8.377580409573),.UNSPECIFIED.) CURVE() 
GEOMETRIC_REPRESENTATION_ITEM() RATIONAL_B_SPLINE_CURVE((1.,0.5,1.,0.5,
1.,0.5,1.)) REPRESENTATION_ITEM('') );
#2011 = CARTESIAN_POINT('',(-21.82,10.16));
#2012 = CARTESIAN_POINT('',(-21.82,12.758076211353));
#2013 = CARTESIAN_POINT('',(-19.57,11.459038105677));
#2014 = CARTESIAN_POINT('',(-17.32,10.16));
#2015 = CARTESIAN_POINT('',(-19.57,8.860961894323));
#2016 = CARTESIAN_POINT('',(-21.82,7.561923788647));
#2017 = CARTESIAN_POINT('',(-21.82,10.16));
#2018 = ( GEOMETRIC_REPRESENTATION_CONTEXT(2) 
PARAMETRIC_REPRESENTATION_CONTEXT() REPRESENTATION_CONTEXT('2D SPACE',''
  ) );
#2019 = PCURVE('',#1123,#2020);
#2020 = DEFINITIONAL_REPRESENTATION('',(#2021),#2025);
#2021 = LINE('',#2022,#2023);
#2022 = CARTESIAN_POINT('',(0.,1.61));
#2023 = VECTOR('',#2024,1.);
#2024 = DIRECTION('',(1.,0.));
#2025 = ( GEOMETRIC_REPRESENTATION_CONTEXT(2) 
PARAMETRIC_REPRESENTATION_CONTEXT() REPRESENTATION_CONTEXT('2D SPACE',''
  ) );
#2026 = FACE_BOUND('',#2027,.F.);
#2027 = EDGE_LOOP('',(#2028));
#2028 = ORIENTED_EDGE('',*,*,#2029,.T.);
#2029 = EDGE_CURVE('',#2030,#2030,#2032,.T.);
#2030 = VERTEX_POINT('',#2031);
#2031 = CARTESIAN_POINT('',(6.8,15.748,1.6));
#2032 = SURFACE_CURVE('',#2033,(#2038,#2049),.PCURVE_S1.);
#2033 = CIRCLE('',#2034,0.45);
#2034 = AXIS2_PLACEMENT_3D('',#2035,#2036,#2037);
#2035 = CARTESIAN_POINT('',(6.35,15.748,1.6));
#2036 = DIRECTION('',(0.,0.,1.));
#2037 = DIRECTION('',(1.,0.,-0.));
#2038 = PCURVE('',#90,#2039);
#2039 = DEFINITIONAL_REPRESENTATION('',(#2040),#2048);
#2040 = ( BOUNDED_CURVE() B_SPLINE_CURVE(2,(#2041,#2042,#2043,#2044,
#2045,#2046,#2047),.UNSPECIFIED.,.T.,.F.) B_SPLINE_CURVE_WITH_KNOTS((1,2
    ,2,2,2,1),(-2.094395102393,0.,2.094395102393,4.188790204786,
6.28318530718,8.377580409573),.UNSPECIFIED.) CURVE() 
GEOMETRIC_REPRESENTATION_ITEM() RATIONAL_B_SPLINE_CURVE((1.,0.5,1.,0.5,
1.,0.5,1.)) REPRESENTATION_ITEM('') );
#2041 = CARTESIAN_POINT('',(18.6,0.508));
#2042 = CARTESIAN_POINT('',(18.6,1.287422863406));
#2043 = CARTESIAN_POINT('',(19.275,0.897711431703));
#2044 = CARTESIAN_POINT('',(19.95,0.508));
#2045 = CARTESIAN_POINT('',(19.275,0.118288568297));
#2046 = CARTESIAN_POINT('',(18.6,-0.271422863406));
#2047 = CARTESIAN_POINT('',(18.6,0.508));
#2048 = ( GEOMETRIC_REPRESENTATION_CONTEXT(2) 
PARAMETRIC_REPRESENTATION_CONTEXT() REPRESENTATION_CONTEXT('2D SPACE',''
  ) );
#2049 = PCURVE('',#1158,#2050);
#2050 = DEFINITIONAL_REPRESENTATION('',(#2051),#2055);
#2051 = LINE('',#2052,#2053);
#2052 = CARTESIAN_POINT('',(0.,1.61));
#2053 = VECTOR('',#2054,1.);
#2054 = DIRECTION('',(1.,0.));
#2055 = ( GEOMETRIC_REPRESENTATION_CONTEXT(2) 
PARAMETRIC_REPRESENTATION_CONTEXT() REPRESENTATION_CONTEXT('2D SPACE',''
  ) );
#2056 = FACE_BOUND('',#2057,.F.);
#2057 = EDGE_LOOP('',(#2058));
#2058 = ORIENTED_EDGE('',*,*,#2059,.T.);
#2059 = EDGE_CURVE('',#2060,#2060,#2062,.T.);
#2060 = VERTEX_POINT('',#2061);
#2061 = CARTESIAN_POINT('',(4.26,15.748,1.6));
#2062 = SURFACE_CURVE('',#2063,(#2068,#2079),.PCURVE_S1.);
#2063 = CIRCLE('',#2064,0.45);
#2064 = AXIS2_PLACEMENT_3D('',#2065,#2066,#2067);
#2065 = CARTESIAN_POINT('',(3.81,15.748,1.6));
#2066 = DIRECTION('',(0.,0.,1.));
#2067 = DIRECTION('',(1.,0.,-0.));
#2068 = PCURVE('',#90,#2069);
#2069 = DEFINITIONAL_REPRESENTATION('',(#2070),#2078);
#2070 = ( BOUNDED_CURVE() B_SPLINE_CURVE(2,(#2071,#2072,#2073,#2074,
#2075,#2076,#2077),.UNSPECIFIED.,.T.,.F.) B_SPLINE_CURVE_WITH_KNOTS((1,2
    ,2,2,2,1),(-2.094395102393,0.,2.094395102393,4.188790204786,
6.28318530718,8.377580409573),.UNSPECIFIED.) CURVE() 
GEOMETRIC_REPRESENTATION_ITEM() RATIONAL_B_SPLINE_CURVE((1.,0.5,1.,0.5,
1.,0.5,1.)) REPRESENTATION_ITEM('') );
#2071 = CARTESIAN_POINT('',(21.14,0.508));
#2072 = CARTESIAN_POINT('',(21.14,1.287422863406));
#2073 = CARTESIAN_POINT('',(21.815,0.897711431703));
#2074 = CARTESIAN_POINT('',(22.49,0.508));
#2075 = CARTESIAN_POINT('',(21.815,0.118288568297));
#2076 = CARTESIAN_POINT('',(21.14,-0.271422863406));
#2077 = CARTESIAN_POINT('',(21.14,0.508));
#2078 = ( GEOMETRIC_REPRESENTATION_CONTEXT(2) 
PARAMETRIC_REPRESENTATION_CONTEXT() REPRESENTATION_CONTEXT('2D SPACE',''
  ) );
#2079 = PCURVE('',#1193,#2080);
#2080 = DEFINITIONAL_REPRESENTATION('',(#2081),#2085);
#2081 = LINE('',#2082,#2083);
#2082 = CARTESIAN_POINT('',(0.,1.61));
#2083 = VECTOR('',#2084,1.);
#2084 = DIRECTION('',(1.,0.));
#2085 = ( GEOMETRIC_REPRESENTATION_CONTEXT(2) 
PARAMETRIC_REPRESENTATION_CONTEXT() REPRESENTATION_CONTEXT('2D SPACE',''
  ) );
#2086 = FACE_BOUND('',#2087,.F.);
#2087 = EDGE_LOOP('',(#2088));
#2088 = ORIENTED_EDGE('',*,*,#2089,.T.);
#2089 = EDGE_CURVE('',#2090,#2090,#2092,.T.);
#2090 = VERTEX_POINT('',#2091);
#2091 = CARTESIAN_POINT('',(6.8,18.288,1.6));
#2092 = SURFACE_CURVE('',#2093,(#2098,#2109),.PCURVE_S1.);
#2093 = CIRCLE('',#2094,0.45);
#2094 = AXIS2_PLACEMENT_3D('',#2095,#2096,#2097);
#2095 = CARTESIAN_POINT('',(6.35,18.288,1.6));
#2096 = DIRECTION('',(0.,0.,1.));
#2097 = DIRECTION('',(1.,0.,-0.));
#2098 = PCURVE('',#90,#2099);
#2099 = DEFINITIONAL_REPRESENTATION('',(#2100),#2108);
#2100 = ( BOUNDED_CURVE() B_SPLINE_CURVE(2,(#2101,#2102,#2103,#2104,
#2105,#2106,#2107),.UNSPECIFIED.,.T.,.F.) B_SPLINE_CURVE_WITH_KNOTS((1,2
    ,2,2,2,1),(-2.094395102393,0.,2.094395102393,4.188790204786,
6.28318530718,8.377580409573),.UNSPECIFIED.) CURVE() 
GEOMETRIC_REPRESENTATION_ITEM() RATIONAL_B_SPLINE_CURVE((1.,0.5,1.,0.5,
1.,0.5,1.)) REPRESENTATION_ITEM('') );
#2101 = CARTESIAN_POINT('',(18.6,3.048));
#2102 = CARTESIAN_POINT('',(18.6,3.827422863406));
#2103 = CARTESIAN_POINT('',(19.275,3.437711431703));
#2104 = CARTESIAN_POINT('',(19.95,3.048));
#2105 = CARTESIAN_POINT('',(19.275,2.658288568297));
#2106 = CARTESIAN_POINT('',(18.6,2.268577136594));
#2107 = CARTESIAN_POINT('',(18.6,3.048));
#2108 = ( GEOMETRIC_REPRESENTATION_CONTEXT(2) 
PARAMETRIC_REPRESENTATION_CONTEXT() REPRESENTATION_CONTEXT('2D SPACE',''
  ) );
#2109 = PCURVE('',#1228,#2110);
#2110 = DEFINITIONAL_REPRESENTATION('',(#2111),#2115);
#2111 = LINE('',#2112,#2113);
#2112 = CARTESIAN_POINT('',(0.,1.61));
#2113 = VECTOR('',#2114,1.);
#2114 = DIRECTION('',(1.,0.));
#2115 = ( GEOMETRIC_REPRESENTATION_CONTEXT(2) 
PARAMETRIC_REPRESENTATION_CONTEXT() REPRESENTATION_CONTEXT('2D SPACE',''
  ) );
#2116 = FACE_BOUND('',#2117,.F.);
#2117 = EDGE_LOOP('',(#2118));
#2118 = ORIENTED_EDGE('',*,*,#2119,.T.);
#2119 = EDGE_CURVE('',#2120,#2120,#2122,.T.);
#2120 = VERTEX_POINT('',#2121);
#2121 = CARTESIAN_POINT('',(4.26,18.288,1.6));
#2122 = SURFACE_CURVE('',#2123,(#2128,#2139),.PCURVE_S1.);
#2123 = CIRCLE('',#2124,0.45);
#2124 = AXIS2_PLACEMENT_3D('',#2125,#2126,#2127);
#2125 = CARTESIAN_POINT('',(3.81,18.288,1.6));
#2126 = DIRECTION('',(0.,0.,1.));
#2127 = DIRECTION('',(1.,0.,-0.));
#2128 = PCURVE('',#90,#2129);
#2129 = DEFINITIONAL_REPRESENTATION('',(#2130),#2138);
#2130 = ( BOUNDED_CURVE() B_SPLINE_CURVE(2,(#2131,#2132,#2133,#2134,
#2135,#2136,#2137),.UNSPECIFIED.,.T.,.F.) B_SPLINE_CURVE_WITH_KNOTS((1,2
    ,2,2,2,1),(-2.094395102393,0.,2.094395102393,4.188790204786,
6.28318530718,8.377580409573),.UNSPECIFIED.) CURVE() 
GEOMETRIC_REPRESENTATION_ITEM() RATIONAL_B_SPLINE_CURVE((1.,0.5,1.,0.5,
1.,0.5,1.)) REPRESENTATION_ITEM('') );
#2131 = CARTESIAN_POINT('',(21.14,3.048));
#2132 = CARTESIAN_POINT('',(21.14,3.827422863406));
#2133 = CARTESIAN_POINT('',(21.815,3.437711431703));
#2134 = CARTESIAN_POINT('',(22.49,3.048));
#2135 = CARTESIAN_POINT('',(21.815,2.658288568297));
#2136 = CARTESIAN_POINT('',(21.14,2.268577136594));
#2137 = CARTESIAN_POINT('',(21.14,3.048));
#2138 = ( GEOMETRIC_REPRESENTATION_CONTEXT(2) 
PARAMETRIC_REPRESENTATION_CONTEXT() REPRESENTATION_CONTEXT('2D SPACE',''
  ) );
#2139 = PCURVE('',#1263,#2140);
#2140 = DEFINITIONAL_REPRESENTATION('',(#2141),#2145);
#2141 = LINE('',#2142,#2143);
#2142 = CARTESIAN_POINT('',(0.,1.61));
#2143 = VECTOR('',#2144,1.);
#2144 = DIRECTION('',(1.,0.));
#2145 = ( GEOMETRIC_REPRESENTATION_CONTEXT(2) 
PARAMETRIC_REPRESENTATION_CONTEXT() REPRESENTATION_CONTEXT('2D SPACE',''
  ) );
#2146 = FACE_BOUND('',#2147,.F.);
#2147 = EDGE_LOOP('',(#2148));
#2148 = ORIENTED_EDGE('',*,*,#2149,.T.);
#2149 = EDGE_CURVE('',#2150,#2150,#2152,.T.);
#2150 = VERTEX_POINT('',#2151);
#2151 = CARTESIAN_POINT('',(6.58,25.4,1.6));
#2152 = SURFACE_CURVE('',#2153,(#2158,#2169),.PCURVE_S1.);
#2153 = CIRCLE('',#2154,1.5);
#2154 = AXIS2_PLACEMENT_3D('',#2155,#2156,#2157);
#2155 = CARTESIAN_POINT('',(5.08,25.4,1.6));
#2156 = DIRECTION('',(0.,0.,1.));
#2157 = DIRECTION('',(1.,0.,-0.));
#2158 = PCURVE('',#90,#2159);
#2159 = DEFINITIONAL_REPRESENTATION('',(#2160),#2168);
#2160 = ( BOUNDED_CURVE() B_SPLINE_CURVE(2,(#2161,#2162,#2163,#2164,
#2165,#2166,#2167),.UNSPECIFIED.,.T.,.F.) B_SPLINE_CURVE_WITH_KNOTS((1,2
    ,2,2,2,1),(-2.094395102393,0.,2.094395102393,4.188790204786,
6.28318530718,8.377580409573),.UNSPECIFIED.) CURVE() 
GEOMETRIC_REPRESENTATION_ITEM() RATIONAL_B_SPLINE_CURVE((1.,0.5,1.,0.5,
1.,0.5,1.)) REPRESENTATION_ITEM('') );
#2161 = CARTESIAN_POINT('',(18.82,10.16));
#2162 = CARTESIAN_POINT('',(18.82,12.758076211353));
#2163 = CARTESIAN_POINT('',(21.07,11.459038105677));
#2164 = CARTESIAN_POINT('',(23.32,10.16));
#2165 = CARTESIAN_POINT('',(21.07,8.860961894323));
#2166 = CARTESIAN_POINT('',(18.82,7.561923788647));
#2167 = CARTESIAN_POINT('',(18.82,10.16));
#2168 = ( GEOMETRIC_REPRESENTATION_CONTEXT(2) 
PARAMETRIC_REPRESENTATION_CONTEXT() REPRESENTATION_CONTEXT('2D SPACE',''
  ) );
#2169 = PCURVE('',#1298,#2170);
#2170 = DEFINITIONAL_REPRESENTATION('',(#2171),#2175);
#2171 = LINE('',#2172,#2173);
#2172 = CARTESIAN_POINT('',(0.,1.61));
#2173 = VECTOR('',#2174,1.);
#2174 = DIRECTION('',(1.,0.));
#2175 = ( GEOMETRIC_REPRESENTATION_CONTEXT(2) 
PARAMETRIC_REPRESENTATION_CONTEXT() REPRESENTATION_CONTEXT('2D SPACE',''
  ) );
#2176 = ADVANCED_FACE('',(#2177),#177,.T.);
#2177 = FACE_BOUND('',#2178,.T.);
#2178 = EDGE_LOOP('',(#2179,#2180,#2181,#2182));
#2179 = ORIENTED_EDGE('',*,*,#259,.T.);
#2180 = ORIENTED_EDGE('',*,*,#1315,.T.);
#2181 = ORIENTED_EDGE('',*,*,#159,.F.);
#2182 = ORIENTED_EDGE('',*,*,#308,.F.);
#2183 = ADVANCED_FACE('',(#2184),#353,.F.);
#2184 = FACE_BOUND('',#2185,.F.);
#2185 = EDGE_LOOP('',(#2186,#2187,#2208,#2209));
#2186 = ORIENTED_EDGE('',*,*,#1339,.F.);
#2187 = ORIENTED_EDGE('',*,*,#2188,.F.);
#2188 = EDGE_CURVE('',#333,#1340,#2189,.T.);
#2189 = SEAM_CURVE('',#2190,(#2194,#2201),.PCURVE_S1.);
#2190 = LINE('',#2191,#2192);
#2191 = CARTESIAN_POINT('',(47.22,5.08,-1.E-02));
#2192 = VECTOR('',#2193,1.);
#2193 = DIRECTION('',(0.,0.,1.));
#2194 = PCURVE('',#353,#2195);
#2195 = DEFINITIONAL_REPRESENTATION('',(#2196),#2200);
#2196 = LINE('',#2197,#2198);
#2197 = CARTESIAN_POINT('',(6.28318530718,-0.));
#2198 = VECTOR('',#2199,1.);
#2199 = DIRECTION('',(0.,1.));
#2200 = ( GEOMETRIC_REPRESENTATION_CONTEXT(2) 
PARAMETRIC_REPRESENTATION_CONTEXT() REPRESENTATION_CONTEXT('2D SPACE',''
  ) );
#2201 = PCURVE('',#353,#2202);
#2202 = DEFINITIONAL_REPRESENTATION('',(#2203),#2207);
#2203 = LINE('',#2204,#2205);
#2204 = CARTESIAN_POINT('',(0.,-0.));
#2205 = VECTOR('',#2206,1.);
#2206 = DIRECTION('',(0.,1.));
#2207 = ( GEOMETRIC_REPRESENTATION_CONTEXT(2) 
PARAMETRIC_REPRESENTATION_CONTEXT() REPRESENTATION_CONTEXT('2D SPACE',''
  ) );
#2208 = ORIENTED_EDGE('',*,*,#332,.T.);
#2209 = ORIENTED_EDGE('',*,*,#2188,.T.);
#2210 = ADVANCED_FACE('',(#2211),#388,.F.);
#2211 = FACE_BOUND('',#2212,.F.);
#2212 = EDGE_LOOP('',(#2213,#2214,#2235,#2236));
#2213 = ORIENTED_EDGE('',*,*,#1369,.F.);
#2214 = ORIENTED_EDGE('',*,*,#2215,.F.);
#2215 = EDGE_CURVE('',#368,#1370,#2216,.T.);
#2216 = SEAM_CURVE('',#2217,(#2221,#2228),.PCURVE_S1.);
#2217 = LINE('',#2218,#2219);
#2218 = CARTESIAN_POINT('',(38.804,2.54,-1.E-02));
#2219 = VECTOR('',#2220,1.);
#2220 = DIRECTION('',(0.,0.,1.));
#2221 = PCURVE('',#388,#2222);
#2222 = DEFINITIONAL_REPRESENTATION('',(#2223),#2227);
#2223 = LINE('',#2224,#2225);
#2224 = CARTESIAN_POINT('',(6.28318530718,-0.));
#2225 = VECTOR('',#2226,1.);
#2226 = DIRECTION('',(0.,1.));
#2227 = ( GEOMETRIC_REPRESENTATION_CONTEXT(2) 
PARAMETRIC_REPRESENTATION_CONTEXT() REPRESENTATION_CONTEXT('2D SPACE',''
  ) );
#2228 = PCURVE('',#388,#2229);
#2229 = DEFINITIONAL_REPRESENTATION('',(#2230),#2234);
#2230 = LINE('',#2231,#2232);
#2231 = CARTESIAN_POINT('',(0.,-0.));
#2232 = VECTOR('',#2233,1.);
#2233 = DIRECTION('',(0.,1.));
#2234 = ( GEOMETRIC_REPRESENTATION_CONTEXT(2) 
PARAMETRIC_REPRESENTATION_CONTEXT() REPRESENTATION_CONTEXT('2D SPACE',''
  ) );
#2235 = ORIENTED_EDGE('',*,*,#367,.T.);
#2236 = ORIENTED_EDGE('',*,*,#2215,.T.);
#2237 = ADVANCED_FACE('',(#2238),#423,.F.);
#2238 = FACE_BOUND('',#2239,.F.);
#2239 = EDGE_LOOP('',(#2240,#2241,#2262,#2263));
#2240 = ORIENTED_EDGE('',*,*,#1399,.F.);
#2241 = ORIENTED_EDGE('',*,*,#2242,.F.);
#2242 = EDGE_CURVE('',#403,#1400,#2243,.T.);
#2243 = SEAM_CURVE('',#2244,(#2248,#2255),.PCURVE_S1.);
#2244 = LINE('',#2245,#2246);
#2245 = CARTESIAN_POINT('',(38.804,5.08,-1.E-02));
#2246 = VECTOR('',#2247,1.);
#2247 = DIRECTION('',(0.,0.,1.));
#2248 = PCURVE('',#423,#2249);
#2249 = DEFINITIONAL_REPRESENTATION('',(#2250),#2254);
#2250 = LINE('',#2251,#2252);
#2251 = CARTESIAN_POINT('',(6.28318530718,-0.));
#2252 = VECTOR('',#2253,1.);
#2253 = DIRECTION('',(0.,1.));
#2254 = ( GEOMETRIC_REPRESENTATION_CONTEXT(2) 
PARAMETRIC_REPRESENTATION_CONTEXT() REPRESENTATION_CONTEXT('2D SPACE',''
  ) );
#2255 = PCURVE('',#423,#2256);
#2256 = DEFINITIONAL_REPRESENTATION('',(#2257),#2261);
#2257 = LINE('',#2258,#2259);
#2258 = CARTESIAN_POINT('',(0.,-0.));
#2259 = VECTOR('',#2260,1.);
#2260 = DIRECTION('',(0.,1.));
#2261 = ( GEOMETRIC_REPRESENTATION_CONTEXT(2) 
PARAMETRIC_REPRESENTATION_CONTEXT() REPRESENTATION_CONTEXT('2D SPACE',''
  ) );
#2262 = ORIENTED_EDGE('',*,*,#402,.T.);
#2263 = ORIENTED_EDGE('',*,*,#2242,.T.);
#2264 = ADVANCED_FACE('',(#2265),#458,.F.);
#2265 = FACE_BOUND('',#2266,.F.);
#2266 = EDGE_LOOP('',(#2267,#2268,#2289,#2290));
#2267 = ORIENTED_EDGE('',*,*,#1429,.F.);
#2268 = ORIENTED_EDGE('',*,*,#2269,.F.);
#2269 = EDGE_CURVE('',#438,#1430,#2270,.T.);
#2270 = SEAM_CURVE('',#2271,(#2275,#2282),.PCURVE_S1.);
#2271 = LINE('',#2272,#2273);
#2272 = CARTESIAN_POINT('',(36.264,2.54,-1.E-02));
#2273 = VECTOR('',#2274,1.);
#2274 = DIRECTION('',(0.,0.,1.));
#2275 = PCURVE('',#458,#2276);
#2276 = DEFINITIONAL_REPRESENTATION('',(#2277),#2281);
#2277 = LINE('',#2278,#2279);
#2278 = CARTESIAN_POINT('',(6.28318530718,-0.));
#2279 = VECTOR('',#2280,1.);
#2280 = DIRECTION('',(0.,1.));
#2281 = ( GEOMETRIC_REPRESENTATION_CONTEXT(2) 
PARAMETRIC_REPRESENTATION_CONTEXT() REPRESENTATION_CONTEXT('2D SPACE',''
  ) );
#2282 = PCURVE('',#458,#2283);
#2283 = DEFINITIONAL_REPRESENTATION('',(#2284),#2288);
#2284 = LINE('',#2285,#2286);
#2285 = CARTESIAN_POINT('',(0.,-0.));
#2286 = VECTOR('',#2287,1.);
#2287 = DIRECTION('',(0.,1.));
#2288 = ( GEOMETRIC_REPRESENTATION_CONTEXT(2) 
PARAMETRIC_REPRESENTATION_CONTEXT() REPRESENTATION_CONTEXT('2D SPACE',''
  ) );
#2289 = ORIENTED_EDGE('',*,*,#437,.T.);
#2290 = ORIENTED_EDGE('',*,*,#2269,.T.);
#2291 = ADVANCED_FACE('',(#2292),#493,.F.);
#2292 = FACE_BOUND('',#2293,.F.);
#2293 = EDGE_LOOP('',(#2294,#2295,#2316,#2317));
#2294 = ORIENTED_EDGE('',*,*,#1459,.F.);
#2295 = ORIENTED_EDGE('',*,*,#2296,.F.);
#2296 = EDGE_CURVE('',#473,#1460,#2297,.T.);
#2297 = SEAM_CURVE('',#2298,(#2302,#2309),.PCURVE_S1.);
#2298 = LINE('',#2299,#2300);
#2299 = CARTESIAN_POINT('',(33.724,2.54,-1.E-02));
#2300 = VECTOR('',#2301,1.);
#2301 = DIRECTION('',(0.,0.,1.));
#2302 = PCURVE('',#493,#2303);
#2303 = DEFINITIONAL_REPRESENTATION('',(#2304),#2308);
#2304 = LINE('',#2305,#2306);
#2305 = CARTESIAN_POINT('',(6.28318530718,-0.));
#2306 = VECTOR('',#2307,1.);
#2307 = DIRECTION('',(0.,1.));
#2308 = ( GEOMETRIC_REPRESENTATION_CONTEXT(2) 
PARAMETRIC_REPRESENTATION_CONTEXT() REPRESENTATION_CONTEXT('2D SPACE',''
  ) );
#2309 = PCURVE('',#493,#2310);
#2310 = DEFINITIONAL_REPRESENTATION('',(#2311),#2315);
#2311 = LINE('',#2312,#2313);
#2312 = CARTESIAN_POINT('',(0.,-0.));
#2313 = VECTOR('',#2314,1.);
#2314 = DIRECTION('',(0.,1.));
#2315 = ( GEOMETRIC_REPRESENTATION_CONTEXT(2) 
PARAMETRIC_REPRESENTATION_CONTEXT() REPRESENTATION_CONTEXT('2D SPACE',''
  ) );
#2316 = ORIENTED_EDGE('',*,*,#472,.T.);
#2317 = ORIENTED_EDGE('',*,*,#2296,.T.);
#2318 = ADVANCED_FACE('',(#2319),#528,.F.);
#2319 = FACE_BOUND('',#2320,.F.);
#2320 = EDGE_LOOP('',(#2321,#2322,#2343,#2344));
#2321 = ORIENTED_EDGE('',*,*,#1489,.F.);
#2322 = ORIENTED_EDGE('',*,*,#2323,.F.);
#2323 = EDGE_CURVE('',#508,#1490,#2324,.T.);
#2324 = SEAM_CURVE('',#2325,(#2329,#2336),.PCURVE_S1.);
#2325 = LINE('',#2326,#2327);
#2326 = CARTESIAN_POINT('',(36.264,5.08,-1.E-02));
#2327 = VECTOR('',#2328,1.);
#2328 = DIRECTION('',(0.,0.,1.));
#2329 = PCURVE('',#528,#2330);
#2330 = DEFINITIONAL_REPRESENTATION('',(#2331),#2335);
#2331 = LINE('',#2332,#2333);
#2332 = CARTESIAN_POINT('',(6.28318530718,-0.));
#2333 = VECTOR('',#2334,1.);
#2334 = DIRECTION('',(0.,1.));
#2335 = ( GEOMETRIC_REPRESENTATION_CONTEXT(2) 
PARAMETRIC_REPRESENTATION_CONTEXT() REPRESENTATION_CONTEXT('2D SPACE',''
  ) );
#2336 = PCURVE('',#528,#2337);
#2337 = DEFINITIONAL_REPRESENTATION('',(#2338),#2342);
#2338 = LINE('',#2339,#2340);
#2339 = CARTESIAN_POINT('',(0.,-0.));
#2340 = VECTOR('',#2341,1.);
#2341 = DIRECTION('',(0.,1.));
#2342 = ( GEOMETRIC_REPRESENTATION_CONTEXT(2) 
PARAMETRIC_REPRESENTATION_CONTEXT() REPRESENTATION_CONTEXT('2D SPACE',''
  ) );
#2343 = ORIENTED_EDGE('',*,*,#507,.T.);
#2344 = ORIENTED_EDGE('',*,*,#2323,.T.);
#2345 = ADVANCED_FACE('',(#2346),#563,.F.);
#2346 = FACE_BOUND('',#2347,.F.);
#2347 = EDGE_LOOP('',(#2348,#2349,#2370,#2371));
#2348 = ORIENTED_EDGE('',*,*,#1519,.F.);
#2349 = ORIENTED_EDGE('',*,*,#2350,.F.);
#2350 = EDGE_CURVE('',#543,#1520,#2351,.T.);
#2351 = SEAM_CURVE('',#2352,(#2356,#2363),.PCURVE_S1.);
#2352 = LINE('',#2353,#2354);
#2353 = CARTESIAN_POINT('',(33.724,5.08,-1.E-02));
#2354 = VECTOR('',#2355,1.);
#2355 = DIRECTION('',(0.,0.,1.));
#2356 = PCURVE('',#563,#2357);
#2357 = DEFINITIONAL_REPRESENTATION('',(#2358),#2362);
#2358 = LINE('',#2359,#2360);
#2359 = CARTESIAN_POINT('',(6.28318530718,-0.));
#2360 = VECTOR('',#2361,1.);
#2361 = DIRECTION('',(0.,1.));
#2362 = ( GEOMETRIC_REPRESENTATION_CONTEXT(2) 
PARAMETRIC_REPRESENTATION_CONTEXT() REPRESENTATION_CONTEXT('2D SPACE',''
  ) );
#2363 = PCURVE('',#563,#2364);
#2364 = DEFINITIONAL_REPRESENTATION('',(#2365),#2369);
#2365 = LINE('',#2366,#2367);
#2366 = CARTESIAN_POINT('',(0.,-0.));
#2367 = VECTOR('',#2368,1.);
#2368 = DIRECTION('',(0.,1.));
#2369 = ( GEOMETRIC_REPRESENTATION_CONTEXT(2) 
PARAMETRIC_REPRESENTATION_CONTEXT() REPRESENTATION_CONTEXT('2D SPACE',''
  ) );
#2370 = ORIENTED_EDGE('',*,*,#542,.T.);
#2371 = ORIENTED_EDGE('',*,*,#2350,.T.);
#2372 = ADVANCED_FACE('',(#2373),#598,.F.);
#2373 = FACE_BOUND('',#2374,.F.);
#2374 = EDGE_LOOP('',(#2375,#2376,#2397,#2398));
#2375 = ORIENTED_EDGE('',*,*,#1549,.F.);
#2376 = ORIENTED_EDGE('',*,*,#2377,.F.);
#2377 = EDGE_CURVE('',#578,#1550,#2378,.T.);
#2378 = SEAM_CURVE('',#2379,(#2383,#2390),.PCURVE_S1.);
#2379 = LINE('',#2380,#2381);
#2380 = CARTESIAN_POINT('',(31.184,2.54,-1.E-02));
#2381 = VECTOR('',#2382,1.);
#2382 = DIRECTION('',(0.,0.,1.));
#2383 = PCURVE('',#598,#2384);
#2384 = DEFINITIONAL_REPRESENTATION('',(#2385),#2389);
#2385 = LINE('',#2386,#2387);
#2386 = CARTESIAN_POINT('',(6.28318530718,-0.));
#2387 = VECTOR('',#2388,1.);
#2388 = DIRECTION('',(0.,1.));
#2389 = ( GEOMETRIC_REPRESENTATION_CONTEXT(2) 
PARAMETRIC_REPRESENTATION_CONTEXT() REPRESENTATION_CONTEXT('2D SPACE',''
  ) );
#2390 = PCURVE('',#598,#2391);
#2391 = DEFINITIONAL_REPRESENTATION('',(#2392),#2396);
#2392 = LINE('',#2393,#2394);
#2393 = CARTESIAN_POINT('',(0.,-0.));
#2394 = VECTOR('',#2395,1.);
#2395 = DIRECTION('',(0.,1.));
#2396 = ( GEOMETRIC_REPRESENTATION_CONTEXT(2) 
PARAMETRIC_REPRESENTATION_CONTEXT() REPRESENTATION_CONTEXT('2D SPACE',''
  ) );
#2397 = ORIENTED_EDGE('',*,*,#577,.T.);
#2398 = ORIENTED_EDGE('',*,*,#2377,.T.);
#2399 = ADVANCED_FACE('',(#2400),#633,.F.);
#2400 = FACE_BOUND('',#2401,.F.);
#2401 = EDGE_LOOP('',(#2402,#2403,#2424,#2425));
#2402 = ORIENTED_EDGE('',*,*,#1579,.F.);
#2403 = ORIENTED_EDGE('',*,*,#2404,.F.);
#2404 = EDGE_CURVE('',#613,#1580,#2405,.T.);
#2405 = SEAM_CURVE('',#2406,(#2410,#2417),.PCURVE_S1.);
#2406 = LINE('',#2407,#2408);
#2407 = CARTESIAN_POINT('',(28.644,2.54,-1.E-02));
#2408 = VECTOR('',#2409,1.);
#2409 = DIRECTION('',(0.,0.,1.));
#2410 = PCURVE('',#633,#2411);
#2411 = DEFINITIONAL_REPRESENTATION('',(#2412),#2416);
#2412 = LINE('',#2413,#2414);
#2413 = CARTESIAN_POINT('',(6.28318530718,-0.));
#2414 = VECTOR('',#2415,1.);
#2415 = DIRECTION('',(0.,1.));
#2416 = ( GEOMETRIC_REPRESENTATION_CONTEXT(2) 
PARAMETRIC_REPRESENTATION_CONTEXT() REPRESENTATION_CONTEXT('2D SPACE',''
  ) );
#2417 = PCURVE('',#633,#2418);
#2418 = DEFINITIONAL_REPRESENTATION('',(#2419),#2423);
#2419 = LINE('',#2420,#2421);
#2420 = CARTESIAN_POINT('',(0.,-0.));
#2421 = VECTOR('',#2422,1.);
#2422 = DIRECTION('',(0.,1.));
#2423 = ( GEOMETRIC_REPRESENTATION_CONTEXT(2) 
PARAMETRIC_REPRESENTATION_CONTEXT() REPRESENTATION_CONTEXT('2D SPACE',''
  ) );
#2424 = ORIENTED_EDGE('',*,*,#612,.T.);
#2425 = ORIENTED_EDGE('',*,*,#2404,.T.);
#2426 = ADVANCED_FACE('',(#2427),#668,.F.);
#2427 = FACE_BOUND('',#2428,.F.);
#2428 = EDGE_LOOP('',(#2429,#2430,#2451,#2452));
#2429 = ORIENTED_EDGE('',*,*,#1609,.F.);
#2430 = ORIENTED_EDGE('',*,*,#2431,.F.);
#2431 = EDGE_CURVE('',#648,#1610,#2432,.T.);
#2432 = SEAM_CURVE('',#2433,(#2437,#2444),.PCURVE_S1.);
#2433 = LINE('',#2434,#2435);
#2434 = CARTESIAN_POINT('',(31.184,5.08,-1.E-02));
#2435 = VECTOR('',#2436,1.);
#2436 = DIRECTION('',(0.,0.,1.));
#2437 = PCURVE('',#668,#2438);
#2438 = DEFINITIONAL_REPRESENTATION('',(#2439),#2443);
#2439 = LINE('',#2440,#2441);
#2440 = CARTESIAN_POINT('',(6.28318530718,-0.));
#2441 = VECTOR('',#2442,1.);
#2442 = DIRECTION('',(0.,1.));
#2443 = ( GEOMETRIC_REPRESENTATION_CONTEXT(2) 
PARAMETRIC_REPRESENTATION_CONTEXT() REPRESENTATION_CONTEXT('2D SPACE',''
  ) );
#2444 = PCURVE('',#668,#2445);
#2445 = DEFINITIONAL_REPRESENTATION('',(#2446),#2450);
#2446 = LINE('',#2447,#2448);
#2447 = CARTESIAN_POINT('',(0.,-0.));
#2448 = VECTOR('',#2449,1.);
#2449 = DIRECTION('',(0.,1.));
#2450 = ( GEOMETRIC_REPRESENTATION_CONTEXT(2) 
PARAMETRIC_REPRESENTATION_CONTEXT() REPRESENTATION_CONTEXT('2D SPACE',''
  ) );
#2451 = ORIENTED_EDGE('',*,*,#647,.T.);
#2452 = ORIENTED_EDGE('',*,*,#2431,.T.);
#2453 = ADVANCED_FACE('',(#2454),#703,.F.);
#2454 = FACE_BOUND('',#2455,.F.);
#2455 = EDGE_LOOP('',(#2456,#2457,#2478,#2479));
#2456 = ORIENTED_EDGE('',*,*,#1639,.F.);
#2457 = ORIENTED_EDGE('',*,*,#2458,.F.);
#2458 = EDGE_CURVE('',#683,#1640,#2459,.T.);
#2459 = SEAM_CURVE('',#2460,(#2464,#2471),.PCURVE_S1.);
#2460 = LINE('',#2461,#2462);
#2461 = CARTESIAN_POINT('',(28.644,5.08,-1.E-02));
#2462 = VECTOR('',#2463,1.);
#2463 = DIRECTION('',(0.,0.,1.));
#2464 = PCURVE('',#703,#2465);
#2465 = DEFINITIONAL_REPRESENTATION('',(#2466),#2470);
#2466 = LINE('',#2467,#2468);
#2467 = CARTESIAN_POINT('',(6.28318530718,-0.));
#2468 = VECTOR('',#2469,1.);
#2469 = DIRECTION('',(0.,1.));
#2470 = ( GEOMETRIC_REPRESENTATION_CONTEXT(2) 
PARAMETRIC_REPRESENTATION_CONTEXT() REPRESENTATION_CONTEXT('2D SPACE',''
  ) );
#2471 = PCURVE('',#703,#2472);
#2472 = DEFINITIONAL_REPRESENTATION('',(#2473),#2477);
#2473 = LINE('',#2474,#2475);
#2474 = CARTESIAN_POINT('',(0.,-0.));
#2475 = VECTOR('',#2476,1.);
#2476 = DIRECTION('',(0.,1.));
#2477 = ( GEOMETRIC_REPRESENTATION_CONTEXT(2) 
PARAMETRIC_REPRESENTATION_CONTEXT() REPRESENTATION_CONTEXT('2D SPACE',''
  ) );
#2478 = ORIENTED_EDGE('',*,*,#682,.T.);
#2479 = ORIENTED_EDGE('',*,*,#2458,.T.);
#2480 = ADVANCED_FACE('',(#2481),#738,.F.);
#2481 = FACE_BOUND('',#2482,.F.);
#2482 = EDGE_LOOP('',(#2483,#2484,#2505,#2506));
#2483 = ORIENTED_EDGE('',*,*,#1669,.F.);
#2484 = ORIENTED_EDGE('',*,*,#2485,.F.);
#2485 = EDGE_CURVE('',#718,#1670,#2486,.T.);
#2486 = SEAM_CURVE('',#2487,(#2491,#2498),.PCURVE_S1.);
#2487 = LINE('',#2488,#2489);
#2488 = CARTESIAN_POINT('',(47.694,10.668,-1.E-02));
#2489 = VECTOR('',#2490,1.);
#2490 = DIRECTION('',(0.,0.,1.));
#2491 = PCURVE('',#738,#2492);
#2492 = DEFINITIONAL_REPRESENTATION('',(#2493),#2497);
#2493 = LINE('',#2494,#2495);
#2494 = CARTESIAN_POINT('',(6.28318530718,-0.));
#2495 = VECTOR('',#2496,1.);
#2496 = DIRECTION('',(0.,1.));
#2497 = ( GEOMETRIC_REPRESENTATION_CONTEXT(2) 
PARAMETRIC_REPRESENTATION_CONTEXT() REPRESENTATION_CONTEXT('2D SPACE',''
  ) );
#2498 = PCURVE('',#738,#2499);
#2499 = DEFINITIONAL_REPRESENTATION('',(#2500),#2504);
#2500 = LINE('',#2501,#2502);
#2501 = CARTESIAN_POINT('',(0.,-0.));
#2502 = VECTOR('',#2503,1.);
#2503 = DIRECTION('',(0.,1.));
#2504 = ( GEOMETRIC_REPRESENTATION_CONTEXT(2) 
PARAMETRIC_REPRESENTATION_CONTEXT() REPRESENTATION_CONTEXT('2D SPACE',''
  ) );
#2505 = ORIENTED_EDGE('',*,*,#717,.T.);
#2506 = ORIENTED_EDGE('',*,*,#2485,.T.);
#2507 = ADVANCED_FACE('',(#2508),#773,.F.);
#2508 = FACE_BOUND('',#2509,.F.);
#2509 = EDGE_LOOP('',(#2510,#2511,#2532,#2533));
#2510 = ORIENTED_EDGE('',*,*,#1699,.F.);
#2511 = ORIENTED_EDGE('',*,*,#2512,.F.);
#2512 = EDGE_CURVE('',#753,#1700,#2513,.T.);
#2513 = SEAM_CURVE('',#2514,(#2518,#2525),.PCURVE_S1.);
#2514 = LINE('',#2515,#2516);
#2515 = CARTESIAN_POINT('',(45.154,10.668,-1.E-02));
#2516 = VECTOR('',#2517,1.);
#2517 = DIRECTION('',(0.,0.,1.));
#2518 = PCURVE('',#773,#2519);
#2519 = DEFINITIONAL_REPRESENTATION('',(#2520),#2524);
#2520 = LINE('',#2521,#2522);
#2521 = CARTESIAN_POINT('',(6.28318530718,-0.));
#2522 = VECTOR('',#2523,1.);
#2523 = DIRECTION('',(0.,1.));
#2524 = ( GEOMETRIC_REPRESENTATION_CONTEXT(2) 
PARAMETRIC_REPRESENTATION_CONTEXT() REPRESENTATION_CONTEXT('2D SPACE',''
  ) );
#2525 = PCURVE('',#773,#2526);
#2526 = DEFINITIONAL_REPRESENTATION('',(#2527),#2531);
#2527 = LINE('',#2528,#2529);
#2528 = CARTESIAN_POINT('',(0.,-0.));
#2529 = VECTOR('',#2530,1.);
#2530 = DIRECTION('',(0.,1.));
#2531 = ( GEOMETRIC_REPRESENTATION_CONTEXT(2) 
PARAMETRIC_REPRESENTATION_CONTEXT() REPRESENTATION_CONTEXT('2D SPACE',''
  ) );
#2532 = ORIENTED_EDGE('',*,*,#752,.T.);
#2533 = ORIENTED_EDGE('',*,*,#2512,.T.);
#2534 = ADVANCED_FACE('',(#2535),#808,.F.);
#2535 = FACE_BOUND('',#2536,.F.);
#2536 = EDGE_LOOP('',(#2537,#2538,#2559,#2560));
#2537 = ORIENTED_EDGE('',*,*,#1729,.F.);
#2538 = ORIENTED_EDGE('',*,*,#2539,.F.);
#2539 = EDGE_CURVE('',#788,#1730,#2540,.T.);
#2540 = SEAM_CURVE('',#2541,(#2545,#2552),.PCURVE_S1.);
#2541 = LINE('',#2542,#2543);
#2542 = CARTESIAN_POINT('',(47.694,13.208,-1.E-02));
#2543 = VECTOR('',#2544,1.);
#2544 = DIRECTION('',(0.,0.,1.));
#2545 = PCURVE('',#808,#2546);
#2546 = DEFINITIONAL_REPRESENTATION('',(#2547),#2551);
#2547 = LINE('',#2548,#2549);
#2548 = CARTESIAN_POINT('',(6.28318530718,-0.));
#2549 = VECTOR('',#2550,1.);
#2550 = DIRECTION('',(0.,1.));
#2551 = ( GEOMETRIC_REPRESENTATION_CONTEXT(2) 
PARAMETRIC_REPRESENTATION_CONTEXT() REPRESENTATION_CONTEXT('2D SPACE',''
  ) );
#2552 = PCURVE('',#808,#2553);
#2553 = DEFINITIONAL_REPRESENTATION('',(#2554),#2558);
#2554 = LINE('',#2555,#2556);
#2555 = CARTESIAN_POINT('',(0.,-0.));
#2556 = VECTOR('',#2557,1.);
#2557 = DIRECTION('',(0.,1.));
#2558 = ( GEOMETRIC_REPRESENTATION_CONTEXT(2) 
PARAMETRIC_REPRESENTATION_CONTEXT() REPRESENTATION_CONTEXT('2D SPACE',''
  ) );
#2559 = ORIENTED_EDGE('',*,*,#787,.T.);
#2560 = ORIENTED_EDGE('',*,*,#2539,.T.);
#2561 = ADVANCED_FACE('',(#2562),#843,.F.);
#2562 = FACE_BOUND('',#2563,.F.);
#2563 = EDGE_LOOP('',(#2564,#2565,#2586,#2587));
#2564 = ORIENTED_EDGE('',*,*,#1759,.F.);
#2565 = ORIENTED_EDGE('',*,*,#2566,.F.);
#2566 = EDGE_CURVE('',#823,#1760,#2567,.T.);
#2567 = SEAM_CURVE('',#2568,(#2572,#2579),.PCURVE_S1.);
#2568 = LINE('',#2569,#2570);
#2569 = CARTESIAN_POINT('',(45.154,13.208,-1.E-02));
#2570 = VECTOR('',#2571,1.);
#2571 = DIRECTION('',(0.,0.,1.));
#2572 = PCURVE('',#843,#2573);
#2573 = DEFINITIONAL_REPRESENTATION('',(#2574),#2578);
#2574 = LINE('',#2575,#2576);
#2575 = CARTESIAN_POINT('',(6.28318530718,-0.));
#2576 = VECTOR('',#2577,1.);
#2577 = DIRECTION('',(0.,1.));
#2578 = ( GEOMETRIC_REPRESENTATION_CONTEXT(2) 
PARAMETRIC_REPRESENTATION_CONTEXT() REPRESENTATION_CONTEXT('2D SPACE',''
  ) );
#2579 = PCURVE('',#843,#2580);
#2580 = DEFINITIONAL_REPRESENTATION('',(#2581),#2585);
#2581 = LINE('',#2582,#2583);
#2582 = CARTESIAN_POINT('',(0.,-0.));
#2583 = VECTOR('',#2584,1.);
#2584 = DIRECTION('',(0.,1.));
#2585 = ( GEOMETRIC_REPRESENTATION_CONTEXT(2) 
PARAMETRIC_REPRESENTATION_CONTEXT() REPRESENTATION_CONTEXT('2D SPACE',''
  ) );
#2586 = ORIENTED_EDGE('',*,*,#822,.T.);
#2587 = ORIENTED_EDGE('',*,*,#2566,.T.);
#2588 = ADVANCED_FACE('',(#2589),#878,.F.);
#2589 = FACE_BOUND('',#2590,.F.);
#2590 = EDGE_LOOP('',(#2591,#2592,#2613,#2614));
#2591 = ORIENTED_EDGE('',*,*,#1789,.F.);
#2592 = ORIENTED_EDGE('',*,*,#2593,.F.);
#2593 = EDGE_CURVE('',#858,#1790,#2594,.T.);
#2594 = SEAM_CURVE('',#2595,(#2599,#2606),.PCURVE_S1.);
#2595 = LINE('',#2596,#2597);
#2596 = CARTESIAN_POINT('',(6.58,5.08,-1.E-02));
#2597 = VECTOR('',#2598,1.);
#2598 = DIRECTION('',(0.,0.,1.));
#2599 = PCURVE('',#878,#2600);
#2600 = DEFINITIONAL_REPRESENTATION('',(#2601),#2605);
#2601 = LINE('',#2602,#2603);
#2602 = CARTESIAN_POINT('',(6.28318530718,-0.));
#2603 = VECTOR('',#2604,1.);
#2604 = DIRECTION('',(0.,1.));
#2605 = ( GEOMETRIC_REPRESENTATION_CONTEXT(2) 
PARAMETRIC_REPRESENTATION_CONTEXT() REPRESENTATION_CONTEXT('2D SPACE',''
  ) );
#2606 = PCURVE('',#878,#2607);
#2607 = DEFINITIONAL_REPRESENTATION('',(#2608),#2612);
#2608 = LINE('',#2609,#2610);
#2609 = CARTESIAN_POINT('',(0.,-0.));
#2610 = VECTOR('',#2611,1.);
#2611 = DIRECTION('',(0.,1.));
#2612 = ( GEOMETRIC_REPRESENTATION_CONTEXT(2) 
PARAMETRIC_REPRESENTATION_CONTEXT() REPRESENTATION_CONTEXT('2D SPACE',''
  ) );
#2613 = ORIENTED_EDGE('',*,*,#857,.T.);
#2614 = ORIENTED_EDGE('',*,*,#2593,.T.);
#2615 = ADVANCED_FACE('',(#2616),#913,.F.);
#2616 = FACE_BOUND('',#2617,.F.);
#2617 = EDGE_LOOP('',(#2618,#2619,#2640,#2641));
#2618 = ORIENTED_EDGE('',*,*,#1819,.F.);
#2619 = ORIENTED_EDGE('',*,*,#2620,.F.);
#2620 = EDGE_CURVE('',#893,#1820,#2621,.T.);
#2621 = SEAM_CURVE('',#2622,(#2626,#2633),.PCURVE_S1.);
#2622 = LINE('',#2623,#2624);
#2623 = CARTESIAN_POINT('',(13.99328,7.1374,-1.E-02));
#2624 = VECTOR('',#2625,1.);
#2625 = DIRECTION('',(0.,0.,1.));
#2626 = PCURVE('',#913,#2627);
#2627 = DEFINITIONAL_REPRESENTATION('',(#2628),#2632);
#2628 = LINE('',#2629,#2630);
#2629 = CARTESIAN_POINT('',(6.28318530718,-0.));
#2630 = VECTOR('',#2631,1.);
#2631 = DIRECTION('',(0.,1.));
#2632 = ( GEOMETRIC_REPRESENTATION_CONTEXT(2) 
PARAMETRIC_REPRESENTATION_CONTEXT() REPRESENTATION_CONTEXT('2D SPACE',''
  ) );
#2633 = PCURVE('',#913,#2634);
#2634 = DEFINITIONAL_REPRESENTATION('',(#2635),#2639);
#2635 = LINE('',#2636,#2637);
#2636 = CARTESIAN_POINT('',(0.,-0.));
#2637 = VECTOR('',#2638,1.);
#2638 = DIRECTION('',(0.,1.));
#2639 = ( GEOMETRIC_REPRESENTATION_CONTEXT(2) 
PARAMETRIC_REPRESENTATION_CONTEXT() REPRESENTATION_CONTEXT('2D SPACE',''
  ) );
#2640 = ORIENTED_EDGE('',*,*,#892,.T.);
#2641 = ORIENTED_EDGE('',*,*,#2620,.T.);
#2642 = ADVANCED_FACE('',(#2643),#948,.F.);
#2643 = FACE_BOUND('',#2644,.F.);
#2644 = EDGE_LOOP('',(#2645,#2646,#2667,#2668));
#2645 = ORIENTED_EDGE('',*,*,#1849,.F.);
#2646 = ORIENTED_EDGE('',*,*,#2647,.F.);
#2647 = EDGE_CURVE('',#928,#1850,#2648,.T.);
#2648 = SEAM_CURVE('',#2649,(#2653,#2660),.PCURVE_S1.);
#2649 = LINE('',#2650,#2651);
#2650 = CARTESIAN_POINT('',(13.99328,12.2174,-1.E-02));
#2651 = VECTOR('',#2652,1.);
#2652 = DIRECTION('',(0.,0.,1.));
#2653 = PCURVE('',#948,#2654);
#2654 = DEFINITIONAL_REPRESENTATION('',(#2655),#2659);
#2655 = LINE('',#2656,#2657);
#2656 = CARTESIAN_POINT('',(6.28318530718,-0.));
#2657 = VECTOR('',#2658,1.);
#2658 = DIRECTION('',(0.,1.));
#2659 = ( GEOMETRIC_REPRESENTATION_CONTEXT(2) 
PARAMETRIC_REPRESENTATION_CONTEXT() REPRESENTATION_CONTEXT('2D SPACE',''
  ) );
#2660 = PCURVE('',#948,#2661);
#2661 = DEFINITIONAL_REPRESENTATION('',(#2662),#2666);
#2662 = LINE('',#2663,#2664);
#2663 = CARTESIAN_POINT('',(0.,-0.));
#2664 = VECTOR('',#2665,1.);
#2665 = DIRECTION('',(0.,1.));
#2666 = ( GEOMETRIC_REPRESENTATION_CONTEXT(2) 
PARAMETRIC_REPRESENTATION_CONTEXT() REPRESENTATION_CONTEXT('2D SPACE',''
  ) );
#2667 = ORIENTED_EDGE('',*,*,#927,.T.);
#2668 = ORIENTED_EDGE('',*,*,#2647,.T.);
#2669 = ADVANCED_FACE('',(#2670),#983,.F.);
#2670 = FACE_BOUND('',#2671,.F.);
#2671 = EDGE_LOOP('',(#2672,#2673,#2694,#2695));
#2672 = ORIENTED_EDGE('',*,*,#1879,.F.);
#2673 = ORIENTED_EDGE('',*,*,#2674,.F.);
#2674 = EDGE_CURVE('',#963,#1880,#2675,.T.);
#2675 = SEAM_CURVE('',#2676,(#2680,#2687),.PCURVE_S1.);
#2676 = LINE('',#2677,#2678);
#2677 = CARTESIAN_POINT('',(6.8,13.208,-1.E-02));
#2678 = VECTOR('',#2679,1.);
#2679 = DIRECTION('',(0.,0.,1.));
#2680 = PCURVE('',#983,#2681);
#2681 = DEFINITIONAL_REPRESENTATION('',(#2682),#2686);
#2682 = LINE('',#2683,#2684);
#2683 = CARTESIAN_POINT('',(6.28318530718,-0.));
#2684 = VECTOR('',#2685,1.);
#2685 = DIRECTION('',(0.,1.));
#2686 = ( GEOMETRIC_REPRESENTATION_CONTEXT(2) 
PARAMETRIC_REPRESENTATION_CONTEXT() REPRESENTATION_CONTEXT('2D SPACE',''
  ) );
#2687 = PCURVE('',#983,#2688);
#2688 = DEFINITIONAL_REPRESENTATION('',(#2689),#2693);
#2689 = LINE('',#2690,#2691);
#2690 = CARTESIAN_POINT('',(0.,-0.));
#2691 = VECTOR('',#2692,1.);
#2692 = DIRECTION('',(0.,1.));
#2693 = ( GEOMETRIC_REPRESENTATION_CONTEXT(2) 
PARAMETRIC_REPRESENTATION_CONTEXT() REPRESENTATION_CONTEXT('2D SPACE',''
  ) );
#2694 = ORIENTED_EDGE('',*,*,#962,.T.);
#2695 = ORIENTED_EDGE('',*,*,#2674,.T.);
#2696 = ADVANCED_FACE('',(#2697),#1018,.F.);
#2697 = FACE_BOUND('',#2698,.F.);
#2698 = EDGE_LOOP('',(#2699,#2700,#2721,#2722));
#2699 = ORIENTED_EDGE('',*,*,#1909,.F.);
#2700 = ORIENTED_EDGE('',*,*,#2701,.F.);
#2701 = EDGE_CURVE('',#998,#1910,#2702,.T.);
#2702 = SEAM_CURVE('',#2703,(#2707,#2714),.PCURVE_S1.);
#2703 = LINE('',#2704,#2705);
#2704 = CARTESIAN_POINT('',(4.26,13.208,-1.E-02));
#2705 = VECTOR('',#2706,1.);
#2706 = DIRECTION('',(0.,0.,1.));
#2707 = PCURVE('',#1018,#2708);
#2708 = DEFINITIONAL_REPRESENTATION('',(#2709),#2713);
#2709 = LINE('',#2710,#2711);
#2710 = CARTESIAN_POINT('',(6.28318530718,-0.));
#2711 = VECTOR('',#2712,1.);
#2712 = DIRECTION('',(0.,1.));
#2713 = ( GEOMETRIC_REPRESENTATION_CONTEXT(2) 
PARAMETRIC_REPRESENTATION_CONTEXT() REPRESENTATION_CONTEXT('2D SPACE',''
  ) );
#2714 = PCURVE('',#1018,#2715);
#2715 = DEFINITIONAL_REPRESENTATION('',(#2716),#2720);
#2716 = LINE('',#2717,#2718);
#2717 = CARTESIAN_POINT('',(0.,-0.));
#2718 = VECTOR('',#2719,1.);
#2719 = DIRECTION('',(0.,1.));
#2720 = ( GEOMETRIC_REPRESENTATION_CONTEXT(2) 
PARAMETRIC_REPRESENTATION_CONTEXT() REPRESENTATION_CONTEXT('2D SPACE',''
  ) );
#2721 = ORIENTED_EDGE('',*,*,#997,.T.);
#2722 = ORIENTED_EDGE('',*,*,#2701,.T.);
#2723 = ADVANCED_FACE('',(#2724),#1053,.F.);
#2724 = FACE_BOUND('',#2725,.F.);
#2725 = EDGE_LOOP('',(#2726,#2727,#2748,#2749));
#2726 = ORIENTED_EDGE('',*,*,#1939,.F.);
#2727 = ORIENTED_EDGE('',*,*,#2728,.F.);
#2728 = EDGE_CURVE('',#1033,#1940,#2729,.T.);
#2729 = SEAM_CURVE('',#2730,(#2734,#2741),.PCURVE_S1.);
#2730 = LINE('',#2731,#2732);
#2731 = CARTESIAN_POINT('',(47.694,15.748,-1.E-02));
#2732 = VECTOR('',#2733,1.);
#2733 = DIRECTION('',(0.,0.,1.));
#2734 = PCURVE('',#1053,#2735);
#2735 = DEFINITIONAL_REPRESENTATION('',(#2736),#2740);
#2736 = LINE('',#2737,#2738);
#2737 = CARTESIAN_POINT('',(6.28318530718,-0.));
#2738 = VECTOR('',#2739,1.);
#2739 = DIRECTION('',(0.,1.));
#2740 = ( GEOMETRIC_REPRESENTATION_CONTEXT(2) 
PARAMETRIC_REPRESENTATION_CONTEXT() REPRESENTATION_CONTEXT('2D SPACE',''
  ) );
#2741 = PCURVE('',#1053,#2742);
#2742 = DEFINITIONAL_REPRESENTATION('',(#2743),#2747);
#2743 = LINE('',#2744,#2745);
#2744 = CARTESIAN_POINT('',(0.,-0.));
#2745 = VECTOR('',#2746,1.);
#2746 = DIRECTION('',(0.,1.));
#2747 = ( GEOMETRIC_REPRESENTATION_CONTEXT(2) 
PARAMETRIC_REPRESENTATION_CONTEXT() REPRESENTATION_CONTEXT('2D SPACE',''
  ) );
#2748 = ORIENTED_EDGE('',*,*,#1032,.T.);
#2749 = ORIENTED_EDGE('',*,*,#2728,.T.);
#2750 = ADVANCED_FACE('',(#2751),#1088,.F.);
#2751 = FACE_BOUND('',#2752,.F.);
#2752 = EDGE_LOOP('',(#2753,#2754,#2775,#2776));
#2753 = ORIENTED_EDGE('',*,*,#1969,.F.);
#2754 = ORIENTED_EDGE('',*,*,#2755,.F.);
#2755 = EDGE_CURVE('',#1068,#1970,#2756,.T.);
#2756 = SEAM_CURVE('',#2757,(#2761,#2768),.PCURVE_S1.);
#2757 = LINE('',#2758,#2759);
#2758 = CARTESIAN_POINT('',(45.154,15.748,-1.E-02));
#2759 = VECTOR('',#2760,1.);
#2760 = DIRECTION('',(0.,0.,1.));
#2761 = PCURVE('',#1088,#2762);
#2762 = DEFINITIONAL_REPRESENTATION('',(#2763),#2767);
#2763 = LINE('',#2764,#2765);
#2764 = CARTESIAN_POINT('',(6.28318530718,-0.));
#2765 = VECTOR('',#2766,1.);
#2766 = DIRECTION('',(0.,1.));
#2767 = ( GEOMETRIC_REPRESENTATION_CONTEXT(2) 
PARAMETRIC_REPRESENTATION_CONTEXT() REPRESENTATION_CONTEXT('2D SPACE',''
  ) );
#2768 = PCURVE('',#1088,#2769);
#2769 = DEFINITIONAL_REPRESENTATION('',(#2770),#2774);
#2770 = LINE('',#2771,#2772);
#2771 = CARTESIAN_POINT('',(0.,-0.));
#2772 = VECTOR('',#2773,1.);
#2773 = DIRECTION('',(0.,1.));
#2774 = ( GEOMETRIC_REPRESENTATION_CONTEXT(2) 
PARAMETRIC_REPRESENTATION_CONTEXT() REPRESENTATION_CONTEXT('2D SPACE',''
  ) );
#2775 = ORIENTED_EDGE('',*,*,#1067,.T.);
#2776 = ORIENTED_EDGE('',*,*,#2755,.T.);
#2777 = ADVANCED_FACE('',(#2778),#1123,.F.);
#2778 = FACE_BOUND('',#2779,.F.);
#2779 = EDGE_LOOP('',(#2780,#2781,#2802,#2803));
#2780 = ORIENTED_EDGE('',*,*,#1999,.F.);
#2781 = ORIENTED_EDGE('',*,*,#2782,.F.);
#2782 = EDGE_CURVE('',#1103,#2000,#2783,.T.);
#2783 = SEAM_CURVE('',#2784,(#2788,#2795),.PCURVE_S1.);
#2784 = LINE('',#2785,#2786);
#2785 = CARTESIAN_POINT('',(47.22,25.4,-1.E-02));
#2786 = VECTOR('',#2787,1.);
#2787 = DIRECTION('',(0.,0.,1.));
#2788 = PCURVE('',#1123,#2789);
#2789 = DEFINITIONAL_REPRESENTATION('',(#2790),#2794);
#2790 = LINE('',#2791,#2792);
#2791 = CARTESIAN_POINT('',(6.28318530718,-0.));
#2792 = VECTOR('',#2793,1.);
#2793 = DIRECTION('',(0.,1.));
#2794 = ( GEOMETRIC_REPRESENTATION_CONTEXT(2) 
PARAMETRIC_REPRESENTATION_CONTEXT() REPRESENTATION_CONTEXT('2D SPACE',''
  ) );
#2795 = PCURVE('',#1123,#2796);
#2796 = DEFINITIONAL_REPRESENTATION('',(#2797),#2801);
#2797 = LINE('',#2798,#2799);
#2798 = CARTESIAN_POINT('',(0.,-0.));
#2799 = VECTOR('',#2800,1.);
#2800 = DIRECTION('',(0.,1.));
#2801 = ( GEOMETRIC_REPRESENTATION_CONTEXT(2) 
PARAMETRIC_REPRESENTATION_CONTEXT() REPRESENTATION_CONTEXT('2D SPACE',''
  ) );
#2802 = ORIENTED_EDGE('',*,*,#1102,.T.);
#2803 = ORIENTED_EDGE('',*,*,#2782,.T.);
#2804 = ADVANCED_FACE('',(#2805),#1158,.F.);
#2805 = FACE_BOUND('',#2806,.F.);
#2806 = EDGE_LOOP('',(#2807,#2808,#2829,#2830));
#2807 = ORIENTED_EDGE('',*,*,#2029,.F.);
#2808 = ORIENTED_EDGE('',*,*,#2809,.F.);
#2809 = EDGE_CURVE('',#1138,#2030,#2810,.T.);
#2810 = SEAM_CURVE('',#2811,(#2815,#2822),.PCURVE_S1.);
#2811 = LINE('',#2812,#2813);
#2812 = CARTESIAN_POINT('',(6.8,15.748,-1.E-02));
#2813 = VECTOR('',#2814,1.);
#2814 = DIRECTION('',(0.,0.,1.));
#2815 = PCURVE('',#1158,#2816);
#2816 = DEFINITIONAL_REPRESENTATION('',(#2817),#2821);
#2817 = LINE('',#2818,#2819);
#2818 = CARTESIAN_POINT('',(6.28318530718,-0.));
#2819 = VECTOR('',#2820,1.);
#2820 = DIRECTION('',(0.,1.));
#2821 = ( GEOMETRIC_REPRESENTATION_CONTEXT(2) 
PARAMETRIC_REPRESENTATION_CONTEXT() REPRESENTATION_CONTEXT('2D SPACE',''
  ) );
#2822 = PCURVE('',#1158,#2823);
#2823 = DEFINITIONAL_REPRESENTATION('',(#2824),#2828);
#2824 = LINE('',#2825,#2826);
#2825 = CARTESIAN_POINT('',(0.,-0.));
#2826 = VECTOR('',#2827,1.);
#2827 = DIRECTION('',(0.,1.));
#2828 = ( GEOMETRIC_REPRESENTATION_CONTEXT(2) 
PARAMETRIC_REPRESENTATION_CONTEXT() REPRESENTATION_CONTEXT('2D SPACE',''
  ) );
#2829 = ORIENTED_EDGE('',*,*,#1137,.T.);
#2830 = ORIENTED_EDGE('',*,*,#2809,.T.);
#2831 = ADVANCED_FACE('',(#2832),#1193,.F.);
#2832 = FACE_BOUND('',#2833,.F.);
#2833 = EDGE_LOOP('',(#2834,#2835,#2856,#2857));
#2834 = ORIENTED_EDGE('',*,*,#2059,.F.);
#2835 = ORIENTED_EDGE('',*,*,#2836,.F.);
#2836 = EDGE_CURVE('',#1173,#2060,#2837,.T.);
#2837 = SEAM_CURVE('',#2838,(#2842,#2849),.PCURVE_S1.);
#2838 = LINE('',#2839,#2840);
#2839 = CARTESIAN_POINT('',(4.26,15.748,-1.E-02));
#2840 = VECTOR('',#2841,1.);
#2841 = DIRECTION('',(0.,0.,1.));
#2842 = PCURVE('',#1193,#2843);
#2843 = DEFINITIONAL_REPRESENTATION('',(#2844),#2848);
#2844 = LINE('',#2845,#2846);
#2845 = CARTESIAN_POINT('',(6.28318530718,-0.));
#2846 = VECTOR('',#2847,1.);
#2847 = DIRECTION('',(0.,1.));
#2848 = ( GEOMETRIC_REPRESENTATION_CONTEXT(2) 
PARAMETRIC_REPRESENTATION_CONTEXT() REPRESENTATION_CONTEXT('2D SPACE',''
  ) );
#2849 = PCURVE('',#1193,#2850);
#2850 = DEFINITIONAL_REPRESENTATION('',(#2851),#2855);
#2851 = LINE('',#2852,#2853);
#2852 = CARTESIAN_POINT('',(0.,-0.));
#2853 = VECTOR('',#2854,1.);
#2854 = DIRECTION('',(0.,1.));
#2855 = ( GEOMETRIC_REPRESENTATION_CONTEXT(2) 
PARAMETRIC_REPRESENTATION_CONTEXT() REPRESENTATION_CONTEXT('2D SPACE',''
  ) );
#2856 = ORIENTED_EDGE('',*,*,#1172,.T.);
#2857 = ORIENTED_EDGE('',*,*,#2836,.T.);
#2858 = ADVANCED_FACE('',(#2859),#1228,.F.);
#2859 = FACE_BOUND('',#2860,.F.);
#2860 = EDGE_LOOP('',(#2861,#2862,#2883,#2884));
#2861 = ORIENTED_EDGE('',*,*,#2089,.F.);
#2862 = ORIENTED_EDGE('',*,*,#2863,.F.);
#2863 = EDGE_CURVE('',#1208,#2090,#2864,.T.);
#2864 = SEAM_CURVE('',#2865,(#2869,#2876),.PCURVE_S1.);
#2865 = LINE('',#2866,#2867);
#2866 = CARTESIAN_POINT('',(6.8,18.288,-1.E-02));
#2867 = VECTOR('',#2868,1.);
#2868 = DIRECTION('',(0.,0.,1.));
#2869 = PCURVE('',#1228,#2870);
#2870 = DEFINITIONAL_REPRESENTATION('',(#2871),#2875);
#2871 = LINE('',#2872,#2873);
#2872 = CARTESIAN_POINT('',(6.28318530718,-0.));
#2873 = VECTOR('',#2874,1.);
#2874 = DIRECTION('',(0.,1.));
#2875 = ( GEOMETRIC_REPRESENTATION_CONTEXT(2) 
PARAMETRIC_REPRESENTATION_CONTEXT() REPRESENTATION_CONTEXT('2D SPACE',''
  ) );
#2876 = PCURVE('',#1228,#2877);
#2877 = DEFINITIONAL_REPRESENTATION('',(#2878),#2882);
#2878 = LINE('',#2879,#2880);
#2879 = CARTESIAN_POINT('',(0.,-0.));
#2880 = VECTOR('',#2881,1.);
#2881 = DIRECTION('',(0.,1.));
#2882 = ( GEOMETRIC_REPRESENTATION_CONTEXT(2) 
PARAMETRIC_REPRESENTATION_CONTEXT() REPRESENTATION_CONTEXT('2D SPACE',''
  ) );
#2883 = ORIENTED_EDGE('',*,*,#1207,.T.);
#2884 = ORIENTED_EDGE('',*,*,#2863,.T.);
#2885 = ADVANCED_FACE('',(#2886),#1263,.F.);
#2886 = FACE_BOUND('',#2887,.F.);
#2887 = EDGE_LOOP('',(#2888,#2889,#2910,#2911));
#2888 = ORIENTED_EDGE('',*,*,#2119,.F.);
#2889 = ORIENTED_EDGE('',*,*,#2890,.F.);
#2890 = EDGE_CURVE('',#1243,#2120,#2891,.T.);
#2891 = SEAM_CURVE('',#2892,(#2896,#2903),.PCURVE_S1.);
#2892 = LINE('',#2893,#2894);
#2893 = CARTESIAN_POINT('',(4.26,18.288,-1.E-02));
#2894 = VECTOR('',#2895,1.);
#2895 = DIRECTION('',(0.,0.,1.));
#2896 = PCURVE('',#1263,#2897);
#2897 = DEFINITIONAL_REPRESENTATION('',(#2898),#2902);
#2898 = LINE('',#2899,#2900);
#2899 = CARTESIAN_POINT('',(6.28318530718,-0.));
#2900 = VECTOR('',#2901,1.);
#2901 = DIRECTION('',(0.,1.));
#2902 = ( GEOMETRIC_REPRESENTATION_CONTEXT(2) 
PARAMETRIC_REPRESENTATION_CONTEXT() REPRESENTATION_CONTEXT('2D SPACE',''
  ) );
#2903 = PCURVE('',#1263,#2904);
#2904 = DEFINITIONAL_REPRESENTATION('',(#2905),#2909);
#2905 = LINE('',#2906,#2907);
#2906 = CARTESIAN_POINT('',(0.,-0.));
#2907 = VECTOR('',#2908,1.);
#2908 = DIRECTION('',(0.,1.));
#2909 = ( GEOMETRIC_REPRESENTATION_CONTEXT(2) 
PARAMETRIC_REPRESENTATION_CONTEXT() REPRESENTATION_CONTEXT('2D SPACE',''
  ) );
#2910 = ORIENTED_EDGE('',*,*,#1242,.T.);
#2911 = ORIENTED_EDGE('',*,*,#2890,.T.);
#2912 = ADVANCED_FACE('',(#2913),#1298,.F.);
#2913 = FACE_BOUND('',#2914,.F.);
#2914 = EDGE_LOOP('',(#2915,#2916,#2937,#2938));
#2915 = ORIENTED_EDGE('',*,*,#2149,.F.);
#2916 = ORIENTED_EDGE('',*,*,#2917,.F.);
#2917 = EDGE_CURVE('',#1278,#2150,#2918,.T.);
#2918 = SEAM_CURVE('',#2919,(#2923,#2930),.PCURVE_S1.);
#2919 = LINE('',#2920,#2921);
#2920 = CARTESIAN_POINT('',(6.58,25.4,-1.E-02));
#2921 = VECTOR('',#2922,1.);
#2922 = DIRECTION('',(0.,0.,1.));
#2923 = PCURVE('',#1298,#2924);
#2924 = DEFINITIONAL_REPRESENTATION('',(#2925),#2929);
#2925 = LINE('',#2926,#2927);
#2926 = CARTESIAN_POINT('',(6.28318530718,-0.));
#2927 = VECTOR('',#2928,1.);
#2928 = DIRECTION('',(0.,1.));
#2929 = ( GEOMETRIC_REPRESENTATION_CONTEXT(2) 
PARAMETRIC_REPRESENTATION_CONTEXT() REPRESENTATION_CONTEXT('2D SPACE',''
  ) );
#2930 = PCURVE('',#1298,#2931);
#2931 = DEFINITIONAL_REPRESENTATION('',(#2932),#2936);
#2932 = LINE('',#2933,#2934);
#2933 = CARTESIAN_POINT('',(0.,-0.));
#2934 = VECTOR('',#2935,1.);
#2935 = DIRECTION('',(0.,1.));
#2936 = ( GEOMETRIC_REPRESENTATION_CONTEXT(2) 
PARAMETRIC_REPRESENTATION_CONTEXT() REPRESENTATION_CONTEXT('2D SPACE',''
  ) );
#2937 = ORIENTED_EDGE('',*,*,#1277,.T.);
#2938 = ORIENTED_EDGE('',*,*,#2917,.T.);
#2939 = ( GEOMETRIC_REPRESENTATION_CONTEXT(3) 
GLOBAL_UNCERTAINTY_ASSIGNED_CONTEXT((#2943)) 
GLOBAL_UNIT_ASSIGNED_CONTEXT((#2940,#2941,#2942)) REPRESENTATION_CONTEXT
('Context #1','3D Context with UNIT and UNCERTAINTY') );
#2940 = ( LENGTH_UNIT() NAMED_UNIT(*) SI_UNIT(.MILLI.,.METRE.) );
#2941 = ( NAMED_UNIT(*) PLANE_ANGLE_UNIT() SI_UNIT($,.RADIAN.) );
#2942 = ( NAMED_UNIT(*) SI_UNIT($,.STERADIAN.) SOLID_ANGLE_UNIT() );
#2943 = UNCERTAINTY_MEASURE_WITH_UNIT(LENGTH_MEASURE(1.E-07),#2940,
  'distance_accuracy_value','confusion accuracy');
#2944 = CONTEXT_DEPENDENT_SHAPE_REPRESENTATION(#2945,#2947);
#2945 = ( REPRESENTATION_RELATIONSHIP('','',#32,#10) 
REPRESENTATION_RELATIONSHIP_WITH_TRANSFORMATION(#2946) 
SHAPE_REPRESENTATION_RELATIONSHIP() );
#2946 = ITEM_DEFINED_TRANSFORMATION('','',#11,#15);
#2947 = PRODUCT_DEFINITION_SHAPE('Placement','Placement of an item',
  #2948);
#2948 = NEXT_ASSEMBLY_USAGE_OCCURRENCE('1','=>[0:1:1:2]','',#5,#27,$);
#2949 = PRODUCT_RELATED_PRODUCT_CATEGORY('part',$,(#29));
#2950 = SHAPE_DEFINITION_REPRESENTATION(#2947,#2951);
#2951 = SHAPE_REPRESENTATION('',(#15),#2939);
#2952 = MECHANICAL_DESIGN_GEOMETRIC_PRESENTATION_REPRESENTATION('',(
    #2953,#2961),#2939);
#2953 = STYLED_ITEM('color',(#2954),#33);
#2954 = PRESENTATION_STYLE_ASSIGNMENT((#2955));
#2955 = SURFACE_STYLE_USAGE(.BOTH.,#2956);
#2956 = SURFACE_SIDE_STYLE('',(#2957));
#2957 = SURFACE_STYLE_FILL_AREA(#2958);
#2958 = FILL_AREA_STYLE('',(#2959));
#2959 = FILL_AREA_STYLE_COLOUR('',#2960);
#2960 = COLOUR_RGB('',0.313304153717,0.484529207832,0.410020903123);
#2961 = OVER_RIDING_STYLED_ITEM('overriding color',(#2962),#33,#2953);
#2962 = PRESENTATION_STYLE_BY_CONTEXT((#2963),#2951);
#2963 = SURFACE_STYLE_USAGE(.BOTH.,#2964);
#2964 = SURFACE_SIDE_STYLE('',(#2965));
#2965 = SURFACE_STYLE_FILL_AREA(#2966);
#2966 = FILL_AREA_STYLE('',(#2967));
#2967 = FILL_AREA_STYLE_COLOUR('',#2968);
#2968 = COLOUR_RGB('',0.313304153717,0.484529207832,0.410020903123);
ENDSEC;
END-ISO-10303-21;
